# index row_mean_final row_mean_gain_bypassed col_mean_final col_mean_gain_bypassed (ROI A, held-out flat 5)
0 1395.44925 429.03939 1389.64638 175.99805
1 1395.64560 429.83919 1389.72283 176.13900
2 1395.90114 430.89909 1389.84138 176.30827
3 1396.15694 431.98275 1389.94529 176.56478
4 1396.41741 433.33919 1389.92213 177.07878
5 1396.68097 435.62598 1389.83458 179.21257
6 1397.00280 439.21224 1392.09512 267.62109
7 1397.36929 445.11426 1394.28759 389.55143
8 1397.25410 456.81901 1394.55319 498.29948
9 1394.56457 485.97103 1394.29304 585.50846
10 1393.10679 545.22860 1394.86541 662.55404
11 1393.35224 618.97656 1395.19460 726.33138
12 1394.05294 668.93001 1395.30570 792.21582
13 1394.19268 714.62207 1395.30139 848.16439
14 1393.42999 775.56576 1395.25193 1013.24609
15 1393.96800 911.20573 1395.57528 1195.39632
16 1395.08445 1104.11003 1396.09119 1242.68294
17 1394.79848 1180.83854 1396.24277 1252.57422
18 1395.46388 1205.88704 1395.90281 1261.69043
19 1395.75101 1219.59863 1395.61270 1269.31934
20 1395.81854 1227.28060 1395.08596 1273.32438
21 1395.37473 1231.02962 1395.04142 1274.60091
22 1394.80073 1232.07585 1395.24366 1274.35872
23 1394.59385 1233.76335 1395.10497 1275.08594
24 1395.56958 1233.83496 1395.85943 1277.73893
25 1395.07206 1235.27767 1396.28040 1277.96289
26 1395.54857 1235.37598 1396.06418 1277.56641
27 1395.79461 1237.29720 1395.85270 1278.41862
28 1396.32241 1237.08984 1395.74405 1280.47526
29 1396.05203 1238.79069 1395.67961 1280.22363
30 1395.87208 1238.59245 1395.82488 1280.72420
31 1395.95426 1239.66504 1395.54937 1281.39648
32 1396.28438 1240.35807 1395.39944 1283.87044
33 1396.23950 1241.63477 1395.58418 1284.44564
34 1396.24211 1241.96419 1395.84632 1284.49902
35 1396.45484 1243.73112 1395.86933 1285.20020
36 1396.16555 1244.21875 1395.33644 1286.50098
37 1395.19020 1245.24056 1395.22022 1287.19141
38 1395.39125 1245.95410 1395.47702 1287.47843
39 1396.05565 1247.54264 1395.43347 1288.10840
40 1396.28140 1247.41439 1395.76285 1290.22428
41 1396.73092 1248.43555 1395.84480 1290.51172
42 1395.62861 1247.88770 1395.91241 1290.64209
43 1395.79169 1248.96582 1396.33807 1291.43327
44 1395.54773 1249.86393 1395.96171 1291.77246
45 1395.81311 1250.56901 1395.60234 1292.11987
46 1396.25553 1250.20833 1394.89579 1291.69019
47 1396.19887 1251.18913 1395.10368 1292.23438
48 1395.89506 1250.12988 1395.40178 1293.79818
49 1395.99350 1251.25944 1395.39047 1294.34269
50 1395.90564 1250.69824 1395.41754 1294.43034
51 1396.62793 1253.47168 1395.76960 1294.28019
52 1395.20369 1252.33203 1395.82362 1295.43294
53 1395.39788 1253.54590 1396.07789 1295.63770
54 1395.96150 1253.81999 1395.26081 1295.51237
55 1395.86148 1254.64648 1395.40235 1296.10905
56 1395.77604 1254.56673 1395.40300 1296.22038
57 1394.89060 1254.49154 1395.44264 1296.77995
58 1395.10702 1254.86816 1395.52895 1296.22298
59 1396.01344 1256.12272 1395.76388 1296.39486
60 1395.15922 1255.79557 1395.69603 1298.16927
61 1396.15901 1257.14876 1395.76555 1298.56771
62 1395.49607 1256.39583 1396.37047 1298.90169
63 1395.48714 1257.68913 1396.27254 1298.75073
64 1396.26639 1258.23275 1396.20442 1302.99479
65 1396.78331 1259.87370 1396.14132 1303.35189
66 1396.26464 1259.79622 1395.82942 1302.99121
67 1395.77596 1260.58984 1395.61664 1303.05436
68 1395.25402 1260.34440 1395.64402 1304.12923
69 1395.66796 1261.22721 1395.79871 1304.81283
70 1395.65797 1261.10156 1395.32420 1304.04199
71 1395.88631 1262.35156 1395.16440 1303.10710
72 1396.03699 1261.89193 1395.51127 1304.36458
73 1394.73887 1262.70117 1395.82380 1304.73470
74 1395.60930 1262.70671 1395.78665 1305.17611
75 1396.09835 1264.17708 1395.87778 1304.46061
76 1396.19487 1264.77669 1396.08534 1305.86393
77 1395.64910 1265.35417 1396.27047 1306.84831
78 1395.68585 1265.75098 1396.15181 1307.16146
79 1395.95059 1266.62695 1395.66666 1307.32747
80 1395.39868 1266.32520 1395.89267 1307.98128
81 1395.60356 1267.32161 1395.77626 1308.63737
82 1396.53014 1268.14355 1395.86579 1308.30729
83 1395.95967 1268.37500 1395.70507 1307.79850
84 1396.08513 1268.94010 1395.31879 1309.42049
85 1395.34366 1268.79427 1395.88472 1310.17969
86 1395.92783 1269.37077 1396.26082 1310.36035
87 1395.58721 1270.27116 1395.65841 1309.87240
88 1396.07277 1270.50879 1395.81459 1311.38281
89 1396.51545 1271.87077 1396.14123 1312.14909
90 1396.48513 1272.06868 1395.62697 1311.51172
91 1395.86159 1273.40983 1395.39950 1310.99227
92 1395.62382 1272.89681 1395.56179 1311.49186
93 1396.23947 1274.83431 1395.76102 1311.48763
94 1395.96612 1274.27897 1395.35440 1311.17611
95 1395.45012 1274.80306 1395.84658 1311.74902
96 1395.83528 1275.06803 1396.17406 1314.66813
97 1395.30710 1275.83529 1396.07025 1314.70703
98 1395.10515 1274.92057 1396.10473 1315.22298
99 1395.67992 1276.04362 1395.28674 1315.70703
100 1395.75548 1276.30924 1394.93133 1315.99805
101 1395.37878 1276.56901 1395.40780 1317.02604
102 1396.23838 1276.99870 1395.47309 1316.27279
103 1395.06278 1276.85059 1395.42433 1316.79004
104 1395.94941 1277.60091 1395.47626 1317.86979
105 1395.66025 1278.46615 1395.83420 1319.01628
106 1395.58321 1278.36100 1395.74686 1319.14421
107 1396.21356 1279.33919 1396.10373 1320.00098
108 1394.95332 1278.28223 1395.71537 1321.06047
109 1395.76020 1279.88737 1395.77965 1322.08561
110 1395.22055 1278.78939 1395.96967 1321.97070
111 1395.49210 1279.76367 1395.58536 1322.06038
112 1395.85630 1279.66016 1395.34224 1321.74674
113 1395.70118 1280.35352 1395.46781 1322.50911
114 1395.99896 1279.90747 1395.54859 1322.08854
115 1395.14956 1280.55143 1395.93485 1323.04704
116 1395.60883 1279.95215 1395.97301 1323.35612
117 1395.84242 1281.39648 1396.40299 1323.58008
118 1394.38140 1280.53158 1396.48814 1323.37500
119 1395.17802 1282.16764 1395.91609 1323.79915
120 1395.81428 1281.79036 1395.34185 1322.82357
121 1395.78988 1282.68815 1395.92230 1323.96777
122 1396.45107 1283.41667 1395.79650 1323.80420
123 1395.43487 1282.97949 1395.97391 1324.08822
124 1395.65212 1283.40560 1395.89562 1323.52913
125 1395.82257 1283.81217 1396.19146 1324.33398
126 1395.39625 1283.38932 1395.85312 1324.78483
127 1395.49830 1284.17383 1395.97396 1325.31706
128 1395.32127 1284.03882 1395.94759 1327.79850
129 1395.11512 1284.36230 1395.99530 1327.38444
130 1395.76555 1284.29362 1396.28414 1327.40430
131 1395.41690 1285.62866 1395.83447 1327.01335
132 1395.26384 1285.17643 1395.45024 1326.59310
133 1395.11826 1285.90234 1396.04409 1327.13346
134 1395.29806 1285.61654 1396.05802 1327.30575
135 1395.41698 1286.94596 1396.10947 1327.95768
136 1395.48123 1287.02181 1396.21597 1328.13346
137 1396.06593 1288.00081 1395.67142 1328.28678
138 1395.91972 1286.98861 1395.49779 1328.50098
139 1396.02229 1287.91243 1395.58715 1328.50391
140 1395.59149 1286.79753 1395.48446 1327.53516
141 1396.08147 1287.91602 1395.52981 1328.99935
142 1395.60287 1287.72461 1395.56410 1329.28971
143 1394.25719 1287.77018 1395.75355 1329.96029
144 1395.16131 1288.06974 1395.08021 1328.69987
145 1395.56880 1288.93587 1395.17344 1329.36133
146 1395.96240 1289.42692 1394.92182 1329.63078
147 1396.23653 1289.89616 1395.20928 1330.84587
148 1395.48986 1289.85050 1395.98481 1330.02767
149 1395.50458 1290.62370 1395.99274 1330.62044
150 1395.34189 1290.13021 1395.76288 1330.06283
151 1395.52923 1291.07910 1395.46919 1329.57275
152 1395.91218 1290.49902 1395.96486 1330.74056
153 1395.07438 1291.30827 1396.23988 1331.61230
154 1395.36169 1290.58008 1395.67589 1330.90072
155 1395.37025 1291.66113 1395.67659 1330.80924
156 1396.08259 1291.33789 1396.41752 1330.10091
157 1395.46734 1292.16276 1396.04197 1330.84961
158 1394.96260 1291.59440 1395.70270 1330.50326
159 1395.13195 1292.61849 1395.13459 1329.29525
160 1395.31324 1292.43424 1395.54707 1332.06673
161 1395.72772 1293.90983 1395.78460 1332.94303
162 1395.62690 1294.12174 1396.05278 1332.96973
163 1396.10311 1295.19230 1396.23439 1332.91504
164 1396.06757 1295.08203 1395.96697 1333.59408
165 1395.19038 1294.87174 1395.75159 1334.73958
166 1395.37126 1294.77507 1395.61225 1334.55762
167 1394.79555 1294.83529 1395.66076 1334.75098
168 1395.01470 1295.02824 1395.11750 1334.36751
169 1395.52877 1295.65104 1395.12891 1335.24512
170 1395.44619 1295.53255 1394.91991 1335.07186
171 1395.74011 1296.51237 1395.40996 1335.06999
172 1395.65798 1296.39225 1396.17810 1335.96549
173 1395.72820 1297.35710 1396.56533 1336.15397
174 1396.59623 1297.69206 1396.08837 1336.18815
175 1395.69316 1298.03621 1396.06263 1335.48665
176 1394.92136 1297.12142 1396.35752 1336.82064
177 1395.57477 1298.60807 1395.98090 1337.82454
178 1395.45212 1298.01693 1395.93741 1336.76237
179 1396.00978 1300.03117 1395.77536 1336.51237
180 1395.33745 1298.93978 1395.77412 1337.22786
181 1395.11512 1299.08040 1395.92723 1337.91146
182 1395.20327 1298.20215 1395.31629 1337.18066
183 1395.14616 1298.73698 1395.34634 1337.02091
184 1396.19514 1299.54102 1395.27073 1337.87297
185 1395.20434 1299.68750 1395.71223 1338.19596
186 1395.61852 1300.37801 1395.42417 1337.73958
187 1396.14299 1301.22168 1395.56621 1337.25358
188 1395.97718 1300.95280 1395.43978 1338.06022
189 1395.97554 1301.68701 1395.84555 1338.72428
190 1395.78553 1301.39355 1395.90459 1338.21777
191 1395.62497 1302.88444 1395.67274 1337.60612
192 1395.57050 1302.02865 1395.73388 1339.75423
193 1395.40402 1302.28711 1395.63208 1340.26986
194 1396.26224 1302.69531 1395.49157 1339.95703
195 1395.99402 1303.12077 1395.52478 1339.84863
196 1395.58288 1302.79525 1395.41727 1340.62321
197 1396.09644 1304.08398 1395.13449 1340.73991
198 1395.52409 1303.11003 1395.68910 1340.33464
199 1395.45428 1304.30078 1395.94192 1340.29102
200 1396.77178 1304.46712 1396.00909 1341.45052
201 1395.96577 1305.38542 1396.21372 1341.40788
202 1396.57593 1304.99447 1396.20354 1341.15755
203 1396.13150 1306.03060 1396.01885 1339.82292
204 1395.39550 1305.12826 1395.06256 1340.38281
205 1395.70809 1305.99870 1395.01688 1341.33431
206 1395.26485 1305.83724 1395.03245 1341.86165
207 1395.81991 1306.83496 1395.36880 1342.21810
208 1395.77713 1306.64095 1395.49051 1343.13639
209 1395.67018 1306.78190 1396.16229 1343.15853
210 1396.22889 1307.17871 1395.69037 1342.94401
211 1395.68529 1307.37142 1395.73845 1342.95443
212 1395.28790 1306.94792 1396.19375 1343.51335
213 1396.09271 1308.30990 1395.99111 1343.25643
214 1396.20978 1308.16602 1396.15468 1343.13542
215 1396.01610 1308.83757 1396.53153 1343.34505
216 1395.88372 1308.27539 1396.32051 1343.67708
217 1395.98294 1309.53353 1396.28330 1343.51693
218 1395.43498 1309.54557 1396.07304 1343.00944
219 1395.86581 1310.93294 1395.81146 1342.50521
220 1396.04097 1310.10124 1396.20308 1343.74512
221 1395.74638 1311.04460 1395.81537 1344.50684
222 1395.32171 1310.34863 1395.77117 1344.20768
223 1395.21091 1310.81348 1395.93375 1343.78809
224 1396.23631 1311.00488 1396.11026 1347.28735
225 1396.20922 1311.59277 1396.41225 1348.24870
226 1395.58742 1311.35254 1396.07406 1346.87826
227 1395.93270 1312.14323 1396.25493 1345.97168
228 1395.97206 1311.91309 1396.42534 1347.77539
229 1396.03526 1312.74162 1395.62003 1347.32129
230 1395.26456 1312.59896 1394.91272 1346.75684
231 1394.56848 1312.63916 1395.47737 1346.78841
232 1395.72424 1313.40120 1395.73334 1347.91276
233 1395.62343 1313.68099 1395.30869 1347.88932
234 1395.23852 1313.66496 1395.99463 1348.32650
235 1395.61607 1314.60449 1396.23936 1348.59212
236 1395.15183 1313.80990 1395.93470 1348.45361
237 1396.33229 1314.94466 1395.85016 1348.47754
238 1395.67783 1313.70736 1395.93533 1348.46842
239 1395.76329 1315.00326 1395.70144 1348.13704
240 1395.24367 1314.28581 1395.85927 1350.43750
241 1394.89553 1315.39583 1395.87168 1349.32129
242 1395.90013 1315.63509 1395.88993 1349.57259
243 1396.09531 1316.67122 1396.61901 1349.65666
244 1395.42031 1315.55387 1396.54143 1351.73543
245 1395.44111 1316.94539 1396.73750 1352.02897
246 1394.93284 1316.42969 1395.67511 1350.27539
247 1395.92357 1318.08049 1395.56969 1349.34847
248 1395.92247 1317.63509 1395.88588 1350.46883
249 1395.47531 1318.08203 1395.65591 1350.65202
250 1395.80858 1318.15527 1395.36604 1349.98861
251 1395.18349 1317.75651 1395.42568 1349.16292
252 1396.32245 1318.58659 1395.95442 1350.90267
253 1396.05808 1318.78125 1395.91969 1351.19279
254 1395.08563 1318.11003 1395.94375 1350.68066
255 1395.06061 1318.62891 1395.97318 1351.18750
256 1395.50869 1319.07454 1395.54587 1349.90104
257 1395.56402 1319.93848 1395.93250 1349.51367
258 1395.69325 1319.99186 1396.17692 1350.15788
259 1395.42259 1321.36100 1395.87966 1349.86401
260 1395.39303 1320.46631 1395.94595 1351.44938
261 1395.33742 1321.10905 1396.09847 1350.87744
262 1395.64007 1320.96224 1396.16808 1351.12598
263 1395.84272 1322.21615 1395.64705 1351.35124
264 1395.81099 1321.99471 1395.80331 1352.70085
265 1395.83634 1322.28483 1396.00489 1352.42904
266 1395.43971 1321.40430 1395.91555 1351.66471
267 1395.84677 1322.46289 1395.96822 1351.57878
268 1395.86552 1322.03776 1395.64059 1352.90552
269 1395.97845 1323.07528 1395.41638 1352.80656
270 1395.71292 1322.49219 1395.48802 1352.26986
271 1395.07304 1323.40625 1395.66568 1352.66243
272 1395.06230 1323.04948 1395.81779 1353.32487
273 1395.57919 1324.41081 1395.80816 1353.66048
274 1395.33304 1324.54036 1395.55064 1352.70085
275 1395.32361 1324.72331 1395.71126 1352.57943
276 1394.73642 1324.55924 1395.82321 1353.41602
277 1394.93062 1325.08268 1395.99299 1353.30339
278 1395.75807 1324.81087 1396.06695 1352.76139
279 1395.68412 1325.67440 1395.85525 1352.62451
280 1395.76294 1325.63086 1395.88266 1353.88184
281 1395.51785 1326.46191 1395.75013 1353.40918
282 1395.09629 1325.37630 1395.77310 1352.90625
283 1395.38548 1326.69173 1396.03216 1353.09049
284 1395.65134 1326.70638 1396.16651 1354.83431
285 1396.00537 1327.74577 1395.89105 1353.91895
286 1395.22691 1327.18164 1396.16939 1354.18132
287 1396.00176 1328.30176 1396.87635 1354.71021
288 1395.51425 1327.87370 1396.49176 1357.31706
289 1395.72635 1328.91439 1395.83383 1357.22689
290 1395.81013 1328.49284 1395.31554 1355.41854
291 1396.01507 1328.97135 1395.42513 1355.42383
292 1395.47592 1328.38835 1395.26395 1356.37793
293 1396.11610 1329.09440 1395.41571 1356.41146
294 1395.21546 1328.23112 1395.44953 1356.18555
295 1395.82488 1329.21647 1395.98314 1356.03548
296 1395.55157 1329.04297 1395.77850 1357.16243
297 1395.43770 1329.50358 1395.80271 1357.34342
298 1394.98973 1329.50366 1395.98009 1356.55241
299 1394.91472 1329.96322 1396.01347 1356.99251
300 1395.61474 1330.62174 1395.88713 1357.26693
301 1396.08579 1331.32780 1396.18235 1357.96785
302 1396.42931 1331.61328 1395.93382 1357.35872
303 1395.77029 1332.26986 1395.65099 1357.13021
304 1394.99535 1331.28809 1396.17427 1357.86800
305 1395.58653 1332.66797 1396.12645 1357.90462
306 1395.22573 1331.00138 1395.79882 1357.13574
307 1396.50072 1332.94368 1395.87289 1357.00358
308 1395.67991 1331.59440 1395.90542 1358.24479
309 1396.06199 1332.78711 1394.97742 1357.76530
310 1394.84849 1331.87728 1395.00517 1357.42871
311 1395.17543 1332.40438 1395.25067 1357.64616
312 1395.33720 1332.51628 1395.95409 1358.26725
313 1395.03844 1333.16406 1395.20568 1358.29004
314 1395.36720 1333.37598 1395.56540 1358.45736
315 1395.96021 1334.52083 1395.84087 1358.30632
316 1396.09100 1334.71305 1395.52115 1359.30339
317 1395.88217 1335.07780 1395.42838 1359.15983
318 1395.43658 1334.51790 1395.55693 1359.07812
319 1396.26608 1335.88346 1395.73511 1358.61068
320 1396.45488 1335.46745 1395.87470 1361.19434
321 1396.29913 1335.63208 1396.08793 1361.84920
322 1396.30669 1335.41829 1395.64595 1361.37793
323 1395.52755 1335.79427 1395.89736 1361.67904
324 1394.76747 1335.14648 1396.09978 1361.87305
325 1395.76099 1336.39551 1396.29482 1362.04281
326 1396.43748 1336.93229 1396.21631 1361.30729
327 1396.43201 1338.02962 1395.96002 1361.11426
328 1396.61421 1337.26530 1396.06132 1362.66569
329 1395.87144 1338.32894 1396.44811 1363.03841
330 1395.94484 1337.77930 1395.79870 1362.39355
331 1396.01017 1338.62760 1395.65166 1361.70280
332 1395.46488 1337.52734 1395.72640 1362.87695
333 1395.64547 1338.15690 1395.64989 1362.94108
334 1395.28942 1338.07194 1395.82180 1362.42676
335 1395.41408 1338.30566 1395.79367 1362.17285
336 1395.32705 1338.23828 1395.63278 1362.63468
337 1395.74836 1338.80339 1395.79162 1362.55469
338 1396.12858 1339.06763 1395.45293 1362.33301
339 1395.81623 1338.80648 1395.48144 1362.52344
340 1396.17831 1339.09277 1395.66127 1363.44694
341 1395.79359 1339.75814 1395.57890 1364.05306
342 1395.33982 1339.40430 1395.39969 1363.11784
343 1395.42695 1340.66341 1395.26528 1362.64274
344 1395.07524 1340.08822 1395.94632 1363.43587
345 1395.36295 1340.81738 1395.23859 1363.41602
346 1396.03876 1341.07487 1395.19263 1362.45532
347 1395.68594 1342.41374 1395.26299 1362.84896
348 1394.95856 1341.31022 1395.56798 1363.73991
349 1395.37367 1341.88444 1396.05421 1364.45760
350 1395.30862 1341.25586 1395.99868 1363.82422
351 1394.47764 1341.55078 1395.93429 1363.61719
352 1395.68865 1342.24219 1395.68407 1366.36914
353 1395.45026 1342.84180 1395.91228 1366.38053
354 1395.63593 1342.93457 1395.67469 1365.57259
355 1395.26609 1343.86100 1396.27397 1366.32780
356 1395.15286 1343.67578 1395.92107 1366.21875
357 1395.59191 1344.53874 1395.98906 1366.71908
358 1395.69540 1344.51855 1396.42427 1366.62598
359 1395.36692 1344.93481 1396.42682 1366.54419
360 1395.14806 1344.49878 1396.10738 1367.38704
361 1395.20494 1344.74023 1396.17217 1367.77441
362 1395.40251 1345.06348 1396.11652 1367.89062
363 1395.56559 1345.44661 1395.87715 1368.02995
364 1394.93736 1344.89518 1395.57586 1367.80566
365 1395.45628 1346.04036 1395.82726 1368.45443
366 1395.72621 1345.62565 1396.01361 1369.04427
367 1395.51837 1346.76693 1395.65858 1369.60547
368 1394.76405 1346.02051 1395.50251 1369.00488
369 1395.24922 1347.22624 1395.55240 1368.94987
370 1396.16451 1347.48828 1395.74513 1368.17904
371 1396.20797 1348.55892 1395.63022 1368.30664
372 1395.71875 1347.72786 1394.94893 1368.73014
373 1395.58463 1348.96615 1394.86008 1369.18644
374 1394.97167 1347.71045 1395.48134 1368.86133
375 1395.72038 1348.31999 1395.80929 1368.30949
376 1396.23447 1348.27083 1395.74733 1367.78483
377 1395.63893 1348.82910 1395.96665 1368.43034
378 1395.60240 1348.67179 1395.50295 1367.87142
379 1395.30391 1348.78516 1394.78159 1367.40560
380 1396.08691 1350.00423 1395.12268 1368.56901
381 1395.99214 1350.02116 1394.80721 1369.51961
382 1395.46117 1349.67261 1395.00353 1369.06185
383 1395.19397 1350.48047 1395.32814 1368.63053
384 1394.68985 1349.86165 1395.45788 1371.24544
385 1395.75713 1351.20508 1395.36148 1371.70671
386 1396.25680 1351.09928 1395.42340 1372.09147
387 1395.90306 1352.29395 1395.94731 1372.21094
388 1395.81870 1351.47982 1396.22770 1372.59310
389 1396.06875 1352.23112 1395.94337 1372.49089
390 1395.98097 1351.63249 1395.65010 1372.63542
391 1395.58291 1351.95345 1395.94590 1373.31934
392 1395.03127 1351.05469 1395.90433 1372.99056
393 1395.75473 1352.57284 1395.61282 1373.01530
394 1396.00884 1352.31576 1395.56028 1373.01904
395 1395.86976 1353.04525 1395.78784 1372.95150
396 1395.68006 1352.90690 1396.19041 1374.16732
397 1395.25908 1353.62695 1396.36423 1374.54688
398 1395.88144 1353.31543 1396.18265 1374.88704
399 1396.17861 1354.54427 1396.09763 1374.82568
400 1395.77067 1354.01400 1395.99292 1374.47721
401 1395.38531 1353.97176 1396.28363 1375.48600
402 1395.19635 1354.65072 1396.06860 1374.76758
403 1395.18558 1354.26107 1395.98612 1375.00618
404 1395.08806 1354.35026 1395.78420 1374.46387
405 1395.72026 1354.89876 1395.94690 1375.15462
406 1396.44637 1355.27279 1396.10609 1375.82943
407 1395.75213 1355.53385 1396.06745 1374.88770
408 1395.21002 1354.60807 1396.32100 1375.71257
409 1394.77580 1355.65267 1396.17652 1376.44824
410 1395.30738 1355.42350 1395.88337 1376.25716
411 1395.64575 1356.79785 1396.19169 1375.76725
412 1395.82194 1356.35449 1396.17904 1374.81934
413 1395.27851 1356.73275 1396.14596 1375.21257
414 1395.47043 1356.55957 1396.12929 1374.46322
415 1395.81401 1357.34473 1395.89380 1374.36393
416 1395.85836 1356.71777 1395.38198 1376.24870
417 1395.70625 1357.14583 1395.06542 1376.50944
418 1395.39350 1356.42611 1395.42264 1376.65560
419 1395.16168 1356.96615 1395.19600 1376.18717
420 1395.54628 1357.12988 1395.34697 1377.68750
421 1395.70516 1357.91504 1395.88613 1378.61263
422 1396.29354 1358.07454 1395.48495 1378.16862
423 1395.89038 1358.37663 1395.66906 1378.02254
424 1394.93662 1357.71061 1395.90242 1378.65299
425 1395.36843 1358.41374 1396.08234 1379.44629
426 1395.40777 1359.05933 1395.85715 1377.82487
427 1395.70795 1359.79753 1395.81037 1376.97982
428 1395.19368 1359.35775 1395.90694 1378.68685
429 1395.59224 1360.28963 1395.77109 1379.61312
430 1395.71376 1359.83919 1395.35268 1379.55892
431 1395.37448 1360.01139 1395.50481 1378.50521
432 1395.49033 1359.60352 1395.50797 1379.37500
433 1395.54092 1360.40877 1395.54272 1380.04818
434 1396.25950 1359.90397 1395.21168 1378.89388
435 1397.05814 1361.92480 1394.92397 1378.06087
436 1396.46261 1360.94076 1395.19916 1378.53613
437 1395.62090 1361.05436 1395.63581 1379.47632
438 1395.25914 1360.46354 1395.32205 1379.26790
439 1396.08197 1361.79004 1395.01324 1378.01595
440 1396.57486 1362.58301 1395.54409 1379.06396
441 1396.38755 1362.95020 1395.57283 1379.08789
442 1395.64427 1362.33366 1395.40108 1378.02360
443 1395.71001 1362.57072 1395.66507 1377.85059
444 1396.12105 1362.64941 1395.76886 1379.34245
445 1396.49791 1363.38802 1395.62504 1379.98250
446 1396.28979 1362.90560 1395.80632 1379.43522
447 1395.91055 1363.07780 1395.68999 1379.13477
448 1396.23318 1362.71387 1395.70507 1381.90625
449 1395.17376 1362.63346 1395.78243 1382.16992
450 1395.86990 1362.66927 1396.00158 1382.27767
451 1395.96528 1363.39526 1396.33171 1381.81038
452 1395.10236 1363.16829 1395.99942 1383.27799
453 1395.75582 1364.24154 1395.53607 1383.35645
454 1395.54918 1363.68034 1395.33482 1382.87923
455 1396.47343 1365.49805 1395.57405 1382.68075
456 1396.00696 1364.12500 1395.61646 1382.93099
457 1395.88226 1365.44108 1395.39656 1382.85677
458 1396.46291 1364.83008 1395.34435 1383.06315
459 1395.89231 1365.21940 1395.91175 1383.12988
460 1395.74282 1364.75586 1396.24949 1384.60970
461 1396.41129 1365.23828 1396.39900 1384.42122
462 1395.94946 1365.16667 1396.16099 1384.35124
463 1395.37402 1365.23633 1396.17568 1384.20573
464 1395.11647 1364.80436 1395.80589 1385.10482
465 1395.64286 1365.59635 1395.89208 1384.44271
466 1395.34497 1366.00716 1395.91280 1384.12174
467 1394.96885 1366.70158 1396.07030 1384.17155
468 1395.33807 1366.79915 1396.01071 1385.67383
469 1395.34470 1367.07747 1396.28522 1385.69564
470 1395.64101 1367.14941 1396.02435 1384.59277
471 1395.95019 1367.80859 1395.85213 1384.44466
472 1395.27869 1366.88639 1395.63540 1384.81966
473 1395.31436 1367.42122 1395.83470 1384.39811
474 1395.85095 1367.02279 1396.03609 1383.60156
475 1395.99804 1368.40137 1396.27695 1383.72917
476 1396.35147 1367.59049 1396.08640 1384.82487
477 1396.19544 1368.41195 1396.10822 1385.03320
478 1395.98676 1367.52507 1396.50681 1385.40169
479 1396.58687 1368.87728 1395.86687 1384.88737
480 1396.09178 1368.32064 1396.15633 1388.08659
481 1395.52760 1369.01855 1396.22595 1388.12760
482 1395.82741 1368.70215 1396.29584 1387.53385
483 1396.15584 1369.44206 1395.82959 1386.49577
484 1395.85738 1369.51725 1396.63387 1388.41862
485 1396.54458 1370.43457 1396.60278 1387.83333
486 1395.93034 1369.70410 1396.05857 1387.31771
487 1396.33452 1370.23568 1395.46224 1386.79232
488 1395.52840 1369.07715 1395.87935 1388.86165
489 1396.21967 1369.84635 1395.63074 1389.03988
490 1395.76167 1369.97624 1395.71392 1388.72689
491 1395.33522 1369.98893 1395.43775 1387.96452
492 1395.78812 1370.51725 1395.50537 1388.90690
493 1396.45311 1371.71842 1395.99905 1388.66927
494 1395.77419 1370.88607 1396.02701 1388.84505
495 1395.69030 1371.75098 1395.63265 1387.44401
496 1395.39282 1371.19238 1395.69164 1389.47819
497 1395.02619 1371.63721 1394.58997 1389.49902
498 1395.98213 1371.86979 1395.00730 1388.85514
499 1395.83247 1372.80729 1395.43243 1388.84277
500 1395.67574 1372.10482 1395.43233 1390.45345
501 1395.25866 1372.32454 1395.79021 1390.50846
502 1394.91928 1371.38330 1395.97311 1389.19792
503 1396.07013 1373.19759 1395.74298 1389.09928
504 1395.84575 1372.22233 1395.38633 1389.34538
505 1395.13477 1372.34375 1395.73609 1389.57943
506 1396.11104 1372.40267 1395.97270 1389.35636
507 1395.92274 1372.47786 1396.18463 1389.91374
508 1395.77898 1373.31055 1396.79615 1391.56543
509 1395.06573 1373.76530 1396.08230 1390.24577
510 1395.43808 1373.70801 1395.63995 1388.31283
511 1395.21249 1374.31283 1395.74402 1389.71712
512 1395.38879 1372.96387 1395.77421 1405.06576
513 1395.10070 1374.32080 1395.85669 1406.38704
514 1395.43200 1374.01562 1395.68280 1406.27441
515 1395.11132 1374.32227 1395.42595 1404.84863
516 1395.04374 1373.65169 1395.58298 1404.64697
517 1395.09593 1374.70264 1395.80682 1404.95540
518 1395.52271 1374.60189 1395.37269 1405.96232
519 1396.29125 1376.21549 1395.06902 1404.57259
520 1395.72362 1374.82414 1395.81179 1403.15812
521 1395.84430 1375.96452 1395.82153 1403.99382
522 1395.10879 1375.07454 1396.62350 1404.75065
523 1394.33700 1375.45801 1396.28676 1404.63737
524 1395.72552 1375.61914 1395.72492 1403.23145
525 1395.35914 1376.05306 1395.62501 1403.79622
526 1395.22858 1375.77083 1395.85405 1404.37826
527 1395.85491 1376.84408 1396.28565 1403.77799
528 1395.65861 1376.28841 1395.45251 1403.12337
529 1395.80343 1376.73796 1395.33742 1402.83472
530 1395.71414 1376.64160 1395.82571 1403.04915
531 1395.17151 1376.08301 1395.41666 1403.34928
532 1395.22508 1376.39941 1395.87050 1403.38965
533 1395.56009 1377.01367 1396.12637 1403.95150
534 1395.86359 1377.04688 1395.98043 1402.72217
535 1395.95191 1378.54492 1395.61803 1401.96061
536 1395.90805 1377.80697 1395.65301 1402.18197
537 1395.33298 1378.32699 1395.58855 1403.10547
538 1395.55122 1377.71452 1395.45184 1403.01335
539 1394.96106 1378.67310 1395.50277 1402.65942
540 1395.41995 1378.31047 1396.43285 1403.63053
541 1395.74874 1379.75293 1396.21380 1403.68099
542 1395.33048 1378.82104 1396.27237 1403.27995
543 1396.06471 1379.61751 1396.08623 1402.61816
544 1395.02000 1378.03939 1395.76710 1404.13900
545 1395.45327 1379.40462 1396.04842 1404.79036
546 1395.28606 1378.95809 1396.44742 1404.68555
547 1394.97378 1379.69629 1396.03724 1403.93620
548 1395.80654 1379.80859 1395.69589 1403.81152
549 1395.88728 1380.57227 1395.82869 1404.18555
550 1395.01120 1379.92318 1395.96866 1404.38021
551 1395.52272 1380.94076 1395.80550 1404.07560
552 1395.57071 1380.53320 1395.97706 1404.95312
553 1396.12327 1381.38875 1395.32359 1405.18359
554 1396.56046 1382.26945 1395.25853 1405.09668
555 1395.58819 1381.55273 1395.39377 1404.51432
556 1395.19413 1380.78874 1395.22560 1403.59961
557 1395.23295 1381.21126 1395.72576 1405.09342
558 1395.95558 1381.17741 1395.55401 1406.16992
559 1395.62873 1381.83984 1395.71803 1405.73372
560 1395.54541 1381.41276 1395.75097 1405.80143
561 1395.53473 1382.50977 1395.47829 1406.34180
562 1395.32196 1381.52572 1395.30807 1406.05990
563 1396.33191 1383.38281 1394.73864 1404.17261
564 1395.75590 1382.13118 1394.86701 1404.25944
565 1395.31058 1383.24642 1395.65288 1405.26888
566 1395.80342 1383.11499 1395.58277 1405.28418
567 1395.38362 1383.62370 1395.79663 1405.05697
568 1395.84471 1383.17285 1395.57161 1404.27637
569 1395.56126 1383.75228 1395.49099 1405.14648
570 1395.83412 1383.51042 1395.61459 1405.86035
571 1395.13673 1383.32161 1395.55003 1405.07202
572 1395.56212 1383.38184 1395.72919 1405.98763
573 1396.91990 1385.03060 1395.88196 1404.86719
574 1396.19639 1383.81836 1395.43094 1404.56209
575 1396.40084 1384.92806 1395.82953 1404.45133
576 1396.06256 1384.08561 1396.42200 1408.39714
577 1395.69758 1384.32747 1396.02768 1408.81510
578 1396.23454 1384.90169 1395.92106 1407.22673
579 1395.48221 1385.31445 1395.56992 1406.28353
580 1395.10174 1384.92708 1395.70255 1407.07715
581 1394.90888 1385.66504 1395.04665 1406.99316
582 1394.85744 1384.90951 1395.32563 1407.25000
583 1396.15941 1386.75163 1395.60710 1407.16960
584 1395.54275 1384.90495 1396.09986 1408.92798
585 1395.61492 1386.07747 1396.18129 1408.77962
586 1395.81985 1384.99316 1395.67478 1408.16536
587 1395.80670 1385.85905 1395.73138 1406.90234
588 1395.86329 1385.66471 1396.21335 1407.81283
589 1395.59456 1386.24121 1395.85809 1407.50358
590 1395.56095 1386.27669 1395.73313 1407.64062
591 1396.21262 1387.30273 1395.61589 1406.81543
592 1395.87215 1386.69368 1395.58367 1407.37044
593 1395.51403 1387.00553 1396.04746 1407.40356
594 1395.74093 1387.21403 1395.93531 1407.00293
595 1394.48841 1386.69621 1395.76136 1405.68490
596 1395.75944 1386.88574 1395.78942 1407.46289
597 1395.90460 1387.47591 1395.89848 1407.37207
598 1396.15887 1386.87923 1396.24789 1406.79069
599 1395.72881 1387.21257 1395.58863 1405.62663
600 1394.92679 1386.16406 1395.51377 1406.42798
601 1395.10738 1387.55892 1395.68054 1406.42188
602 1395.97949 1387.53743 1396.08350 1406.48796
603 1395.51776 1388.02507 1395.94944 1405.92253
604 1396.13071 1387.20736 1396.32882 1406.58203
605 1395.74621 1388.15365 1395.99229 1406.63281
606 1395.86386 1387.88916 1395.66158 1405.64941
607 1395.86140 1388.80273 1395.86156 1404.38118
608 1396.58368 1389.02604 1396.09588 1408.10905
609 1395.98794 1389.70638 1396.04571 1408.02083
610 1395.76673 1388.88542 1395.68243 1408.35124
611 1395.99007 1389.58179 1395.79089 1407.27563
612 1395.51335 1388.93107 1396.14056 1407.91479
613 1396.11406 1390.07894 1396.10496 1407.66764
614 1395.24428 1388.75618 1395.80741 1407.73275
615 1395.63891 1389.66243 1395.96634 1407.18164
616 1395.28563 1389.32129 1396.08576 1408.94661
617 1395.76136 1389.96647 1396.01071 1409.05990
618 1396.05234 1389.94100 1396.03964 1408.93262
619 1395.33555 1390.05046 1395.42615 1408.45052
620 1395.41793 1389.79036 1395.98076 1410.67025
621 1395.28575 1390.39355 1395.97036 1409.72721
622 1395.79686 1390.11523 1396.07544 1409.28906
623 1395.73985 1391.26693 1395.93501 1408.96077
624 1395.58979 1390.66447 1395.85564 1409.40007
625 1395.45439 1391.27148 1395.92792 1408.68221
626 1396.03709 1390.75814 1395.80549 1408.26139
627 1395.64334 1391.64518 1395.55259 1407.79036
628 1395.77510 1390.85946 1395.06129 1409.25065
629 1395.48338 1391.70182 1395.81127 1409.70508
630 1395.27042 1390.71647 1396.29897 1409.56348
631 1395.95134 1391.74251 1395.79466 1408.61328
632 1395.42900 1391.28711 1395.45275 1409.01481
633 1395.88386 1392.10026 1395.37636 1409.51758
634 1395.91016 1392.29069 1396.19204 1409.98958
635 1395.29325 1392.36393 1395.88122 1408.62036
636 1395.88224 1392.69059 1395.98387 1409.69141
637 1395.13923 1392.52604 1395.98296 1409.79980
638 1395.69212 1392.37370 1395.74417 1408.98470
639 1396.06868 1393.10775 1395.81102 1407.66634
640 1395.51372 1392.05868 1395.83250 1412.03353
641 1395.98680 1393.14583 1395.87984 1411.29207
642 1395.71747 1392.21631 1395.72825 1411.02148
643 1395.71558 1393.31055 1396.08940 1410.91732
644 1395.41058 1392.59806 1395.88186 1411.42407
645 1394.63757 1393.08366 1395.62578 1411.41097
646 1395.55730 1393.57487 1395.80435 1411.54297
647 1395.57585 1394.57292 1395.66797 1410.97201
648 1395.77737 1393.79785 1395.40802 1411.36979
649 1395.58363 1394.53223 1395.44610 1411.32617
650 1396.29537 1394.54492 1395.54525 1411.55200
651 1395.65105 1394.88346 1395.80326 1410.92415
652 1395.74275 1394.23568 1396.38353 1412.75057
653 1395.36359 1394.77791 1395.94907 1413.17090
654 1395.22176 1394.11743 1395.92193 1412.49642
655 1394.91261 1394.80990 1395.71577 1411.60384
656 1395.14741 1394.16797 1395.41455 1411.92220
657 1395.35491 1394.85091 1395.63802 1412.31055
658 1396.17047 1396.07389 1395.13918 1411.63672
659 1395.99939 1396.04069 1395.53673 1411.65365
660 1396.05158 1396.13997 1395.65808 1412.17480
661 1395.13177 1395.84310 1394.98548 1411.25130
662 1395.11535 1395.52539 1395.61434 1411.34342
663 1395.74952 1397.06120 1395.63512 1410.26595
664 1395.90155 1396.42806 1395.64085 1412.89372
665 1395.40624 1396.69499 1394.98116 1412.15495
666 1395.61618 1395.84082 1394.71010 1411.19303
667 1395.53716 1397.16895 1395.52364 1410.94694
668 1395.54129 1396.31966 1395.77778 1412.42904
669 1395.03859 1396.56836 1395.85580 1412.40853
670 1394.99408 1395.93042 1395.71822 1411.60645
671 1395.23783 1396.78548 1395.53837 1410.17057
672 1395.36563 1396.11361 1395.74632 1413.54883
673 1395.35645 1397.58496 1396.32010 1413.98934
674 1395.84245 1397.52116 1396.79224 1413.85840
675 1395.74051 1398.23535 1396.25546 1412.24837
676 1396.13203 1397.80721 1395.76131 1414.29004
677 1395.43262 1397.79102 1396.45505 1414.38216
678 1395.69496 1397.88932 1396.51011 1414.16048
679 1395.29605 1398.35815 1396.12171 1411.69922
680 1395.52931 1398.03190 1395.73404 1413.70508
681 1395.28724 1398.10579 1396.18936 1414.72103
682 1395.23766 1398.18392 1396.58826 1414.48926
683 1395.40573 1398.32682 1395.97117 1412.25195
684 1395.49081 1397.70638 1395.71765 1415.05534
685 1395.51233 1398.63802 1395.90323 1415.70068
686 1396.13519 1398.81217 1395.68201 1415.22811
687 1396.44123 1400.11621 1395.95960 1413.82487
688 1395.97484 1399.19759 1395.90580 1416.72721
689 1395.99281 1400.79720 1396.10034 1416.26595
690 1395.82727 1399.61654 1396.41702 1416.19076
691 1396.06730 1400.65462 1396.36817 1414.33691
692 1395.83938 1399.45703 1396.28036 1416.05632
693 1395.82614 1400.55957 1395.72960 1415.69759
694 1395.33426 1399.60514 1395.86045 1415.62630
695 1395.30563 1400.12891 1396.17146 1413.33105
696 1395.83495 1399.87337 1396.49936 1415.58431
697 1395.70883 1400.43783 1396.61817 1415.77018
698 1395.66700 1400.49691 1396.40373 1414.26823
699 1395.42460 1400.46704 1396.06131 1412.65104
700 1395.64748 1401.00911 1395.92054 1415.08919
701 1396.17458 1402.18066 1396.05430 1415.67253
702 1395.55695 1401.88338 1396.14088 1414.72624
703 1395.38002 1401.93270 1396.08740 1413.12923
704 1395.59795 1401.56689 1396.00637 1417.73145
705 1395.83122 1402.18587 1395.73964 1417.89128
706 1396.71069 1403.04036 1395.71929 1417.39518
707 1395.10512 1402.75448 1396.36613 1416.33691
708 1394.86142 1401.39941 1396.17424 1418.95451
709 1395.93712 1402.49479 1395.89817 1418.34147
710 1395.13678 1401.19564 1395.70750 1417.09603
711 1396.22657 1403.11589 1395.96855 1416.03971
712 1395.52900 1401.69922 1396.37355 1419.23796
713 1395.53265 1402.89453 1396.07859 1419.03060
714 1395.85978 1402.07650 1395.94144 1418.04264
715 1395.90610 1403.25228 1395.76459 1415.41309
716 1396.61294 1403.73926 1395.79590 1418.01855
717 1395.63603 1403.45605 1395.55943 1417.63411
718 1395.38218 1403.25944 1395.47580 1418.09049
719 1395.75498 1404.11784 1395.40041 1415.10856
720 1395.92521 1403.90666 1395.88685 1417.54329
721 1395.92166 1404.13118 1396.09054 1416.85579
722 1395.62456 1403.82202 1396.19888 1417.40007
723 1395.46208 1404.49536 1395.80776 1416.02507
724 1395.81633 1403.81641 1395.64736 1417.36133
725 1395.10729 1403.70557 1395.52142 1416.95801
726 1395.23973 1403.11491 1395.38961 1417.61361
727 1395.40585 1403.81567 1396.24566 1416.50521
728 1395.70523 1404.01562 1396.23849 1418.96387
729 1395.64059 1405.01855 1396.04578 1418.35091
730 1395.09249 1404.25749 1395.55034 1418.03141
731 1394.79395 1405.05355 1395.97513 1416.07650
732 1394.93742 1404.01758 1395.93646 1417.97380
733 1395.18609 1405.55339 1395.59383 1418.37109
734 1395.61808 1405.44076 1395.90676 1417.70980
735 1395.74391 1406.12793 1396.16595 1415.79329
736 1395.83272 1405.62337 1395.67742 1419.38867
737 1396.20958 1406.11914 1396.00678 1419.92326
738 1396.09842 1405.37004 1396.04798 1419.61458
739 1395.88802 1406.03516 1395.91462 1417.27799
740 1395.22042 1405.52083 1395.98471 1420.07259
741 1395.78057 1406.43416 1395.80177 1420.24642
742 1395.58935 1405.95101 1395.87815 1419.39095
743 1396.10024 1406.74577 1395.90743 1417.48014
744 1395.68047 1406.47201 1395.96735 1419.07682
745 1395.27452 1406.54883 1395.34511 1420.44694
746 1395.91434 1407.20150 1395.37759 1420.24154
747 1395.85068 1407.81608 1395.68475 1419.13281
748 1396.02262 1407.37858 1395.81042 1420.30208
749 1395.84298 1408.05249 1395.33739 1419.96159
750 1395.56835 1407.10645 1395.28890 1419.51530
751 1395.79622 1407.97526 1395.81443 1418.78418
752 1395.39502 1406.51888 1395.24971 1420.76562
753 1394.62139 1407.40234 1395.44301 1421.75814
754 1395.49004 1406.93815 1396.07853 1420.86328
755 1396.01354 1408.27051 1396.07715 1418.75293
756 1395.97885 1407.61947 1396.13913 1421.16178
757 1395.38479 1408.71224 1395.52764 1422.21191
758 1395.37413 1407.90723 1395.22724 1419.96159
759 1396.18095 1408.86523 1395.04699 1417.85547
760 1396.22135 1408.24902 1395.68861 1421.17716
761 1395.80990 1408.88957 1396.21628 1421.85156
762 1395.50862 1409.21322 1395.32052 1420.47363
763 1395.31385 1408.93815 1395.60458 1419.09668
764 1395.18745 1408.66634 1395.55786 1421.07780
765 1395.12037 1408.80469 1395.49022 1422.24284
766 1396.03194 1408.87858 1395.64488 1421.82194
767 1395.50382 1409.26693 1395.60044 1419.82520
768 1394.60769 1407.95312 1395.82359 1411.64518
769 1395.42007 1409.26253 1395.18880 1410.60026
770 1396.00077 1409.59538 1395.71742 1410.42163
771 1395.50020 1410.55404 1395.96086 1408.51855
772 1395.40333 1409.57389 1395.55238 1410.90592
773 1394.34886 1409.16829 1395.44321 1409.94010
774 1395.14610 1409.81315 1395.30702 1409.56250
775 1395.93286 1410.96134 1395.73635 1407.51693
776 1395.43334 1409.90104 1395.81165 1410.76986
777 1394.80487 1410.27083 1395.73459 1410.42104
778 1394.92345 1410.17643 1395.97608 1409.96191
779 1395.12663 1410.82642 1395.71967 1407.73242
780 1395.60401 1410.16634 1395.49887 1411.34798
781 1395.51968 1410.50944 1395.62057 1411.52799
782 1395.67108 1410.08138 1395.94003 1411.20345
783 1395.55359 1411.04419 1396.26077 1408.02767
784 1395.86185 1410.81445 1395.91033 1412.42122
785 1396.03871 1411.21322 1395.80807 1413.22624
786 1395.81166 1411.47005 1395.93854 1412.14974
787 1395.56753 1411.16764 1395.73583 1408.54492
788 1395.56855 1411.43286 1396.23724 1412.82780
789 1395.75731 1411.63151 1395.77805 1412.40202
790 1395.70517 1411.34928 1395.82055 1411.00879
791 1395.97312 1412.27767 1395.87108 1408.14282
792 1395.39904 1411.36654 1395.75376 1412.24740
793 1395.67473 1412.76823 1395.78314 1411.57780
794 1395.58180 1411.30835 1395.71822 1409.98600
795 1394.87205 1411.81738 1395.55896 1407.28711
796 1395.29800 1411.16406 1395.61454 1411.85490
797 1394.99468 1412.20475 1396.03801 1410.75879
798 1395.19594 1411.98047 1395.45153 1409.08171
799 1395.45200 1412.27702 1395.96531 1407.28483
800 1395.30948 1411.68066 1396.05268 1414.44303
801 1395.98982 1413.23828 1395.98730 1414.10840
802 1395.76182 1412.80330 1395.85258 1411.81828
803 1395.61466 1413.74748 1395.95947 1409.55729
804 1396.02748 1413.55990 1395.70096 1414.58691
805 1395.83895 1413.73079 1395.56967 1413.82161
806 1396.07355 1413.60742 1395.63941 1411.64844
807 1395.30925 1413.31803 1396.16998 1409.73210
808 1395.29807 1412.66960 1395.64957 1414.15495
809 1396.02787 1412.82487 1394.98630 1413.50846
810 1394.92217 1412.74886 1395.44775 1412.31966
811 1395.18066 1413.58700 1395.62574 1409.83984
812 1395.89554 1413.72917 1395.80313 1413.58626
813 1396.15510 1414.29460 1395.95199 1412.78076
814 1396.38577 1414.08952 1395.71223 1411.31730
815 1395.99738 1414.82650 1395.39551 1408.65690
816 1395.96634 1414.14128 1395.30519 1413.26115
817 1395.72034 1414.82454 1395.33316 1412.25911
818 1396.05863 1414.13249 1395.56642 1411.98014
819 1395.71335 1415.37663 1395.44957 1409.40169
820 1395.83335 1414.29102 1395.84092 1413.99870
821 1395.80846 1414.90723 1395.79327 1413.22038
822 1396.17014 1414.62142 1395.57751 1411.41764
823 1395.53419 1414.71745 1396.31499 1409.56120
824 1395.86455 1414.83757 1396.65770 1414.12435
825 1395.75101 1415.38281 1396.63879 1412.86312
826 1395.56724 1414.92839 1396.23569 1410.90853
827 1395.88320 1415.41471 1395.88156 1407.95150
828 1395.94702 1415.55241 1395.85475 1412.44857
829 1397.38156 1416.76465 1395.58022 1411.96680
830 1395.95382 1415.45866 1395.54790 1411.12077
831 1395.53356 1415.58887 1395.60442 1408.31356
832 1395.66022 1415.34212 1395.25120 1415.40983
833 1395.22905 1415.56413 1395.23978 1414.29948
834 1396.04964 1416.16602 1395.61725 1413.99487
835 1395.57270 1416.18392 1395.93580 1412.17415
836 1395.23552 1415.11947 1396.00383 1415.61198
837 1395.88384 1415.73698 1396.13634 1414.78410
838 1395.98396 1415.40234 1395.87770 1413.53809
839 1396.68701 1416.89030 1395.91061 1409.95410
840 1395.88600 1415.54036 1395.64723 1414.82454
841 1395.82104 1416.75098 1395.95518 1415.05127
842 1396.65991 1416.23763 1395.63570 1414.13379
843 1395.75622 1416.49797 1395.56975 1410.92456
844 1396.12933 1416.71061 1395.60235 1415.34993
845 1395.52595 1416.22396 1395.89226 1415.22339
846 1395.78700 1417.00098 1395.80862 1413.90039
847 1395.71824 1417.07910 1395.63648 1410.65820
848 1395.47366 1416.32064 1395.78630 1414.57520
849 1395.81842 1416.69303 1396.04078 1414.17285
850 1395.60081 1416.44889 1395.91845 1412.55306
851 1395.28711 1416.04492 1395.69366 1409.52686
852 1397.12558 1417.78874 1396.07563 1414.46159
853 1395.86495 1417.44596 1395.92684 1413.96419
854 1394.89402 1415.94466 1395.92333 1413.14095
855 1395.56896 1417.40885 1395.97107 1410.28451
856 1394.92704 1417.12240 1396.18709 1413.82682
857 1395.38041 1417.94173 1395.88318 1413.56608
858 1395.22283 1416.91634 1396.21898 1412.88477
859 1394.86545 1417.76823 1396.15896 1410.12598
860 1394.98310 1416.93766 1396.20702 1413.63411
861 1395.10285 1417.72168 1396.46237 1412.84798
862 1395.51862 1417.35775 1396.18886 1411.99837
863 1395.60655 1418.37240 1395.88838 1410.14152
864 1395.53559 1417.69661 1395.57254 1415.79818
865 1395.93766 1418.10612 1395.91290 1414.93726
866 1395.23420 1417.33040 1395.95032 1413.78385
867 1396.46258 1419.07194 1395.38239 1411.56478
868 1396.42958 1419.18913 1395.55023 1414.98991
869 1396.06469 1419.08789 1395.87244 1414.44499
870 1396.06224 1418.89128 1395.63913 1414.00553
871 1395.76714 1419.53451 1395.55427 1412.26058
872 1396.34147 1419.60840 1395.12102 1415.51725
873 1396.24093 1419.63704 1394.91683 1415.71289
874 1395.93542 1419.65137 1395.43365 1416.11523
875 1396.49528 1420.27409 1395.45705 1413.26009
876 1395.89318 1419.36133 1395.32777 1415.57804
877 1395.69936 1419.60498 1396.02342 1415.63574
878 1395.39579 1418.76302 1395.71976 1414.64258
879 1395.98613 1420.03540 1395.33856 1413.11629
880 1395.72447 1419.57943 1395.41802 1415.17676
881 1395.72793 1420.33854 1395.36654 1415.58561
882 1396.10772 1419.68490 1395.73569 1415.71753
883 1395.48940 1420.49902 1395.98527 1413.94784
884 1395.63093 1419.47559 1395.56499 1416.56901
885 1394.83116 1419.80241 1395.85235 1416.43343
886 1394.56489 1418.79329 1395.69915 1415.50098
887 1394.36620 1419.49186 1395.23366 1413.71842
888 1395.43505 1419.83984 1395.54554 1416.18571
889 1395.63419 1420.54020 1396.06707 1416.18034
890 1395.41057 1420.58675 1395.88284 1413.99674
891 1394.16724 1419.39551 1395.78337 1412.08789
892 1395.24948 1420.46549 1395.81561 1415.40853
893 1395.75815 1420.81868 1395.59126 1414.93604
894 1395.42224 1420.06836 1395.52448 1413.20988
895 1395.07944 1421.13704 1395.93220 1411.70443
896 1394.94657 1420.24544 1396.04101 1417.79688
897 1396.28369 1421.85091 1395.94076 1417.32658
898 1396.43903 1421.31787 1395.56024 1417.49316
899 1396.48412 1422.66081 1396.21899 1415.47949
900 1395.84702 1421.54891 1396.77659 1418.51107
901 1395.05798 1421.73958 1395.98174 1418.13151
902 1395.17989 1421.74447 1395.93860 1417.28581
903 1396.42355 1422.99316 1395.45893 1415.55160
904 1395.18884 1421.22168 1395.48875 1418.19857
905 1395.27282 1422.45410 1395.62778 1418.00749
906 1394.84962 1421.06478 1395.19615 1416.71517
907 1395.83150 1422.42415 1394.78739 1414.08162
908 1396.10059 1422.15365 1395.09155 1417.48641
909 1395.70674 1422.54948 1395.42833 1417.21745
910 1395.65286 1422.29525 1395.63476 1416.63753
911 1395.43633 1422.94987 1395.73372 1415.32552
912 1395.31880 1422.23088 1396.00056 1418.65527
913 1395.78027 1422.55566 1396.28396 1418.75684
914 1395.93810 1423.34473 1395.75455 1417.41146
915 1396.07153 1423.33195 1395.54693 1415.88639
916 1395.96382 1423.66406 1395.39930 1418.45443
917 1395.56556 1423.24154 1395.70723 1418.27930
918 1395.01109 1422.25553 1395.51793 1416.47754
919 1395.54512 1423.38542 1395.41145 1414.43262
920 1395.65204 1422.94588 1395.67918 1418.23275
921 1395.58751 1424.10018 1395.57862 1417.90015
922 1395.51656 1423.04199 1395.47656 1416.82747
923 1395.49490 1424.41341 1395.86751 1415.05469
924 1395.20644 1423.76270 1395.28989 1417.88379
925 1395.11463 1424.54061 1396.02624 1417.41341
926 1394.97609 1423.90731 1395.43613 1415.91341
927 1396.24030 1424.89551 1395.45364 1413.43620
928 1394.81654 1423.85189 1395.59592 1419.25732
929 1394.70767 1424.48861 1396.15627 1419.55892
930 1396.06459 1424.44010 1396.19634 1419.06673
931 1395.77612 1424.41374 1396.33115 1416.04557
932 1395.94199 1424.21191 1396.03292 1419.39811
933 1395.06779 1424.16992 1395.62801 1419.54704
934 1395.54319 1424.22233 1395.74912 1418.73275
935 1395.73474 1424.82878 1395.74802 1416.11491
936 1395.61927 1425.17480 1395.74208 1420.06901
937 1395.58045 1425.49154 1396.14382 1420.01823
938 1395.21224 1425.08236 1396.00314 1418.51465
939 1395.37966 1425.82129 1396.39767 1415.70378
940 1396.11329 1426.26131 1395.71806 1418.89225
941 1396.20567 1426.52962 1395.85923 1419.59896
942 1395.90711 1425.81331 1396.15135 1419.20280
943 1395.82712 1426.09896 1395.67687 1416.00911
944 1395.59713 1425.82747 1395.52495 1419.60547
945 1396.12953 1427.09701 1395.97239 1420.41895
946 1396.17193 1425.84277 1396.19278 1419.70410
947 1395.59888 1426.64518 1396.10707 1417.33472
948 1396.15490 1426.12793 1395.72639 1419.75911
949 1395.75667 1426.97201 1396.33809 1420.42643
950 1395.92023 1426.81901 1396.19106 1420.00358
951 1395.68127 1427.04655 1395.82460 1417.31950
952 1396.24707 1427.19564 1395.63791 1420.72819
953 1396.05963 1427.59635 1395.38809 1419.92188
954 1395.68205 1427.20052 1395.47114 1418.68424
955 1395.84679 1427.42839 1396.05761 1416.43229
956 1396.07391 1427.79883 1395.84673 1420.57747
957 1396.30589 1428.70410 1395.50837 1419.86719
958 1395.81660 1428.02344 1396.74388 1420.41121
959 1395.81228 1428.51432 1396.80582 1417.41471
960 1395.83934 1428.03027 1396.14027 1422.31348
961 1395.62283 1428.26465 1396.15770 1421.94303
962 1395.86641 1427.91732 1395.78542 1420.88444
963 1395.45210 1428.52051 1395.87011 1418.17635
964 1395.35860 1427.77995 1396.11269 1422.11751
965 1396.09073 1428.78939 1396.02996 1422.61914
966 1395.86081 1427.94596 1396.12972 1421.43262
967 1396.44790 1429.31445 1395.90211 1418.49154
968 1395.64896 1428.07113 1395.80193 1422.68555
969 1395.64454 1429.29224 1395.91987 1421.90918
970 1395.61478 1428.21680 1396.00700 1421.44010
971 1395.63418 1428.76595 1395.97275 1419.26270
972 1396.53116 1429.09212 1395.56323 1422.78467
973 1395.77743 1428.95671 1396.13098 1422.61882
974 1395.84283 1429.03613 1396.67144 1422.79232
975 1395.52402 1429.32161 1396.39352 1420.02043
976 1395.13144 1428.42122 1395.80832 1424.24349
977 1396.47055 1429.47624 1395.67503 1423.24479
978 1396.10252 1428.86784 1395.51530 1421.54036
979 1395.87568 1429.21167 1395.51007 1419.09668
980 1396.17150 1429.35579 1395.53764 1422.96159
981 1396.03031 1429.96615 1395.36542 1422.20540
982 1395.30241 1428.61523 1395.67877 1421.40495
983 1396.03620 1429.56258 1395.50592 1418.83822
984 1395.29794 1429.83203 1395.98075 1423.72135
985 1395.87134 1430.96940 1395.62732 1422.96452
986 1396.06998 1430.03467 1395.37800 1422.36068
987 1395.87153 1430.69336 1396.01500 1419.11035
988 1396.86669 1430.26888 1395.98282 1422.52474
989 1396.34220 1430.72005 1395.82153 1423.03190
990 1396.38787 1430.15755 1395.80823 1422.22233
991 1396.51146 1430.89941 1395.46004 1418.86491
992 1396.24750 1430.16862 1395.71191 1425.34635
993 1396.30694 1430.77368 1396.09249 1424.78092
994 1396.14677 1430.71802 1395.05541 1422.88639
995 1396.03411 1431.13835 1395.80595 1421.11727
996 1395.21793 1430.44629 1395.79912 1425.33268
997 1395.47665 1431.45540 1395.70137 1425.01424
998 1395.95244 1431.46224 1395.56984 1424.16634
999 1395.94846 1431.54688 1395.51781 1422.67318
1000 1396.16575 1431.01042 1395.51273 1426.75106
1001 1395.94144 1431.36361 1395.55831 1426.69108
1002 1396.13351 1431.78841 1395.87528 1426.10091
1003 1395.66272 1431.50326 1395.72734 1423.05632
1004 1396.34999 1431.46094 1396.16925 1426.04264
1005 1396.78660 1431.99837 1395.20688 1425.29720
1006 1396.47598 1431.43424 1395.38630 1424.76302
1007 1396.30884 1432.12923 1395.97708 1421.90723
1008 1395.42665 1430.96224 1395.93260 1426.44987
1009 1396.01424 1431.94661 1395.93107 1425.98828
1010 1395.61466 1430.79590 1395.65392 1424.77507
1011 1395.44583 1432.04679 1395.23694 1421.76383
1012 1395.85618 1431.04557 1395.54307 1426.04004
1013 1395.97938 1432.31388 1395.31900 1426.73926
1014 1395.48889 1431.56510 1395.30911 1425.71322
1015 1396.02027 1432.96908 1395.43729 1423.71484
1016 1395.51427 1431.95605 1396.09061 1427.66724
1017 1395.51663 1432.29492 1395.98622 1427.66927
1018 1395.49420 1432.05037 1395.12745 1425.77279
1019 1395.15000 1431.69482 1395.47960 1423.52458
1020 1396.06795 1432.60522 1395.94914 1428.55200
1021 1395.89985 1433.04460 1396.05782 1428.00195
1022 1396.14452 1432.81999 1395.67158 1426.41699
1023 1396.18931 1433.20508 1395.58773 1424.38118
1024 1394.98193 1431.28971 1395.65339 1431.20736
1025 1395.41983 1432.64486 1395.95804 1431.09212
1026 1395.75972 1432.41732 1396.37247 1431.81120
1027 1396.02622 1433.66016 1396.13444 1430.14535
1028 1396.29336 1433.34863 1396.15470 1430.70964
1029 1395.16223 1432.56478 1395.87067 1430.24154
1030 1395.80141 1432.05371 1395.29761 1430.37207
1031 1396.03060 1433.29818 1395.93003 1428.96769
1032 1395.33067 1432.34896 1396.88694 1430.10872
1033 1395.61603 1433.72738 1396.59484 1428.92375
1034 1395.01060 1432.32454 1395.78309 1428.18132
1035 1395.95682 1433.84863 1395.36045 1427.31087
1036 1396.06813 1433.45898 1396.10012 1428.93156
1037 1395.83185 1434.24479 1396.39773 1429.49577
1038 1395.64203 1433.32747 1395.69949 1429.18717
1039 1395.49823 1434.00228 1395.06719 1426.85384
1040 1395.17213 1433.38607 1395.54259 1429.42480
1041 1395.48076 1433.44889 1396.00491 1429.87565
1042 1395.30038 1433.89591 1396.05701 1429.54972
1043 1395.49545 1433.96842 1395.95414 1428.48210
1044 1395.38871 1434.14453 1396.22720 1429.43750
1045 1395.50384 1433.92741 1396.16966 1429.38965
1046 1395.61474 1433.62467 1395.40790 1428.45239
1047 1395.78484 1434.57389 1395.80991 1426.87174
1048 1395.57175 1433.93392 1396.02028 1428.82243
1049 1395.75441 1435.22689 1395.31399 1427.75977
1050 1395.69527 1433.81543 1395.75379 1427.28841
1051 1395.18231 1434.55737 1395.69521 1425.85677
1052 1395.79249 1434.80241 1395.91644 1428.80762
1053 1395.75328 1435.27653 1395.89199 1427.92057
1054 1395.43657 1434.37240 1395.49414 1427.18978
1055 1395.67197 1434.83919 1395.33942 1426.01465
1056 1395.61711 1434.69401 1395.44746 1429.77702
1057 1395.69086 1435.01823 1395.63924 1429.95866
1058 1395.66027 1433.98828 1395.94454 1430.02018
1059 1394.88209 1433.89746 1395.99394 1428.59245
1060 1395.73211 1434.29688 1395.78146 1429.86816
1061 1395.16057 1434.53882 1395.73645 1429.39624
1062 1395.81531 1434.90299 1395.84488 1429.41667
1063 1395.91852 1434.91374 1395.64860 1428.26139
1064 1396.03380 1435.23177 1395.83970 1430.06771
1065 1395.26464 1434.91659 1396.06233 1429.89486
1066 1395.21931 1435.07747 1395.77181 1428.78190
1067 1395.85134 1435.64006 1396.29154 1428.53971
1068 1395.80926 1435.26042 1396.28451 1430.15299
1069 1395.29610 1435.55827 1396.27450 1430.48047
1070 1395.74549 1434.88265 1395.98003 1429.88379
1071 1396.60753 1436.39551 1396.09727 1429.79688
1072 1396.56334 1435.51758 1396.66165 1432.16699
1073 1395.90555 1435.88053 1396.07523 1431.30241
1074 1395.42765 1435.05021 1395.85827 1431.21680
1075 1395.96094 1436.79036 1395.92738 1429.25456
1076 1395.91250 1435.46777 1395.52789 1430.53451
1077 1396.07272 1435.96777 1395.77329 1429.77279
1078 1395.67810 1435.95353 1395.47192 1429.23600
1079 1395.25239 1436.07747 1395.58800 1427.89095
1080 1395.78718 1436.10286 1395.63761 1429.77311
1081 1396.27523 1437.01221 1395.58246 1430.18823
1082 1396.23312 1436.99609 1395.78034 1430.27214
1083 1395.87463 1436.73633 1395.55258 1428.22461
1084 1395.87201 1436.48112 1395.78187 1430.26367
1085 1395.55371 1436.52767 1396.33067 1430.37337
1086 1395.30050 1435.97363 1396.39819 1429.92155
1087 1395.78370 1437.26237 1396.37944 1429.10579
1088 1396.27668 1437.45280 1396.34114 1433.55794
1089 1395.70763 1437.15885 1396.06204 1433.19336
1090 1396.19671 1437.60514 1395.81703 1430.92611
1091 1396.03436 1438.14225 1395.46847 1430.66862
1092 1395.91421 1437.22005 1395.67543 1432.58822
1093 1395.94737 1437.86849 1395.95589 1432.45345
1094 1395.82702 1437.06999 1395.53930 1431.77311
1095 1396.60388 1438.63062 1395.42482 1430.81315
1096 1395.90848 1437.81901 1395.78018 1433.07682
1097 1395.72844 1438.43913 1395.84215 1433.03223
1098 1395.64155 1437.52441 1395.58304 1432.60807
1099 1395.51797 1437.88444 1395.67882 1431.51400
1100 1395.74917 1437.66886 1395.77135 1433.11947
1101 1395.34402 1437.87467 1395.68000 1432.59212
1102 1395.46604 1437.71029 1395.82755 1432.07861
1103 1395.97447 1438.24512 1395.70918 1431.17025
1104 1396.00175 1438.04785 1396.03147 1432.16309
1105 1396.50718 1438.71891 1396.05221 1431.81885
1106 1395.64021 1437.77832 1396.03653 1431.55990
1107 1394.85540 1437.50456 1395.66849 1430.51872
1108 1395.40208 1438.10417 1395.65373 1431.86458
1109 1395.79917 1438.33138 1395.35252 1432.08626
1110 1396.23119 1438.40527 1395.44988 1431.30501
1111 1395.82596 1438.80632 1395.50884 1430.31852
1112 1395.47069 1438.17635 1395.21348 1431.45280
1113 1395.56663 1438.48486 1395.94016 1432.05111
1114 1395.84494 1438.35189 1396.05804 1431.72786
1115 1395.60882 1439.32975 1395.28006 1430.84928
1116 1395.96604 1438.11035 1395.02346 1431.00488
1117 1395.39144 1438.89193 1395.39146 1431.26107
1118 1395.82525 1438.31315 1395.66424 1430.79818
1119 1395.54537 1439.16406 1395.94046 1430.82357
1120 1395.00078 1438.57487 1395.85980 1434.09440
1121 1395.70675 1439.56380 1395.64601 1433.21875
1122 1395.88761 1438.89583 1395.88181 1432.88346
1123 1395.80871 1438.93294 1396.01471 1432.06250
1124 1395.85593 1439.42318 1396.07636 1433.30306
1125 1395.62133 1439.63997 1395.63756 1433.06510
1126 1396.13704 1439.42220 1395.58569 1432.87142
1127 1396.01868 1439.72591 1395.94113 1432.67432
1128 1396.39531 1439.47331 1395.62519 1434.44108
1129 1395.96196 1439.17318 1395.74044 1434.51074
1130 1395.17991 1439.66862 1395.91270 1433.89486
1131 1395.03208 1440.22852 1396.45821 1433.09896
1132 1395.31542 1439.48958 1396.31610 1434.48665
1133 1395.33084 1439.25822 1395.38668 1434.43132
1134 1395.76995 1439.65560 1395.36705 1434.02604
1135 1395.68374 1440.49707 1395.59553 1433.98242
1136 1395.71380 1439.75391 1395.54085 1433.49805
1137 1395.97747 1440.63672 1395.69955 1433.66667
1138 1395.97965 1439.62988 1395.67592 1432.99609
1139 1395.37829 1439.86361 1395.76400 1432.67749
1140 1395.30040 1438.94076 1395.39217 1433.65243
1141 1395.67427 1440.10482 1395.92484 1434.40942
1142 1395.23450 1439.10742 1396.25351 1435.18327
1143 1395.86637 1440.00000 1395.93125 1433.54915
1144 1396.02661 1439.90674 1396.00949 1433.21582
1145 1396.39748 1440.62240 1396.06151 1434.30868
1146 1395.75070 1440.38656 1396.10863 1434.14648
1147 1394.85977 1440.25781 1395.72650 1433.73145
1148 1395.30506 1440.55754 1395.70076 1433.24935
1149 1395.57972 1440.63810 1395.62486 1433.40299
1150 1395.45998 1440.39648 1396.10211 1433.44987
1151 1395.30577 1440.65234 1395.67605 1432.85929
1152 1394.98188 1439.87207 1395.65833 1435.26042
1153 1395.56076 1440.91504 1395.62599 1435.23698
1154 1395.15922 1440.10270 1395.36235 1435.09961
1155 1395.71167 1441.29785 1395.18682 1434.26139
1156 1396.11743 1441.01693 1395.78473 1434.93587
1157 1395.60353 1440.95540 1396.17688 1436.55632
1158 1396.25928 1441.43945 1395.89660 1435.88021
1159 1395.95455 1442.11100 1396.29581 1435.25000
1160 1395.50185 1441.13216 1396.33991 1435.72852
1161 1395.67354 1441.78678 1396.03705 1435.72982
1162 1395.34323 1440.69857 1395.80435 1435.14583
1163 1395.77089 1441.95540 1395.43495 1434.13029
1164 1396.12714 1441.46224 1395.40875 1434.73600
1165 1396.22166 1442.18791 1395.85320 1436.26310
1166 1396.09279 1441.64103 1395.72674 1435.64453
1167 1395.20889 1441.61133 1395.74566 1436.81641
1168 1395.61211 1441.67383 1396.09195 1436.68848
1169 1395.95801 1441.72949 1395.70633 1437.60514
1170 1395.73018 1442.33268 1395.53718 1436.98145
1171 1394.97367 1441.65625 1396.20144 1437.62109
1172 1395.44368 1442.10547 1396.41815 1437.38298
1173 1394.82709 1441.75260 1396.01565 1436.82227
1174 1395.07520 1441.41333 1395.59653 1435.68034
1175 1395.51673 1442.33659 1395.90846 1435.56388
1176 1395.98783 1442.05241 1395.40944 1436.08366
1177 1396.47670 1443.46859 1395.51423 1435.99870
1178 1395.77943 1442.27295 1395.99251 1435.87630
1179 1395.43040 1442.92676 1395.86975 1436.08138
1180 1395.39121 1442.57511 1396.03753 1435.54590
1181 1396.03127 1443.06120 1395.65278 1434.94336
1182 1395.55678 1442.45931 1395.42036 1434.49186
1183 1395.72938 1442.76562 1395.25554 1434.18913
1184 1394.90083 1441.96419 1395.49187 1437.16374
1185 1395.00068 1442.83350 1395.51212 1437.88672
1186 1395.61763 1442.55892 1395.37459 1437.37012
1187 1395.25608 1442.65527 1395.58940 1436.91740
1188 1395.46381 1442.72754 1396.26911 1437.80477
1189 1395.71097 1443.40788 1396.28803 1438.04590
1190 1395.66515 1443.42432 1395.61794 1437.79915
1191 1396.16141 1443.92188 1395.79006 1436.78711
1192 1395.68866 1443.17952 1395.45608 1437.39225
1193 1395.22587 1442.45312 1395.85718 1437.67350
1194 1395.19511 1443.06510 1395.98365 1436.56315
1195 1395.25786 1443.50684 1396.08144 1436.06543
1196 1395.39794 1443.55176 1396.31249 1437.60002
1197 1395.36150 1443.91895 1396.37545 1438.41764
1198 1396.04349 1443.60677 1396.09727 1437.98706
1199 1395.60863 1443.95020 1395.24822 1436.56738
1200 1394.89230 1443.06022 1395.58424 1437.77026
1201 1396.04074 1444.29663 1394.95414 1437.93669
1202 1395.82995 1443.48503 1395.04183 1437.53613
1203 1395.99398 1444.57129 1395.72375 1437.68400
1204 1396.29675 1444.04622 1395.92592 1438.25716
1205 1395.84604 1444.65527 1395.94739 1438.00684
1206 1395.89905 1444.01953 1395.70396 1437.39225
1207 1395.36558 1444.00195 1396.09331 1435.75911
1208 1395.64876 1443.94857 1395.71234 1436.87467
1209 1395.83075 1443.91146 1395.46872 1437.28190
1210 1395.46548 1444.03548 1395.33159 1437.39941
1211 1394.95171 1443.91732 1395.47607 1435.88509
1212 1395.89862 1445.01139 1395.46562 1438.22233
1213 1395.99308 1444.72559 1395.98786 1438.60815
1214 1395.26325 1443.88444 1395.73987 1438.00781
1215 1395.81227 1444.73112 1395.83031 1436.83927
1216 1396.25353 1444.82747 1396.04193 1440.34456
1217 1395.74070 1444.67773 1396.40617 1440.55827
1218 1396.24545 1444.63078 1396.15100 1439.46354
1219 1395.70189 1444.93132 1395.83059 1438.08398
1220 1395.90042 1444.76978 1395.63984 1439.70573
1221 1395.82749 1445.43001 1395.76370 1439.74422
1222 1395.48160 1444.54883 1395.56822 1438.23372
1223 1395.52818 1445.66764 1395.64570 1437.47721
1224 1395.58154 1444.65088 1395.87863 1439.35319
1225 1395.54210 1445.40747 1395.69052 1439.78182
1226 1395.89826 1445.06559 1395.75994 1439.44010
1227 1395.69832 1445.25488 1395.83955 1438.40918
1228 1396.40065 1445.10563 1395.87659 1439.28906
1229 1396.16307 1445.30632 1395.67490 1440.22396
1230 1395.23865 1444.42220 1395.29815 1440.44303
1231 1395.78943 1445.20605 1395.55887 1439.30664
1232 1395.64320 1444.83521 1395.89629 1441.01823
1233 1395.95086 1445.36882 1396.20843 1441.11849
1234 1395.72937 1444.86426 1396.14562 1439.90755
1235 1395.45388 1445.57088 1396.16422 1438.94499
1236 1395.23965 1445.14535 1396.13117 1439.92244
1237 1395.03461 1444.44661 1395.87246 1440.03630
1238 1396.13893 1445.03890 1395.77725 1439.94596
1239 1395.61157 1444.83374 1395.82015 1439.38786
1240 1395.81570 1444.92904 1396.38889 1440.75513
1241 1396.12748 1445.60482 1396.47947 1440.86654
1242 1395.76397 1444.64811 1396.25164 1440.85254
1243 1395.50886 1445.95833 1396.31952 1439.13053
1244 1396.18064 1445.78296 1396.31581 1440.54915
1245 1394.69932 1445.91113 1396.20852 1440.54590
1246 1394.55355 1444.52596 1395.67309 1439.01774
1247 1395.13945 1445.75130 1395.86817 1438.45964
1248 1395.56734 1445.55127 1395.96889 1442.61328
1249 1396.01646 1445.75065 1396.35726 1442.49870
1250 1395.84506 1445.76530 1396.63510 1441.57552
1251 1396.30785 1446.02726 1396.27899 1440.23901
1252 1394.95863 1444.96029 1396.42709 1442.80078
1253 1395.76491 1445.83431 1396.11058 1442.10710
1254 1396.68998 1445.95508 1396.24507 1441.94564
1255 1396.76480 1446.58138 1395.87485 1441.05876
1256 1396.15623 1446.24723 1395.53483 1442.84570
1257 1395.29877 1445.61035 1395.90613 1443.97168
1258 1396.03002 1446.40658 1395.70287 1442.28288
1259 1396.36759 1446.31576 1395.50442 1441.60872
1260 1396.17041 1446.20638 1395.09132 1441.63249
1261 1396.20562 1446.49870 1394.82133 1441.29460
1262 1395.37463 1445.64095 1395.14541 1440.48958
1263 1395.66256 1446.37948 1395.64739 1440.25749
1264 1395.88063 1445.96940 1395.85966 1442.69531
1265 1396.13522 1446.66992 1395.98710 1441.94629
1266 1395.54479 1445.48405 1396.14365 1440.73926
1267 1396.00414 1446.89518 1396.39193 1440.76400
1268 1395.60963 1445.94857 1396.06716 1443.64787
1269 1395.32739 1446.41781 1396.23528 1444.15169
1270 1395.80133 1446.03288 1396.02726 1443.07585
1271 1395.29398 1445.92660 1395.64024 1441.29069
1272 1395.20077 1446.00814 1395.68026 1442.54622
1273 1395.40250 1446.29948 1395.65940 1441.73014
1274 1395.46478 1446.20345 1395.43382 1441.75163
1275 1395.28432 1446.04329 1395.65214 1440.60319
1276 1395.33506 1446.30534 1395.40537 1442.62223
1277 1395.83898 1446.94124 1395.24507 1442.16789
1278 1396.04374 1447.32780 1395.43528 1441.00618
1279 1395.75802 1446.99015 1396.17296 1441.19840
1280 1395.53003 1445.68978 1395.86824 1443.47233
1281 1395.86723 1446.15299 1395.67499 1442.45435
1282 1395.41846 1446.21354 1395.53061 1442.13867
1283 1395.76482 1447.28288 1395.84654 1442.04492
1284 1395.52886 1446.67708 1395.40618 1443.19368
1285 1395.43854 1446.74707 1395.62876 1442.81559
1286 1396.30728 1447.27083 1395.36961 1442.61003
1287 1395.38243 1447.02376 1395.52353 1442.54818
1288 1395.30333 1446.40462 1395.73563 1443.41895
1289 1395.82012 1447.64616 1395.71181 1442.70117
1290 1395.18927 1446.66300 1395.87896 1441.74536
1291 1395.72160 1447.40788 1395.67971 1441.48568
1292 1395.84728 1446.56185 1395.68447 1443.27344
1293 1395.27347 1446.66927 1395.79455 1442.54525
1294 1395.38616 1446.23926 1396.26029 1441.45768
1295 1394.60274 1445.38770 1396.10492 1442.30070
1296 1395.46815 1446.23079 1395.49900 1443.08366
1297 1395.66585 1446.26953 1395.12496 1443.13257
1298 1395.08725 1446.23991 1395.77654 1442.75260
1299 1395.44740 1446.11296 1395.92231 1442.92676
1300 1395.98614 1447.18490 1395.74966 1443.20801
1301 1396.21239 1447.38737 1395.98667 1443.14583
1302 1396.42498 1446.59603 1395.79999 1442.03125
1303 1395.98161 1446.91089 1395.70397 1442.54329
1304 1395.31796 1445.81706 1396.00623 1443.28060
1305 1395.00676 1446.96387 1395.88637 1441.96029
1306 1395.10812 1446.34180 1396.29033 1440.50228
1307 1396.08111 1447.49862 1396.23106 1440.30013
1308 1395.32561 1446.35539 1396.16372 1442.29061
1309 1396.43133 1447.86068 1395.98176 1441.46387
1310 1396.33461 1447.41724 1396.25376 1440.28377
1311 1395.09967 1446.71029 1396.17776 1439.92578
1312 1395.42856 1447.00098 1395.65166 1442.48210
1313 1395.71801 1448.04688 1395.62284 1443.21745
1314 1395.86256 1447.77694 1395.94364 1442.19173
1315 1396.18776 1448.06966 1396.06266 1442.50000
1316 1396.45816 1447.92415 1395.99464 1444.26302
1317 1395.85942 1447.92415 1395.47560 1443.55827
1318 1395.93096 1447.97168 1395.40261 1442.63411
1319 1395.83023 1448.03483 1395.31909 1442.25423
1320 1395.77912 1447.80924 1395.78600 1444.11751
1321 1396.41131 1447.71289 1396.17992 1443.57096
1322 1395.38532 1447.30754 1396.18746 1442.85059
1323 1395.65144 1447.47559 1396.04026 1442.18831
1324 1395.49155 1446.71484 1396.06040 1443.28320
1325 1395.56845 1447.86890 1395.60979 1443.25716
1326 1396.19518 1447.73014 1395.52396 1442.62500
1327 1395.88757 1448.25781 1394.62561 1441.68132
1328 1395.84362 1447.81283 1395.66721 1444.09505
1329 1395.69329 1448.23633 1395.78278 1443.17448
1330 1395.14391 1446.88696 1395.62215 1442.45540
1331 1395.75576 1448.50846 1395.54285 1442.11426
1332 1396.17955 1447.83008 1395.86702 1443.78451
1333 1396.43980 1448.85547 1396.52290 1443.80469
1334 1395.92314 1448.01603 1396.44084 1443.02214
1335 1395.48233 1448.19499 1395.79440 1442.33691
1336 1395.93642 1448.47290 1395.79613 1442.84009
1337 1395.90517 1448.36230 1395.66967 1443.06152
1338 1395.37867 1447.94238 1395.90430 1442.69368
1339 1395.31919 1447.93066 1395.76733 1442.09465
1340 1395.42867 1447.96973 1396.09518 1443.43815
1341 1395.16973 1448.00618 1395.90973 1442.74251
1342 1395.37750 1448.42480 1396.11445 1442.56966
1343 1395.29455 1448.77572 1395.92825 1441.71615
1344 1395.58651 1448.60905 1396.14075 1445.61499
1345 1396.09378 1448.95443 1395.93488 1445.40690
1346 1396.39584 1448.98690 1395.42840 1444.02767
1347 1395.66018 1449.11621 1395.36111 1443.18424
1348 1394.98062 1447.53483 1395.29062 1443.70312
1349 1395.47458 1448.54948 1395.55814 1443.75448
1350 1395.89601 1448.21842 1396.30006 1443.50846
1351 1396.00093 1449.42057 1396.26075 1442.98804
1352 1395.50851 1448.56999 1395.83664 1444.32194
1353 1396.23830 1449.71134 1395.42761 1444.37467
1354 1396.01499 1449.08529 1395.75786 1444.63184
1355 1395.97954 1449.37549 1395.76986 1443.86589
1356 1396.97533 1449.77832 1395.94296 1445.36784
1357 1395.88619 1449.37695 1396.01450 1445.36719
1358 1395.96170 1449.64225 1396.53990 1445.73958
1359 1396.17950 1450.11133 1396.15718 1444.17253
1360 1395.85019 1449.71606 1396.23255 1443.72786
1361 1396.47183 1449.81608 1395.79509 1443.78548
1362 1395.73833 1448.99707 1395.53980 1442.99707
1363 1395.34068 1448.97168 1395.74856 1441.95020
1364 1395.45154 1448.97957 1395.62294 1443.36426
1365 1395.60270 1448.87370 1395.58613 1444.31315
1366 1396.22935 1449.61165 1396.08852 1444.16724
1367 1395.56084 1449.23397 1395.63384 1443.24479
1368 1395.38135 1449.42904 1395.52743 1443.10978
1369 1396.09171 1450.08293 1395.77458 1443.80672
1370 1396.15370 1449.51945 1395.50923 1442.95182
1371 1395.66940 1449.72721 1395.71762 1442.41276
1372 1396.42245 1449.19466 1395.28547 1442.11947
1373 1396.04537 1450.55859 1395.37866 1441.82552
1374 1396.23626 1450.33276 1395.91565 1443.00643
1375 1396.38081 1450.98372 1395.31073 1441.04362
1376 1395.89959 1449.67057 1394.96443 1443.56901
1377 1395.91353 1449.83203 1394.76919 1443.04590
1378 1394.43695 1448.78133 1395.57139 1443.95378
1379 1395.33409 1449.48250 1395.78767 1443.36507
1380 1395.44471 1449.84277 1396.03863 1444.52832
1381 1395.73989 1450.04720 1396.26317 1444.67578
1382 1395.86905 1449.83919 1396.05446 1445.43913
1383 1395.40232 1450.36556 1396.24077 1445.29232
1384 1395.36016 1450.24414 1396.43211 1445.51449
1385 1395.79468 1450.40885 1396.35938 1445.66797
1386 1395.30243 1450.29134 1396.01848 1445.33138
1387 1396.02075 1450.66227 1396.09464 1444.99056
1388 1396.38767 1450.71159 1395.93068 1444.95605
1389 1396.60440 1451.34774 1395.72824 1444.95736
1390 1395.68335 1450.27148 1395.50010 1444.85742
1391 1396.02065 1450.60286 1395.41168 1445.07812
1392 1395.77581 1449.98592 1395.75042 1444.23014
1393 1395.93801 1451.29167 1395.74206 1443.97298
1394 1395.86522 1450.35962 1395.58368 1443.93685
1395 1395.66296 1451.05534 1395.78601 1444.34212
1396 1396.23944 1451.08464 1395.51342 1444.03548
1397 1396.15192 1451.50944 1396.06145 1444.78092
1398 1395.68457 1450.86296 1396.16091 1444.72884
1399 1395.52592 1451.04264 1396.01063 1444.94368
1400 1394.91459 1450.61491 1396.07456 1443.32406
1401 1395.90814 1451.24316 1395.99339 1444.51139
1402 1395.78911 1451.08236 1395.46565 1443.41146
1403 1396.06551 1450.77856 1395.43911 1443.90007
1404 1396.06642 1451.20898 1395.43646 1442.71777
1405 1395.84797 1450.68701 1395.42919 1442.54329
1406 1395.07821 1449.85872 1395.06493 1442.45215
1407 1395.74104 1450.77669 1395.43630 1442.43978
1408 1395.09163 1449.89551 1395.47101 1444.17025
1409 1396.15822 1451.42578 1395.37515 1444.50326
1410 1395.49693 1450.76953 1395.74073 1444.57324
1411 1396.03585 1451.53939 1395.84400 1445.11556
1412 1395.99793 1451.55143 1395.31247 1444.20719
1413 1395.28896 1451.54688 1395.46607 1445.04004
1414 1396.34398 1451.75130 1395.79730 1445.67822
1415 1396.31518 1452.17806 1396.11753 1446.36914
1416 1396.05224 1451.68327 1395.90477 1445.16992
1417 1396.04443 1452.47819 1395.89536 1445.25496
1418 1395.76070 1450.65039 1395.75322 1444.57340
1419 1396.23821 1451.64225 1395.53498 1443.87199
1420 1395.78942 1450.61719 1395.47265 1444.60514
1421 1395.74949 1451.27734 1394.95909 1444.25521
1422 1396.03276 1451.61491 1395.16445 1443.84570
1423 1395.70208 1451.63314 1394.98251 1444.77865
1424 1396.02662 1451.71484 1396.13069 1444.74414
1425 1395.60284 1451.26953 1395.66242 1445.45378
1426 1394.95680 1451.22396 1395.17815 1444.44889
1427 1395.59747 1451.57585 1395.57229 1444.58162
1428 1395.62921 1451.57552 1396.00588 1444.51888
1429 1396.15965 1451.86442 1396.16234 1445.16927
1430 1396.25514 1451.84538 1396.12011 1445.39160
1431 1395.86024 1452.35262 1395.61982 1443.75553
1432 1396.36206 1452.09375 1396.11447 1443.60677
1433 1396.51188 1453.30046 1396.41095 1444.29525
1434 1395.70784 1451.89811 1396.52035 1444.50846
1435 1396.29268 1452.62077 1396.45743 1444.73950
1436 1395.77372 1451.88509 1396.19457 1443.27181
1437 1395.65234 1452.10384 1395.78558 1443.61328
1438 1395.21297 1451.49072 1395.84119 1443.09619
1439 1395.34275 1452.02319 1396.08432 1442.42480
1440 1395.50425 1452.04004 1396.32206 1445.17611
1441 1396.03811 1452.74699 1395.66460 1444.51432
1442 1395.77752 1452.23991 1395.38046 1444.04574
1443 1395.69958 1452.33757 1395.48138 1444.37988
1444 1396.36116 1452.64518 1395.72334 1445.09351
1445 1396.24980 1453.13216 1396.03213 1445.56641
1446 1395.85133 1452.72331 1396.11241 1444.81217
1447 1395.81160 1453.09993 1396.06038 1444.25724
1448 1396.29007 1453.02246 1394.95837 1444.07161
1449 1395.66673 1451.86174 1395.08702 1444.83496
1450 1395.44413 1452.67407 1395.68026 1444.78003
1451 1395.27445 1453.24520 1395.70842 1444.10677
1452 1395.26201 1452.81055 1395.79576 1444.61947
1453 1395.26935 1453.42448 1395.61145 1445.20247
1454 1396.33821 1453.44141 1395.80897 1445.55371
1455 1396.26786 1454.37297 1395.64036 1443.91284
1456 1396.15051 1453.86499 1395.55678 1443.69043
1457 1395.93704 1454.28971 1395.48751 1444.27767
1458 1396.00100 1453.66634 1395.30424 1443.38574
1459 1395.56111 1454.12012 1396.14417 1444.01725
1460 1394.67180 1452.57275 1396.16764 1443.93262
1461 1395.47764 1453.62240 1396.45762 1444.84880
1462 1395.36255 1453.52637 1396.00870 1444.19694
1463 1395.79348 1454.11458 1396.09663 1443.05176
1464 1396.32993 1454.03434 1396.18921 1443.27865
1465 1396.35964 1454.75098 1396.10793 1442.41235
1466 1395.52627 1454.62630 1395.89962 1442.10872
1467 1395.56340 1454.38851 1395.55757 1443.04232
1468 1396.08630 1454.84953 1395.89522 1444.40299
1469 1396.22526 1455.04036 1395.47063 1444.09928
1470 1395.94540 1454.62695 1395.73135 1442.97754
1471 1396.15538 1454.78809 1395.86490 1443.07088
1472 1396.24021 1454.28125 1396.44736 1446.77799
1473 1396.03670 1454.43815 1396.32241 1446.59408
1474 1396.47197 1454.31991 1396.29352 1446.26855
1475 1396.23819 1454.31120 1395.96660 1444.72070
1476 1395.52484 1453.29256 1396.57849 1445.82617
1477 1395.35352 1453.79883 1396.27361 1445.04232
1478 1395.35737 1453.25374 1395.65972 1443.95964
1479 1395.98436 1454.50846 1395.98284 1445.06576
1480 1395.70810 1454.40104 1395.80494 1445.71810
1481 1395.75561 1454.79622 1395.81255 1445.84147
1482 1395.90691 1454.07682 1396.22488 1445.92415
1483 1395.54757 1454.92122 1395.83978 1444.48763
1484 1396.12425 1455.37492 1395.89527 1445.51701
1485 1395.55776 1455.23893 1395.85595 1445.09961
1486 1395.34312 1454.39062 1396.03142 1445.18311
1487 1395.71957 1454.60620 1395.80100 1445.05306
1488 1395.84708 1454.50488 1395.85543 1445.69596
1489 1396.37565 1455.00423 1395.79034 1445.24056
1490 1395.66380 1454.40397 1395.94993 1445.05078
1491 1395.28890 1454.36230 1395.66217 1444.47176
1492 1395.70930 1454.66113 1395.86018 1445.12541
1493 1395.77732 1454.73730 1395.83016 1445.27637
1494 1396.12857 1454.79134 1395.98023 1445.09229
1495 1395.50800 1454.51725 1395.54446 1444.42741
1496 1395.22392 1454.48372 1395.14201 1445.56510
1497 1396.23136 1455.83984 1395.78481 1445.17586
1498 1396.11799 1455.21940 1395.87815 1444.36068
1499 1396.92210 1456.83724 1395.77732 1443.45866
1500 1395.78462 1455.22689 1395.92209 1444.75391
1501 1395.79254 1455.89225 1396.49546 1445.50977
1502 1395.86085 1454.65137 1396.09371 1444.58333
1503 1395.70899 1455.25952 1396.13542 1444.57682
1504 1395.83229 1455.35807 1395.60393 1446.15682
1505 1396.45797 1455.98218 1395.40912 1445.74292
1506 1395.84513 1455.94963 1395.23481 1445.02604
1507 1395.58537 1455.49137 1395.17949 1444.83040
1508 1395.44638 1455.72965 1396.11991 1447.39030
1509 1396.29239 1456.81413 1396.16442 1446.37500
1510 1396.02266 1456.18132 1395.94114 1445.56934
1511 1395.86701 1456.75781 1395.68405 1444.87565
1512 1396.08521 1456.03792 1395.44662 1446.73145
1513 1396.16498 1455.94108 1395.40896 1447.56925
1514 1395.65296 1455.95833 1395.68407 1446.17546
1515 1395.97925 1455.78231 1396.04145 1444.94214
1516 1396.25701 1455.78158 1395.87342 1445.54264
1517 1396.32483 1455.88118 1395.75118 1445.69108
1518 1396.06880 1455.21615 1396.23104 1445.54557
1519 1395.98113 1455.69889 1395.92858 1444.65495
1520 1395.90520 1454.93229 1396.12123 1446.74438
1521 1396.07546 1456.63216 1395.75623 1446.65592
1522 1396.45037 1455.57194 1395.61062 1445.88444
1523 1396.36655 1456.24422 1396.09674 1445.49146
1524 1396.55588 1455.86263 1395.67839 1447.08398
1525 1395.67229 1455.97461 1395.65429 1447.82259
1526 1396.10624 1455.66829 1395.91559 1445.93717
1527 1395.69050 1455.75488 1395.80165 1445.63021
1528 1395.31053 1455.50260 1395.72299 1446.60677
1529 1395.99036 1455.79183 1395.87212 1445.41602
1530 1396.63910 1456.17513 1395.47128 1445.13835
1531 1395.92871 1455.93327 1395.38703 1444.01139
1532 1396.03713 1456.17090 1395.95768 1445.66740
1533 1396.07750 1456.28971 1396.01774 1445.66374
1534 1395.55975 1456.04858 1395.99529 1443.94661
1535 1395.32360 1455.77376 1395.56179 1444.09831
1536 1395.57276 1454.25521 1395.30720 1465.11296
1537 1395.61115 1455.80778 1395.72082 1466.02865
1538 1395.75943 1455.83854 1396.11499 1467.82650
1539 1395.54307 1456.29297 1396.24974 1469.79004
1540 1395.72958 1455.68351 1395.95584 1464.87760
1541 1395.12460 1455.84733 1396.42745 1465.30664
1542 1394.95946 1455.41675 1396.56288 1466.28646
1543 1394.98612 1456.09408 1396.48693 1467.91943
1544 1395.58223 1455.30404 1396.08089 1463.11328
1545 1395.52366 1456.68522 1396.50248 1464.28353
1546 1395.13633 1455.66252 1396.43779 1465.32747
1547 1396.12566 1457.20345 1395.94060 1466.52490
1548 1395.52677 1456.28971 1395.62512 1462.03548
1549 1395.92310 1457.33659 1395.82634 1462.88737
1550 1396.49525 1457.63444 1395.50000 1463.85156
1551 1395.58126 1457.34082 1395.45378 1466.22591
1552 1395.51934 1456.93783 1396.04751 1462.43831
1553 1395.57452 1456.04525 1396.03810 1463.04346
1554 1396.32951 1456.79915 1396.54765 1464.44312
1555 1396.31163 1457.01953 1396.07649 1465.17562
1556 1395.16639 1456.26562 1395.55208 1459.84310
1557 1396.30053 1457.68197 1395.74012 1461.35189
1558 1396.14013 1456.54183 1396.21342 1462.12565
1559 1395.85399 1456.88151 1396.10459 1464.28418
1560 1395.64496 1456.33496 1396.22388 1460.30013
1561 1395.10014 1457.14095 1395.98927 1460.60189
1562 1395.37963 1456.71452 1395.97944 1460.99756
1563 1396.08570 1457.68587 1395.72902 1462.55827
1564 1395.98524 1457.22624 1396.04347 1458.79508
1565 1395.88760 1457.90202 1395.93981 1460.55729
1566 1395.96491 1458.03125 1395.33884 1461.69434
1567 1395.90241 1457.98633 1395.20227 1463.33105
1568 1395.91657 1457.25513 1395.69661 1461.58203
1569 1395.79940 1457.95964 1395.67882 1462.18945
1570 1395.32904 1457.08594 1395.87869 1463.66268
1571 1395.74618 1457.47640 1396.15305 1465.00195
1572 1396.07351 1457.35132 1395.97694 1460.61621
1573 1395.48160 1457.74805 1395.90454 1461.20801
1574 1396.11483 1458.11125 1395.99237 1461.57161
1575 1395.90463 1458.57357 1395.83370 1462.93164
1576 1396.03033 1458.83887 1395.63578 1459.90934
1577 1395.83867 1457.92041 1395.88798 1460.91659
1578 1395.57263 1458.01701 1395.60544 1462.47038
1579 1396.23831 1458.84456 1396.18310 1464.13346
1580 1395.22307 1457.87630 1396.44249 1460.64681
1581 1394.71356 1458.21061 1395.89310 1461.52214
1582 1396.12295 1458.58105 1396.07992 1463.42578
1583 1395.21861 1458.56771 1395.82296 1463.23828
1584 1395.87156 1458.92904 1395.95680 1460.57267
1585 1395.32692 1459.20190 1396.16107 1461.25879
1586 1395.79083 1459.17090 1395.93007 1462.01432
1587 1395.78756 1460.02311 1395.73768 1462.48446
1588 1395.67460 1458.91797 1395.72345 1458.89876
1589 1396.72027 1460.62956 1396.16006 1459.45117
1590 1396.79110 1460.19499 1396.08315 1460.60286
1591 1395.39900 1459.71541 1396.01468 1462.02637
1592 1395.15015 1458.72135 1396.18997 1458.39844
1593 1395.46630 1459.56576 1395.90054 1459.39258
1594 1395.93589 1460.08366 1396.07269 1460.31893
1595 1396.19835 1459.89453 1395.93678 1461.90560
1596 1395.50492 1459.79264 1395.91126 1458.82324
1597 1395.84163 1460.12565 1395.61455 1458.84920
1598 1395.45601 1459.05387 1396.07381 1459.58040
1599 1396.04570 1460.00814 1396.18075 1460.67708
1600 1395.60669 1459.08464 1396.02331 1459.86100
1601 1395.47433 1459.24259 1396.12768 1460.56405
1602 1396.23501 1459.57682 1395.67693 1460.60189
1603 1396.24282 1460.20931 1395.22645 1460.70508
1604 1396.02935 1459.57129 1395.83135 1457.98665
1605 1395.56983 1460.00944 1396.14424 1459.47884
1606 1396.05644 1460.06689 1396.28714 1460.15072
1607 1396.62752 1461.27344 1395.79295 1460.56510
1608 1395.97478 1460.76270 1395.45444 1458.62305
1609 1395.73506 1461.18522 1395.36850 1459.06771
1610 1396.02644 1460.14583 1395.64323 1460.12240
1611 1396.30088 1460.90877 1395.41950 1461.22754
1612 1396.57951 1460.41309 1395.05419 1457.32129
1613 1396.15372 1460.36686 1395.37397 1458.65072
1614 1396.19151 1460.43880 1395.08856 1458.46680
1615 1395.91259 1461.13021 1395.74390 1460.66764
1616 1395.41439 1460.06738 1395.69289 1456.70133
1617 1396.65984 1460.97786 1396.19172 1457.22689
1618 1395.73455 1460.91504 1395.95638 1457.78971
1619 1396.08595 1461.16447 1395.90848 1457.94694
1620 1395.72837 1461.12467 1396.15005 1455.83073
1621 1395.65459 1461.00814 1395.97288 1457.17578
1622 1396.08025 1461.29818 1395.87350 1458.38729
1623 1396.00346 1461.45117 1396.02614 1458.83765
1624 1395.81706 1460.96582 1395.50524 1456.43075
1625 1395.63053 1461.26294 1395.62778 1457.12500
1626 1395.94319 1460.13257 1396.05510 1457.20475
1627 1396.30331 1461.20638 1396.40383 1458.26888
1628 1396.35536 1460.58529 1396.28567 1454.55908
1629 1395.90754 1461.68457 1395.88195 1455.11458
1630 1396.20757 1461.23096 1395.72677 1455.83333
1631 1395.68871 1461.15658 1395.86955 1456.01302
1632 1395.81305 1460.90039 1395.44438 1455.55729
1633 1396.33886 1461.62956 1395.26925 1456.51107
1634 1395.85615 1461.98210 1395.34246 1457.33301
1635 1395.75944 1461.69792 1395.90599 1458.45776
1636 1395.55399 1461.67057 1395.87597 1455.93555
1637 1396.28790 1462.30957 1395.81776 1455.94027
1638 1396.40426 1462.15039 1396.45358 1457.95801
1639 1395.41853 1462.24609 1396.44592 1458.77930
1640 1396.26437 1461.96362 1396.26270 1456.47160
1641 1395.82329 1461.35986 1396.49504 1457.43091
1642 1395.76555 1461.42969 1396.50652 1459.07227
1643 1395.92102 1461.53841 1395.99691 1457.95801
1644 1396.50086 1462.10579 1395.46847 1456.04004
1645 1396.01029 1462.85547 1395.57678 1455.87467
1646 1395.42265 1461.90072 1395.29540 1456.83431
1647 1395.87349 1463.03841 1395.57417 1457.96354
1648 1395.91760 1461.81738 1396.15116 1456.06185
1649 1395.97234 1462.71574 1396.16129 1456.10579
1650 1396.28742 1462.07422 1395.95662 1457.17879
1651 1396.00210 1462.81348 1395.43625 1457.70565
1652 1395.48631 1461.84570 1395.56665 1454.94238
1653 1395.42174 1461.87199 1396.54761 1457.07357
1654 1395.54824 1460.86751 1396.16981 1456.98307
1655 1396.22669 1462.39575 1396.11255 1457.11987
1656 1396.52050 1462.00814 1396.40551 1454.15658
1657 1395.93869 1461.86849 1395.72889 1454.55534
1658 1395.57418 1461.72249 1395.70149 1455.24382
1659 1395.59910 1461.42896 1395.63636 1456.58268
1660 1395.86564 1461.90755 1395.40151 1451.77865
1661 1395.69153 1462.42440 1395.46670 1452.99447
1662 1396.03368 1462.16333 1395.50990 1454.24740
1663 1396.65141 1462.96419 1395.17261 1455.34863
1664 1395.92034 1462.16797 1395.81570 1456.66276
1665 1395.82827 1462.85319 1395.57547 1457.11133
1666 1395.80147 1462.54582 1395.54854 1457.09473
1667 1396.07295 1463.27702 1395.70002 1458.32682
1668 1395.06249 1461.52441 1395.58323 1454.76432
1669 1395.06890 1461.55664 1395.85670 1456.24585
1670 1395.78360 1461.86556 1396.15964 1456.17285
1671 1395.71937 1462.58813 1396.16011 1457.36654
1672 1395.82876 1461.99251 1396.15831 1454.25806
1673 1395.69296 1462.87451 1395.67506 1455.20833
1674 1395.72279 1461.57422 1395.98983 1457.05404
1675 1396.33889 1463.00496 1395.84971 1456.68652
1676 1395.71041 1462.27148 1395.20194 1454.59733
1677 1395.44289 1462.60352 1395.61460 1455.90658
1678 1395.55723 1462.16016 1396.00660 1456.80428
1679 1395.06150 1461.99284 1395.65044 1456.70085
1680 1396.00898 1462.58773 1394.89757 1454.19979
1681 1395.71465 1461.95443 1395.50437 1455.11003
1682 1396.08446 1462.55656 1395.82394 1456.19271
1683 1395.94039 1462.00618 1395.69934 1456.22640
1684 1395.78149 1461.40234 1395.47253 1454.41276
1685 1396.27069 1461.92025 1395.67792 1454.19849
1686 1396.23293 1461.31803 1395.41910 1454.54883
1687 1395.62157 1461.88672 1395.55711 1454.49902
1688 1395.53177 1461.54004 1395.74375 1453.64974
1689 1395.13404 1461.89909 1395.20809 1453.61776
1690 1395.52698 1461.69775 1395.41488 1455.28939
1691 1395.70409 1462.64160 1395.89227 1455.47591
1692 1395.77040 1462.51921 1396.30074 1453.97819
1693 1395.93733 1463.45264 1395.83316 1453.82422
1694 1395.93405 1462.74902 1396.63263 1454.85010
1695 1395.72130 1463.06364 1396.44479 1453.59733
1696 1396.41731 1462.76758 1395.94780 1454.33724
1697 1395.86072 1462.89990 1396.04481 1454.73047
1698 1395.62917 1461.98079 1395.95311 1455.41895
1699 1395.98119 1462.32324 1395.72311 1455.44922
1700 1395.65592 1462.05697 1395.58721 1454.02865
1701 1396.26004 1462.89673 1396.10543 1454.24935
1702 1395.98240 1462.91756 1395.77647 1454.72591
1703 1395.62693 1462.96908 1394.98067 1454.65951
1704 1395.74209 1462.48861 1395.37126 1453.41146
1705 1396.32181 1462.53809 1395.28146 1453.85742
1706 1396.08514 1462.76742 1395.72515 1454.97461
1707 1396.44322 1463.52995 1395.86858 1454.85970
1708 1396.67724 1463.32454 1395.60192 1453.99316
1709 1396.52330 1463.48796 1396.40597 1455.37321
1710 1395.88437 1461.48299 1396.86679 1455.88786
1711 1395.10377 1461.98112 1396.28179 1456.45410
1712 1395.27951 1462.25179 1395.72327 1454.14551
1713 1396.08129 1462.90365 1395.64040 1455.06323
1714 1395.74457 1462.02344 1395.70871 1455.05924
1715 1395.56777 1462.79167 1395.67047 1455.56274
1716 1395.51291 1462.13021 1395.75812 1452.89624
1717 1395.64712 1462.85205 1395.99485 1453.95288
1718 1395.88923 1462.61011 1395.73752 1454.21452
1719 1395.93470 1463.48470 1395.55358 1455.09277
1720 1395.79655 1463.29948 1396.07209 1453.42961
1721 1395.62502 1462.81868 1395.69099 1453.54557
1722 1396.31535 1462.76204 1396.02116 1453.62866
1723 1396.32372 1462.36654 1396.07984 1453.66504
1724 1396.17713 1463.26562 1396.02309 1451.37240
1725 1395.99140 1462.61296 1396.33925 1453.36133
1726 1396.08314 1462.39941 1395.99573 1453.96216
1727 1395.75247 1462.61328 1395.79168 1454.08757
1728 1395.84676 1462.71159 1395.99850 1453.95850
1729 1396.13998 1463.12435 1395.62863 1454.49121
1730 1396.38295 1463.55835 1395.53330 1455.10124
1731 1396.41826 1464.26693 1395.66743 1455.14225
1732 1395.51126 1462.59049 1395.90315 1453.90755
1733 1395.75339 1463.49089 1395.74525 1454.10091
1734 1395.51624 1462.61719 1395.95899 1454.89925
1735 1396.20061 1463.60238 1396.05560 1455.52376
1736 1395.57048 1462.42285 1396.23454 1454.64258
1737 1395.03072 1462.58887 1395.59149 1454.91927
1738 1395.15642 1462.27482 1395.54132 1455.01139
1739 1395.72039 1463.41602 1395.31407 1454.61621
1740 1396.27407 1463.45638 1395.62814 1452.99959
1741 1396.27398 1463.59310 1396.49636 1453.70532
1742 1396.30069 1462.80664 1396.12853 1453.81380
1743 1396.53151 1463.81340 1395.29276 1453.54297
1744 1395.78914 1463.34180 1395.71176 1451.79655
1745 1396.31173 1463.56836 1396.19816 1452.63053
1746 1396.21586 1463.55762 1396.46481 1453.62695
1747 1396.29842 1463.43978 1396.13037 1454.20182
1748 1396.10170 1463.44222 1396.27763 1452.54785
1749 1395.82883 1463.47298 1395.86623 1453.84277
1750 1396.31588 1463.61857 1395.91159 1453.87402
1751 1395.44262 1463.18587 1396.16786 1454.21745
1752 1395.59808 1462.76090 1395.95304 1453.10677
1753 1395.91787 1463.50521 1396.43983 1454.17708
1754 1396.32545 1463.28166 1395.44110 1453.68262
1755 1396.53496 1464.36458 1395.76120 1453.73088
1756 1395.89168 1462.45500 1396.73289 1452.16040
1757 1395.56438 1462.97331 1395.79786 1451.77474
1758 1396.42944 1462.92871 1395.67061 1451.67399
1759 1395.98696 1463.12598 1396.17635 1452.30143
1760 1396.81451 1463.94238 1396.19006 1452.79883
1761 1396.46951 1463.80892 1396.40127 1454.32251
1762 1396.01347 1463.31494 1395.92212 1453.97201
1763 1396.27443 1463.33919 1395.26103 1454.53239
1764 1395.35531 1463.03923 1395.43665 1452.60189
1765 1395.12766 1462.31608 1395.13358 1452.04956
1766 1395.32481 1462.29167 1395.61630 1452.92098
1767 1395.49720 1463.10872 1395.81532 1454.23722
1768 1395.42823 1462.60352 1396.02863 1453.95215
1769 1395.77375 1463.24284 1395.61119 1454.31763
1770 1396.13969 1463.88770 1395.68621 1453.55640
1771 1396.25243 1463.90299 1395.93844 1454.91829
1772 1395.16361 1462.99772 1396.03762 1452.24837
1773 1395.57996 1463.50814 1396.00473 1452.43001
1774 1396.64726 1463.94360 1395.61607 1453.07340
1775 1396.05727 1464.48763 1396.03421 1454.10579
1776 1396.50237 1464.02148 1396.82184 1452.38981
1777 1396.24096 1464.43229 1396.29072 1452.28451
1778 1395.78588 1463.15072 1396.47104 1453.06901
1779 1395.36765 1463.43945 1396.14484 1454.07552
1780 1395.96854 1462.71444 1395.77434 1451.74731
1781 1396.69447 1463.76270 1395.70352 1452.75033
1782 1396.27720 1463.33073 1395.83214 1452.12109
1783 1396.18832 1463.44759 1396.25146 1453.33398
1784 1395.82006 1462.90592 1395.91909 1450.23877
1785 1396.10412 1463.37467 1396.09665 1450.93758
1786 1395.93848 1463.56250 1395.87649 1451.82503
1787 1396.41497 1463.72445 1396.00213 1451.88656
1788 1395.73559 1463.66960 1395.86180 1449.62435
1789 1395.20781 1462.99251 1396.24153 1451.19564
1790 1395.42613 1462.90072 1396.06761 1451.69043
1791 1395.77352 1463.67188 1395.99626 1452.02311
1792 1396.45356 1463.33691 1396.48989 1446.48763
1793 1396.29540 1463.46615 1395.86698 1447.09749
1794 1396.75537 1463.41081 1395.82974 1446.80143
1795 1397.05198 1464.56771 1395.67529 1444.26758
1796 1395.99822 1463.51400 1395.75634 1445.31812
1797 1395.00430 1462.93945 1395.81888 1446.24186
1798 1396.23359 1463.28092 1395.75900 1446.08529
1799 1395.78311 1463.90007 1395.84007 1444.27238
1800 1395.92585 1463.61784 1395.72075 1444.91406
1801 1396.29005 1464.81087 1395.27565 1445.43783
1802 1395.35146 1462.47493 1395.44518 1445.64876
1803 1395.54558 1463.45996 1395.65125 1443.94629
1804 1396.09292 1463.70150 1395.34686 1444.79883
1805 1396.72525 1464.44531 1395.20792 1445.39583
1806 1395.56986 1462.60547 1395.28960 1444.66764
1807 1394.99316 1462.31087 1395.74616 1444.78027
1808 1395.50519 1462.81348 1396.08307 1444.84440
1809 1396.01104 1463.33333 1395.80065 1445.90169
1810 1396.04670 1464.00293 1395.82407 1445.76481
1811 1395.61542 1463.03971 1395.80044 1443.82365
1812 1395.05462 1462.74202 1396.75309 1444.93652
1813 1396.10495 1463.96810 1396.16810 1445.02051
1814 1396.25723 1463.65365 1395.74365 1444.94010
1815 1395.54165 1463.86678 1395.96255 1443.11556
1816 1395.42947 1463.25659 1396.24107 1444.36003
1817 1394.80546 1463.18555 1396.41186 1444.71549
1818 1395.82505 1463.59928 1395.93323 1443.84212
1819 1396.58778 1464.24699 1395.66086 1442.04411
1820 1396.48689 1463.47591 1395.98605 1443.35124
1821 1396.33461 1463.52702 1396.07745 1443.70312
1822 1395.81606 1462.96842 1396.51604 1443.62533
1823 1395.84988 1463.74186 1395.92396 1441.24121
1824 1395.76560 1463.23763 1395.34607 1443.74406
1825 1395.56723 1463.74251 1395.38191 1444.41699
1826 1395.57525 1463.42773 1395.76108 1444.13346
1827 1395.38565 1463.60352 1395.81395 1442.58040
1828 1396.05409 1463.88273 1395.66835 1443.64128
1829 1396.14921 1463.72412 1395.10094 1443.74455
1830 1395.88856 1463.75195 1395.44586 1443.65910
1831 1395.16080 1463.77669 1395.11037 1441.81608
1832 1395.11655 1463.30111 1395.62957 1443.21191
1833 1396.25216 1463.92692 1396.11579 1444.91016
1834 1396.14362 1463.77962 1396.07492 1444.59196
1835 1396.24574 1463.53613 1396.12735 1442.39453
1836 1395.94962 1462.87044 1395.44443 1442.94173
1837 1395.77545 1463.18978 1395.69755 1442.93978
1838 1395.59666 1462.51237 1395.99002 1443.78711
1839 1396.12675 1464.11589 1396.05030 1442.08691
1840 1396.60141 1463.58431 1396.30165 1444.24935
1841 1396.62935 1464.04232 1395.92216 1443.93132
1842 1396.29609 1463.87891 1395.80136 1443.46289
1843 1396.77173 1464.94954 1395.74180 1441.27832
1844 1396.47447 1463.53516 1395.69848 1441.95736
1845 1395.89406 1463.95361 1395.71681 1441.93115
1846 1396.34302 1464.05143 1395.61249 1442.00163
1847 1395.58346 1464.04557 1396.02244 1441.48210
1848 1396.91141 1464.08431 1395.98551 1442.86466
1849 1396.03827 1463.74609 1395.72205 1442.40820
1850 1396.03407 1464.15951 1395.92312 1442.14160
1851 1395.35949 1463.13965 1395.88108 1438.99089
1852 1395.29099 1463.67480 1395.64435 1440.59277
1853 1395.69531 1463.73177 1395.67711 1441.00423
1854 1395.47430 1463.56657 1395.94528 1440.99121
1855 1395.77529 1463.88753 1395.96352 1439.42904
1856 1396.42215 1463.73568 1395.75064 1442.53516
1857 1396.58572 1464.19303 1395.64435 1442.89941
1858 1396.27937 1463.74512 1395.37691 1443.08040
1859 1395.80128 1463.98698 1395.22502 1441.54818
1860 1395.85752 1463.37044 1395.80574 1442.54492
1861 1396.31133 1464.12826 1395.82888 1442.51888
1862 1396.33519 1463.00260 1395.79337 1442.32983
1863 1396.98363 1464.03971 1395.92599 1440.10645
1864 1396.53228 1463.32243 1396.17221 1441.90495
1865 1396.12079 1463.79036 1396.28337 1442.21704
1866 1395.78514 1462.82357 1396.15996 1442.85710
1867 1395.90972 1463.92188 1395.49262 1440.75130
1868 1396.13576 1464.29004 1395.54912 1441.48608
1869 1396.69429 1464.58789 1395.33226 1441.57137
1870 1396.76441 1463.91243 1395.44036 1441.54329
1871 1396.25367 1464.33040 1395.51547 1439.63737
1872 1395.95144 1463.92936 1395.77016 1440.25920
1873 1395.81638 1463.37695 1395.88093 1441.03711
1874 1395.78695 1463.28231 1395.59244 1441.24967
1875 1395.02741 1462.29948 1395.96824 1439.65755
1876 1395.31456 1463.03809 1395.50012 1440.11466
1877 1395.23622 1462.65137 1395.47672 1439.79631
1878 1396.34011 1463.44499 1396.19288 1441.37793
1879 1395.81440 1463.41081 1396.20415 1439.10221
1880 1395.29170 1462.58854 1396.04892 1439.02767
1881 1396.26629 1464.15983 1395.73803 1440.12850
1882 1395.77252 1463.36523 1395.22911 1439.89095
1883 1395.69051 1463.78418 1395.40432 1438.14421
1884 1395.85414 1462.95125 1395.92860 1437.97103
1885 1395.82774 1464.25033 1395.74437 1437.90755
1886 1396.17465 1463.92448 1396.31245 1439.17904
1887 1396.04506 1464.00659 1395.72447 1437.13444
1888 1396.26263 1463.77767 1396.00538 1440.64062
1889 1396.35328 1463.70898 1395.64383 1440.77344
1890 1395.69581 1463.17065 1395.61718 1440.50716
1891 1396.08174 1462.79818 1395.56718 1439.78613
1892 1395.96111 1462.48177 1395.66553 1439.96940
1893 1395.57552 1463.17513 1395.54107 1440.36442
1894 1395.53375 1462.77572 1395.60724 1441.23210
1895 1395.13633 1462.97656 1395.54586 1438.89160
1896 1395.30997 1462.54679 1395.09039 1438.97852
1897 1395.52637 1462.36849 1395.49659 1440.12956
1898 1395.58880 1462.22917 1395.77966 1440.74284
1899 1395.95342 1462.37142 1395.62488 1438.84440
1900 1395.20688 1462.61426 1396.04022 1440.10026
1901 1395.93348 1462.77181 1395.73835 1438.92383
1902 1395.26036 1461.54850 1395.48143 1439.08626
1903 1395.72429 1462.51847 1395.72709 1438.95654
1904 1395.46391 1461.69792 1395.60380 1439.10417
1905 1395.55090 1462.29028 1395.25266 1438.41016
1906 1395.88968 1461.40137 1395.26442 1438.93978
1907 1395.46900 1462.47982 1395.23710 1437.69792
1908 1395.96949 1462.23177 1395.37857 1438.82357
1909 1396.56026 1463.17057 1395.53488 1439.54688
1910 1396.60578 1462.94206 1395.76004 1439.53337
1911 1396.10325 1462.74382 1395.99612 1438.68522
1912 1395.73783 1462.30892 1395.73052 1438.62956
1913 1395.95636 1462.42415 1395.96378 1439.44141
1914 1396.11602 1462.02043 1396.06553 1439.12174
1915 1396.49071 1462.10840 1395.98674 1437.88802
1916 1395.92530 1461.93392 1395.85614 1438.07218
1917 1395.99200 1461.75098 1395.85325 1438.85514
1918 1396.01046 1461.43815 1395.87430 1439.33822
1919 1396.32790 1462.39681 1394.95662 1437.26799
1920 1395.94038 1461.77246 1394.84635 1439.27116
1921 1396.12494 1461.92171 1395.34403 1440.05957
1922 1395.81629 1461.37077 1395.54206 1440.60286
1923 1395.71682 1462.17773 1395.67776 1439.20353
1924 1395.64210 1461.59798 1395.68380 1439.08732
1925 1395.48892 1461.78711 1396.12252 1440.14225
1926 1396.09136 1461.83496 1396.07616 1439.98796
1927 1395.92611 1462.45703 1396.15838 1439.10710
1928 1396.56881 1461.97656 1395.79184 1438.25887
1929 1397.02496 1462.60710 1395.49102 1439.21029
1930 1395.66886 1461.23844 1395.55202 1439.76270
1931 1395.67814 1461.55200 1396.39682 1439.87663
1932 1395.87116 1461.00382 1396.25573 1439.99316
1933 1396.50621 1461.87728 1396.32865 1439.67904
1934 1395.50900 1461.04264 1396.28464 1440.09701
1935 1395.36879 1461.07389 1395.78448 1439.32585
1936 1396.30725 1461.72168 1395.21230 1438.76750
1937 1395.89696 1461.28320 1395.27910 1438.82357
1938 1395.85056 1461.63802 1395.82817 1438.71484
1939 1395.90451 1461.16528 1396.05862 1438.24577
1940 1395.28367 1460.65495 1395.51235 1437.21029
1941 1396.15588 1461.75814 1395.62957 1437.85872
1942 1395.71200 1460.57487 1395.81771 1438.76237
1943 1396.30511 1461.40609 1395.90408 1437.22005
1944 1395.61827 1460.31934 1395.43056 1436.12533
1945 1395.68220 1460.25488 1395.54770 1437.86979
1946 1395.47919 1459.47884 1395.12261 1438.26042
1947 1396.34464 1460.63208 1395.56349 1437.34831
1948 1396.54074 1460.24707 1396.09589 1436.41732
1949 1395.98169 1460.79785 1395.94265 1435.84049
1950 1394.78045 1459.45833 1396.36820 1436.06283
1951 1395.43614 1460.46940 1396.07226 1434.22428
1952 1395.53731 1460.11816 1395.69727 1435.99577
1953 1395.73382 1460.90495 1396.18064 1437.02409
1954 1395.84354 1460.58358 1396.65964 1438.04167
1955 1396.22222 1461.31706 1396.02384 1435.93717
1956 1395.44792 1460.62240 1395.79482 1436.25586
1957 1395.74026 1460.47852 1395.23386 1436.94857
1958 1395.63344 1461.12044 1395.51254 1437.16732
1959 1396.23994 1461.03125 1395.77921 1436.13672
1960 1396.41552 1460.70182 1395.43825 1435.35547
1961 1395.58651 1459.79826 1395.55129 1436.63647
1962 1394.84646 1459.87988 1395.39299 1437.49089
1963 1395.46426 1460.57227 1395.46276 1436.07324
1964 1395.57060 1460.28231 1395.53803 1436.53345
1965 1395.43700 1460.68457 1396.17489 1436.76506
1966 1395.88887 1460.33789 1395.99371 1437.43229
1967 1395.50401 1460.73145 1395.60457 1435.82780
1968 1395.55644 1460.55151 1395.88640 1436.15104
1969 1395.92319 1461.51969 1396.10070 1435.85221
1970 1395.89663 1460.22884 1395.97411 1436.22135
1971 1396.30354 1461.01953 1396.15086 1436.13444
1972 1396.12742 1460.07552 1396.41884 1436.55827
1973 1396.48885 1461.13151 1396.21150 1436.88672
1974 1396.33040 1460.22803 1395.94697 1437.27279
1975 1395.90367 1460.36230 1395.80204 1436.40267
1976 1396.17841 1460.66634 1395.87316 1435.39095
1977 1396.64526 1461.22005 1395.67812 1435.15365
1978 1396.38448 1460.81087 1396.09666 1435.54126
1979 1395.91082 1460.17513 1395.89079 1434.71094
1980 1395.60294 1460.70605 1395.43348 1433.38216
1981 1395.81056 1460.64941 1396.22924 1435.22331
1982 1395.49491 1459.91081 1396.25814 1434.18392
1983 1396.06416 1460.45866 1395.72313 1433.96745
1984 1396.29680 1459.95996 1395.78359 1435.70964
1985 1395.63884 1460.01628 1395.97479 1436.80566
1986 1396.46455 1460.47917 1395.64106 1437.47917
1987 1396.50911 1460.67090 1395.78072 1435.95996
1988 1396.56816 1459.85579 1396.27532 1436.61882
1989 1396.08705 1459.89323 1396.38944 1437.08610
1990 1396.38261 1459.80469 1395.91868 1437.28906
1991 1396.18513 1459.98210 1395.73842 1436.90397
1992 1396.73339 1459.92773 1396.42119 1437.09277
1993 1396.49890 1460.95931 1395.97531 1436.58464
1994 1395.64821 1459.08301 1395.90307 1437.00065
1995 1395.78692 1459.65885 1395.62284 1436.07650
1996 1396.41046 1459.91016 1395.63167 1435.76864
1997 1396.02127 1459.92904 1395.60868 1435.35970
1998 1396.25046 1459.81152 1395.29081 1436.19230
1999 1395.73867 1459.49772 1395.43078 1435.12663
2000 1395.55612 1459.16602 1395.37500 1434.53125
2001 1395.72167 1458.94930 1395.36915 1434.78743
2002 1395.94141 1459.27563 1395.49434 1435.62533
2003 1395.56391 1458.30094 1396.33312 1435.75326
2004 1396.49426 1459.52124 1396.00779 1434.14648
2005 1395.80231 1459.10970 1395.88668 1435.05371
2006 1395.69650 1458.71354 1395.40070 1434.96777
2007 1395.67158 1459.25260 1396.04628 1435.34766
2008 1395.76062 1459.07772 1395.76876 1433.82227
2009 1396.17544 1460.05924 1395.41581 1433.51953
2010 1395.15825 1458.39388 1395.60548 1434.61979
2011 1395.47927 1459.27702 1395.94455 1434.53483
2012 1395.15069 1458.23519 1396.42466 1433.73991
2013 1395.60010 1459.20085 1396.26109 1434.72721
2014 1395.74338 1458.59440 1395.83782 1434.54525
2015 1395.57865 1458.85872 1395.91919 1434.50846
2016 1396.38176 1458.95223 1396.05477 1434.72168
2017 1395.74896 1458.58464 1395.96328 1435.31795
2018 1396.89770 1459.41309 1396.08037 1436.56934
2019 1396.44974 1459.37467 1396.07249 1436.80469
2020 1396.17532 1459.33757 1396.09234 1435.04557
2021 1396.50362 1459.81795 1396.08535 1434.90397
2022 1396.07334 1458.47184 1396.20357 1435.72282
2023 1395.91460 1458.93880 1396.17455 1435.34977
2024 1395.93086 1458.57129 1395.50893 1434.03906
2025 1396.03626 1458.22721 1395.39589 1434.72201
2026 1396.37001 1458.71549 1395.74285 1435.37077
2027 1396.80192 1458.63151 1395.62725 1434.48079
2028 1395.62889 1457.62956 1395.69207 1431.53125
2029 1395.99262 1457.82324 1396.15868 1433.62174
2030 1396.29088 1457.43848 1395.59597 1435.14714
2031 1396.44002 1458.17114 1395.89364 1435.26204
2032 1396.08824 1457.41960 1396.50723 1434.10352
2033 1395.51721 1458.18815 1396.57799 1435.00399
2034 1396.57742 1457.87598 1396.34821 1435.64746
2035 1396.52086 1458.64941 1395.67327 1434.19564
2036 1396.05716 1457.40788 1396.22126 1432.91577
2037 1396.35739 1458.38867 1396.57575 1434.66317
2038 1395.99053 1457.65072 1396.33425 1435.53353
2039 1396.30495 1457.96387 1395.89315 1433.96419
2040 1396.00652 1457.22656 1396.21028 1432.02799
2041 1396.26223 1457.63021 1396.35468 1431.97331
2042 1395.83262 1456.76009 1396.34631 1434.05200
2043 1396.14706 1456.74316 1396.51889 1434.20573
2044 1395.64795 1456.67936 1396.51130 1433.62012
2045 1395.99760 1456.99056 1396.57285 1433.39648
2046 1396.13397 1456.83398 1396.17417 1434.78581
2047 1396.20188 1456.82812 1396.03275 1434.60156
2048 1395.84728 1455.45540 1396.04563 1444.02962
2049 1395.72958 1456.34733 1395.51967 1443.34855
2050 1395.25732 1455.81510 1395.25717 1443.22982
2051 1395.46705 1456.78841 1395.52033 1443.09766
2052 1395.22731 1456.00130 1395.51997 1441.85636
2053 1395.84690 1457.08171 1396.15984 1441.99243
2054 1395.67978 1456.07585 1396.23759 1442.24504
2055 1395.49558 1456.28678 1395.65008 1441.19531
2056 1396.07029 1455.99089 1395.74532 1440.00065
2057 1395.41524 1456.12419 1396.15034 1440.42936
2058 1395.11489 1454.70402 1396.16654 1440.46517
2059 1395.80940 1455.91927 1395.39583 1440.94141
2060 1395.34897 1455.12923 1394.97630 1438.88542
2061 1396.35496 1457.06836 1395.14238 1438.76530
2062 1396.05054 1456.04557 1395.61512 1439.32878
2063 1395.41019 1455.66699 1396.07347 1439.85677
2064 1395.47605 1455.50749 1396.13051 1438.42594
2065 1395.34990 1455.48739 1395.86414 1437.52474
2066 1395.29399 1455.29753 1395.56083 1437.05241
2067 1394.71512 1454.62313 1396.08486 1438.50163
2068 1395.15092 1454.27702 1396.14500 1437.62305
2069 1396.03703 1454.49902 1395.62953 1437.57764
2070 1396.51547 1454.88542 1395.67394 1437.44564
2071 1396.09148 1455.27897 1396.15062 1437.43034
2072 1395.84287 1454.22729 1396.02431 1435.94694
2073 1395.12046 1454.06706 1396.03554 1436.54167
2074 1394.92232 1453.71094 1395.65656 1436.78255
2075 1395.58152 1455.14844 1395.66307 1436.62728
2076 1395.49498 1454.52702 1396.12743 1437.09408
2077 1396.15045 1455.82992 1396.10423 1436.76530
2078 1395.37057 1454.22949 1396.41709 1437.40959
2079 1396.62739 1455.77214 1396.07619 1437.41634
2080 1396.15011 1454.64616 1395.95644 1437.84318
2081 1395.56145 1455.15527 1396.17188 1437.49382
2082 1395.43481 1454.33366 1396.42019 1437.57536
2083 1395.29211 1454.17318 1396.08536 1438.61947
2084 1395.52523 1453.76888 1395.72140 1437.27637
2085 1395.06824 1453.37142 1395.79700 1437.21745
2086 1395.63691 1453.44922 1395.50160 1438.25098
2087 1395.70280 1454.54818 1395.52944 1438.47876
2088 1396.00587 1453.99455 1395.73719 1437.73934
2089 1396.24035 1454.32454 1395.87844 1437.74870
2090 1396.69135 1454.64852 1396.07636 1437.53255
2091 1396.36886 1454.97754 1396.35403 1437.86654
2092 1396.15283 1454.22656 1395.96989 1436.49699
2093 1396.45099 1455.09375 1395.89987 1437.22559
2094 1395.59733 1454.04395 1395.94867 1437.42839
2095 1395.92567 1454.80794 1395.12641 1436.67236
2096 1396.48909 1454.14486 1395.64255 1436.38542
2097 1396.69276 1454.81706 1395.85705 1437.04850
2098 1395.76640 1453.34082 1395.68460 1437.26270
2099 1395.97913 1453.97591 1395.80329 1436.70540
2100 1395.73213 1452.72689 1395.55791 1435.79582
2101 1395.38092 1453.18815 1395.91599 1436.05664
2102 1395.71663 1452.85514 1396.13319 1436.19759
2103 1395.63785 1453.51131 1395.74469 1436.65462
2104 1395.51577 1452.33496 1395.87399 1435.44181
2105 1395.26957 1453.11930 1395.81808 1435.52995
2106 1395.74526 1453.60254 1395.82875 1436.69434
2107 1395.40011 1453.10645 1395.84169 1436.16374
2108 1395.52638 1453.72550 1395.83554 1435.73796
2109 1396.28814 1453.97852 1395.75828 1435.47591
2110 1396.09480 1453.08659 1394.87233 1434.75293
2111 1396.44496 1453.91154 1395.42400 1435.59635
2112 1395.98527 1452.78776 1395.48215 1436.25944
2113 1395.55222 1452.70931 1395.61522 1436.21647
2114 1395.46501 1451.59204 1395.61896 1436.30306
2115 1395.91828 1452.66829 1395.62299 1436.37240
2116 1396.11906 1452.49512 1395.43881 1435.28158
2117 1396.13848 1453.28125 1395.79751 1435.89160
2118 1396.42023 1452.68620 1395.14205 1434.90169
2119 1396.37237 1453.32780 1395.44493 1435.39355
2120 1396.73097 1452.96712 1395.69229 1435.89844
2121 1396.15981 1453.02865 1395.95267 1435.78548
2122 1396.26225 1452.07161 1396.15325 1436.52734
2123 1395.77358 1452.55273 1396.08597 1436.57161
2124 1395.58140 1451.80859 1395.91843 1435.26497
2125 1396.08937 1452.23665 1395.79065 1434.56999
2126 1396.15561 1451.82129 1395.94500 1435.39640
2127 1396.01045 1451.96021 1395.87307 1435.68132
2128 1395.75422 1450.91829 1395.81982 1434.66178
2129 1396.29798 1451.64616 1395.78812 1434.48763
2130 1395.72101 1451.19206 1396.14107 1434.31576
2131 1395.52356 1451.11336 1395.60203 1434.25749
2132 1395.61636 1451.41504 1395.07661 1433.00260
2133 1395.62608 1451.38379 1395.56964 1433.09766
2134 1396.48861 1451.40039 1395.94526 1433.67326
2135 1395.74392 1451.39453 1396.09872 1433.61393
2136 1395.72744 1451.05078 1395.35363 1432.53809
2137 1395.84542 1451.47656 1395.37868 1432.45996
2138 1395.41655 1450.12533 1395.26986 1432.88053
2139 1396.14624 1451.61621 1395.63422 1432.90690
2140 1395.77195 1449.45898 1395.96028 1431.95801
2141 1395.38137 1450.04525 1395.58533 1431.60417
2142 1396.08356 1450.14681 1395.66634 1432.35539
2143 1396.19456 1451.10612 1395.78435 1431.81934
2144 1396.31544 1450.69206 1396.02108 1433.68750
2145 1395.42829 1450.38704 1396.11596 1434.09212
2146 1395.58146 1450.36198 1395.96683 1434.15934
2147 1395.80252 1450.68066 1395.47117 1433.46615
2148 1395.31150 1450.27214 1395.44723 1432.16520
2149 1396.63636 1451.40007 1395.64880 1432.62956
2150 1395.94782 1450.25749 1395.78783 1433.61784
2151 1395.21411 1450.24772 1395.77887 1433.75326
2152 1396.32822 1450.30664 1395.90466 1433.03678
2153 1396.55293 1450.00586 1395.78646 1433.29549
2154 1396.04120 1449.82373 1396.20413 1433.50195
2155 1396.24204 1449.71810 1396.37038 1433.54102
2156 1395.55605 1449.33529 1396.29378 1432.56112
2157 1395.36418 1449.14022 1396.33124 1432.45215
2158 1395.62547 1448.52799 1396.52555 1433.38411
2159 1395.75321 1449.24080 1396.17536 1433.68913
2160 1396.27722 1449.05306 1396.13451 1432.39551
2161 1396.14734 1449.99674 1395.87829 1431.63574
2162 1396.10255 1448.47298 1396.13494 1431.72819
2163 1396.09041 1449.54395 1395.97643 1432.12826
2164 1396.42067 1448.87288 1395.48236 1431.09538
2165 1395.82921 1448.69401 1395.56441 1431.48763
2166 1396.08575 1448.32715 1395.49241 1432.22428
2167 1395.96643 1448.28125 1395.78100 1431.50488
2168 1396.44649 1448.21379 1396.31771 1430.76562
2169 1395.93527 1447.98926 1396.17982 1430.74707
2170 1396.17616 1447.76628 1395.31560 1429.66797
2171 1395.84263 1447.66243 1395.38019 1430.96224
2172 1396.14638 1447.75716 1395.10300 1429.52962
2173 1395.66059 1447.66927 1395.27304 1429.21672
2174 1395.68581 1447.61361 1395.88350 1430.12207
2175 1395.89537 1448.01953 1396.06515 1430.12109
2176 1395.92317 1446.98828 1395.93969 1431.95345
2177 1396.34544 1447.65438 1396.31486 1432.67155
2178 1396.13797 1447.73210 1395.94819 1432.73796
2179 1396.37194 1448.12052 1396.31234 1432.81152
2180 1396.07481 1447.14307 1396.08558 1431.50879
2181 1396.38507 1447.50456 1395.97310 1432.06641
2182 1396.08777 1446.44499 1395.77243 1431.88509
2183 1396.02599 1447.08496 1396.12698 1431.86784
2184 1396.09551 1446.57682 1396.00686 1431.68717
2185 1395.55455 1446.90820 1396.16055 1432.13184
2186 1395.88552 1446.29720 1395.20707 1432.05664
2187 1396.36495 1446.85148 1395.20982 1431.54362
2188 1396.31814 1446.42904 1396.16540 1431.02116
2189 1396.25139 1446.55843 1395.71578 1430.35352
2190 1395.66528 1445.86426 1395.40391 1430.85734
2191 1394.63250 1445.13574 1395.15043 1431.43490
2192 1395.06979 1445.19230 1395.38285 1430.40332
2193 1395.84045 1445.92342 1395.42886 1430.44010
2194 1395.97532 1445.85286 1395.71240 1430.82096
2195 1395.76251 1445.66081 1395.57295 1430.80078
2196 1395.36674 1444.75293 1395.36862 1429.76123
2197 1395.55326 1445.04753 1395.64587 1429.51367
2198 1396.20405 1445.31543 1396.21250 1430.43197
2199 1396.50962 1446.12297 1395.99814 1430.25716
2200 1395.67775 1444.86361 1396.01374 1429.83447
2201 1395.05323 1445.22819 1395.91204 1429.19857
2202 1395.77874 1445.42415 1395.50499 1429.56185
2203 1395.69307 1445.86296 1395.44137 1429.64860
2204 1395.62592 1444.89901 1395.34548 1428.61556
2205 1395.66568 1445.24056 1395.81368 1428.66536
2206 1394.84864 1443.98926 1395.84246 1428.74292
2207 1396.10579 1445.66829 1395.37324 1428.36556
2208 1395.86294 1444.25098 1395.74681 1430.20020
2209 1396.07679 1445.25179 1395.80501 1429.46574
2210 1396.27493 1444.94173 1395.24226 1429.84017
2211 1395.36995 1444.16048 1395.61352 1429.68042
2212 1395.67618 1444.06413 1395.41672 1429.04590
2213 1395.86035 1444.15007 1395.27770 1429.73429
2214 1396.41635 1444.55957 1395.78966 1430.25000
2215 1396.95314 1445.23551 1395.69318 1430.54362
2216 1396.00621 1444.37923 1395.96693 1429.65788
2217 1396.28430 1444.44629 1395.84916 1429.28084
2218 1395.59936 1443.59473 1396.08924 1429.47135
2219 1396.10491 1444.52946 1395.68605 1429.17057
2220 1396.17544 1443.56217 1395.13548 1428.07682
2221 1395.93502 1444.07552 1395.40650 1428.25993
2222 1395.68040 1442.83040 1395.65026 1429.69824
2223 1395.58149 1443.29362 1395.80613 1429.45573
2224 1395.93611 1442.76855 1395.90202 1428.85970
2225 1395.93498 1443.54159 1396.10067 1428.58236
2226 1395.83126 1442.84945 1396.21077 1429.29329
2227 1395.79991 1443.72624 1396.26722 1430.22087
2228 1395.09180 1442.34204 1395.74668 1428.58561
2229 1395.18376 1443.29818 1395.66361 1428.50195
2230 1395.30808 1442.60938 1395.90891 1428.86068
2231 1395.15703 1443.08626 1395.75655 1428.93213
2232 1395.37740 1442.50358 1396.10692 1427.88900
2233 1395.50455 1442.99382 1396.14436 1428.01595
2234 1396.18561 1443.80957 1395.87728 1428.03874
2235 1396.20855 1443.43693 1395.93560 1428.15658
2236 1395.83969 1443.09603 1395.52269 1426.78516
2237 1395.91606 1443.06217 1395.74795 1427.07031
2238 1395.69595 1442.79264 1395.79745 1427.39616
2239 1395.71959 1443.34180 1395.98458 1427.11426
2240 1395.86573 1442.95736 1395.65032 1427.92806
2241 1395.50575 1442.99902 1396.21477 1428.57454
2242 1395.75539 1442.28613 1396.21158 1428.99251
2243 1395.70569 1442.86686 1395.52847 1427.94987
2244 1396.37070 1442.91634 1395.62017 1428.28223
2245 1395.77566 1442.72168 1396.01799 1428.83496
2246 1395.52762 1441.95605 1395.80996 1427.85010
2247 1395.16063 1442.22982 1395.80720 1427.59440
2248 1395.21583 1441.26066 1395.76204 1427.07479
2249 1395.20496 1442.02897 1396.07902 1428.54753
2250 1395.07728 1440.86719 1395.83996 1428.65918
2251 1395.22231 1441.50106 1395.74029 1428.92936
2252 1395.17250 1440.92285 1395.62977 1428.06673
2253 1395.79256 1442.25618 1396.19100 1428.52083
2254 1395.35255 1441.28198 1396.14214 1429.80534
2255 1395.71139 1442.01042 1396.17582 1429.22428
2256 1395.71617 1441.71973 1395.97807 1428.63802
2257 1395.99602 1441.96126 1395.69272 1428.53491
2258 1395.50056 1441.95850 1395.55218 1428.20540
2259 1395.65756 1442.07853 1396.08246 1428.72876
2260 1395.42256 1441.95833 1396.03123 1426.66699
2261 1395.62887 1442.31120 1396.24955 1426.87598
2262 1396.61677 1442.43905 1396.32223 1427.28190
2263 1396.25174 1442.26107 1396.01340 1427.66561
2264 1396.41658 1441.72786 1395.63382 1426.96061
2265 1395.40587 1441.60221 1395.88065 1427.31250
2266 1395.63500 1440.68001 1395.99775 1428.21354
2267 1395.76817 1442.17643 1395.83208 1427.60775
2268 1395.79975 1441.28320 1395.62380 1426.51074
2269 1395.76142 1441.71159 1395.95757 1427.25911
2270 1396.05693 1441.12240 1395.94817 1427.57064
2271 1395.40734 1441.20540 1396.28088 1427.94271
2272 1396.01081 1441.45345 1396.44221 1428.84505
2273 1396.08405 1441.85758 1396.14851 1428.27116
2274 1395.55131 1441.18872 1396.00235 1428.12663
2275 1396.12084 1441.98991 1395.62399 1428.24772
2276 1395.87194 1441.46842 1395.96165 1427.64486
2277 1396.08482 1441.22949 1396.14191 1427.42773
2278 1395.21034 1440.22852 1395.85843 1428.05697
2279 1395.34440 1441.09041 1395.68522 1428.18066
2280 1395.28604 1440.53027 1395.66403 1427.58626
2281 1395.11782 1440.23193 1395.57414 1427.37557
2282 1395.99392 1441.64290 1395.28173 1428.73568
2283 1395.11307 1440.77799 1395.51150 1429.46712
2284 1395.77166 1441.32292 1395.65721 1427.52450
2285 1396.17500 1441.91113 1395.58260 1427.70638
2286 1395.48859 1440.89323 1396.03510 1428.63314
2287 1394.64109 1440.87565 1396.01670 1428.43685
2288 1396.24827 1441.53206 1395.50667 1427.00195
2289 1395.54416 1442.20410 1395.35461 1427.85449
2290 1395.85168 1440.89909 1396.21010 1428.86556
2291 1395.82114 1441.64453 1396.21532 1428.78092
2292 1395.87021 1440.57389 1396.08003 1427.47103
2293 1396.07533 1440.77384 1396.06482 1428.53752
2294 1395.60691 1439.96615 1395.95431 1428.75163
2295 1395.91921 1440.78092 1396.20018 1427.94019
2296 1396.12015 1440.42318 1396.44213 1425.98796
2297 1396.26565 1440.49512 1395.96390 1426.38118
2298 1396.47572 1439.96322 1396.22100 1427.19857
2299 1396.46855 1440.28125 1396.25282 1427.18197
2300 1396.16285 1440.24040 1396.26260 1426.33789
2301 1395.74146 1439.57747 1395.95830 1426.19238
2302 1396.34296 1439.82520 1395.63367 1426.35417
2303 1396.44430 1440.39225 1396.20302 1426.98242
2304 1396.04873 1439.95312 1396.21044 1428.29883
2305 1396.03479 1439.64176 1396.24107 1427.95451
2306 1395.98185 1439.07145 1396.61986 1426.64974
2307 1395.83857 1439.46525 1396.51636 1423.79590
2308 1396.30118 1439.08073 1395.95028 1427.46940
2309 1396.28417 1439.34351 1395.53615 1427.14616
2310 1396.39051 1439.06217 1395.29790 1425.33333
2311 1396.15698 1439.76009 1395.23371 1422.29883
2312 1396.11452 1439.35872 1395.74722 1425.74015
2313 1395.84377 1439.36686 1396.06190 1426.28678
2314 1396.44324 1438.64421 1395.96467 1425.29850
2315 1396.30503 1439.38509 1396.34932 1422.52539
2316 1396.19591 1439.08105 1395.92256 1425.62923
2317 1395.92094 1438.66862 1395.88146 1424.76628
2318 1395.93144 1438.20825 1396.05931 1423.73926
2319 1395.29531 1437.71517 1395.54263 1420.77865
2320 1395.63611 1437.68359 1395.79706 1425.03613
2321 1395.35749 1437.71436 1395.55579 1425.13216
2322 1395.37377 1437.67676 1395.71452 1423.78581
2323 1395.62415 1437.57194 1395.28186 1421.04395
2324 1395.19650 1436.95443 1395.47918 1424.31348
2325 1395.64591 1438.00342 1396.06680 1424.43620
2326 1395.76606 1437.54395 1396.05000 1423.19336
2327 1396.36195 1438.46224 1395.70254 1420.58626
2328 1396.63149 1438.23275 1395.87711 1424.22396
2329 1395.70513 1438.16414 1395.58384 1423.05306
2330 1396.87514 1438.11035 1396.10005 1422.02083
2331 1396.67450 1438.63078 1396.70806 1419.55379
2332 1396.39709 1437.25651 1396.75978 1424.06999
2333 1396.07935 1436.97103 1396.28932 1422.76790
2334 1395.15023 1435.22526 1395.54973 1421.16927
2335 1395.65672 1436.09277 1395.85271 1418.87240
2336 1396.00787 1435.67741 1395.78950 1423.82454
2337 1395.47191 1435.65430 1395.67820 1423.94694
2338 1396.16168 1436.01986 1395.26912 1422.26042
2339 1394.74420 1434.99870 1395.52018 1419.70833
2340 1395.83981 1436.10579 1395.60822 1423.88965
2341 1396.15142 1436.21712 1395.28320 1423.18587
2342 1395.88902 1435.96322 1394.98426 1421.78906
2343 1396.20875 1436.31095 1394.96502 1418.71175
2344 1395.99056 1435.84049 1395.74530 1422.01131
2345 1396.13990 1435.93717 1395.90312 1421.07650
2346 1396.36064 1435.99772 1396.29111 1420.98836
2347 1395.84519 1435.54297 1396.17254 1418.71403
2348 1395.70293 1434.97632 1395.92861 1421.78190
2349 1395.59472 1435.28451 1396.21166 1421.87858
2350 1395.65726 1434.45150 1396.12127 1421.19368
2351 1395.81666 1435.35645 1395.54592 1418.52344
2352 1395.63944 1435.14974 1395.36203 1420.84513
2353 1396.04555 1435.93066 1396.00331 1421.50423
2354 1395.85812 1435.00130 1395.78428 1420.91895
2355 1395.62686 1435.40007 1395.52996 1417.61426
2356 1395.97196 1435.22428 1395.46606 1420.61426
2357 1395.89722 1435.89551 1395.28707 1419.34408
2358 1395.54113 1434.29329 1395.10254 1418.58561
2359 1395.45014 1434.46387 1395.06933 1416.27311
2360 1395.95749 1434.08659 1395.38217 1419.52148
2361 1395.65283 1433.82300 1395.74261 1419.72070
2362 1395.76041 1433.96354 1395.70864 1418.39974
2363 1395.95446 1433.96257 1396.15819 1416.04720
2364 1395.51763 1433.92383 1395.95511 1419.61100
2365 1395.86271 1433.96322 1395.86239 1419.48665
2366 1395.21633 1433.46484 1396.01472 1418.19759
2367 1395.18710 1433.64128 1396.19353 1415.60832
2368 1395.61667 1433.39518 1395.55111 1419.98568
2369 1396.26318 1434.28092 1395.53313 1420.18294
2370 1395.99455 1433.70378 1395.49622 1419.34115
2371 1395.30353 1433.44238 1395.61454 1417.07324
2372 1395.91701 1432.76595 1395.80396 1420.03581
2373 1396.19099 1433.45703 1395.62345 1419.65560
2374 1395.74209 1432.73861 1395.85329 1418.42090
2375 1395.57364 1433.06803 1395.95224 1416.07625
2376 1395.28072 1431.97852 1396.00696 1419.66178
2377 1395.97810 1433.00879 1396.38675 1419.60091
2378 1396.17625 1432.25130 1396.63047 1418.06380
2379 1396.21838 1433.11768 1396.79182 1415.51693
2380 1396.43118 1432.77083 1396.38252 1418.96484
2381 1396.22912 1433.02767 1396.12664 1418.59416
2382 1395.80405 1432.23592 1395.87880 1416.83887
2383 1395.38501 1432.29427 1395.96691 1414.45638
2384 1396.16103 1432.02181 1396.09057 1416.53743
2385 1396.05756 1431.84538 1395.58946 1416.43880
2386 1395.75223 1431.44751 1395.38552 1415.11230
2387 1395.75085 1431.41113 1395.18141 1412.10742
2388 1395.18086 1430.79915 1395.14104 1415.71012
2389 1395.54353 1431.18880 1395.39187 1416.01725
2390 1395.56654 1430.45247 1395.80574 1415.34367
2391 1395.19304 1430.99902 1395.14502 1411.93262
2392 1395.46481 1430.21094 1395.35617 1414.49837
2393 1395.83801 1430.87663 1395.35365 1415.10514
2394 1396.01238 1430.53752 1395.60120 1414.15820
2395 1395.90739 1431.60449 1395.73260 1411.91309
2396 1395.04105 1430.36198 1396.30315 1414.29907
2397 1395.12390 1430.82747 1396.21155 1414.06510
2398 1396.06173 1430.21191 1395.60557 1413.96094
2399 1395.64012 1430.50000 1395.94710 1411.89128
2400 1395.67990 1430.14811 1395.64002 1416.07682
2401 1395.08385 1429.92155 1395.59102 1415.01237
2402 1395.60700 1429.43034 1396.16307 1414.14030
2403 1396.07935 1428.98356 1396.10832 1412.75382
2404 1396.08810 1429.13159 1395.59391 1414.87850
2405 1396.36976 1429.66667 1395.87769 1414.92773
2406 1395.92476 1428.85482 1395.41959 1413.83561
2407 1395.92182 1428.78255 1395.00351 1410.99805
2408 1395.65702 1428.39388 1395.27052 1413.77930
2409 1395.61459 1428.34961 1395.17357 1414.34082
2410 1397.06938 1429.53613 1395.74596 1414.93978
2411 1396.32170 1428.46948 1395.60369 1411.71615
2412 1395.55554 1428.26628 1395.47825 1413.95052
2413 1395.85359 1428.77376 1395.65772 1414.28971
2414 1395.69103 1427.67741 1395.92991 1413.57585
2415 1396.08473 1428.30501 1395.52458 1411.98763
2416 1395.74083 1426.80664 1395.66988 1413.54134
2417 1395.32317 1427.33040 1396.07032 1413.91341
2418 1395.11057 1425.92969 1395.85118 1412.76107
2419 1394.98663 1426.48861 1395.66725 1410.53939
2420 1395.01677 1425.74740 1395.60073 1412.22103
2421 1396.02076 1426.84408 1396.03337 1412.12663
2422 1395.80451 1426.46126 1395.72580 1411.62663
2423 1396.45720 1426.57324 1395.95750 1410.03841
2424 1395.62799 1425.79688 1396.11727 1411.85742
2425 1395.20084 1425.62402 1395.98638 1412.77669
2426 1396.40957 1426.05827 1395.69247 1411.99772
2427 1396.19405 1426.06543 1395.90596 1410.45736
2428 1395.85984 1425.96566 1395.87865 1411.40975
2429 1396.39027 1426.23828 1395.40612 1411.10905
2430 1396.11134 1425.39518 1395.03730 1410.22363
2431 1396.00606 1424.98714 1394.84725 1407.43416
2432 1396.07121 1424.78711 1394.87465 1411.44434
2433 1396.38540 1425.45589 1394.90328 1411.54167
2434 1395.80131 1424.84115 1395.63388 1412.09733
2435 1395.86662 1425.36458 1396.16906 1410.97502
2436 1395.43660 1424.30819 1395.73108 1412.81087
2437 1395.42079 1424.53369 1395.72692 1413.04883
2438 1396.12925 1424.67448 1396.15362 1413.62085
2439 1395.83544 1424.95866 1396.63186 1411.72982
2440 1396.25893 1424.68587 1396.16529 1411.74674
2441 1395.91276 1424.79427 1395.90385 1411.79891
2442 1396.00399 1424.09277 1395.76316 1411.57682
2443 1396.25819 1424.25749 1396.04900 1409.75228
2444 1395.51365 1422.97917 1395.63595 1412.59863
2445 1395.81694 1423.62565 1395.86930 1411.88021
2446 1395.96140 1423.21940 1396.08517 1411.44401
2447 1395.54630 1423.37769 1395.55995 1409.22819
2448 1395.79662 1422.92415 1395.77289 1410.89453
2449 1395.90348 1422.91992 1395.76907 1412.00488
2450 1395.92473 1423.18066 1395.81220 1410.38086
2451 1395.46712 1422.60319 1395.99454 1408.61816
2452 1395.02094 1422.13249 1395.71007 1410.45638
2453 1396.04454 1423.18522 1395.91239 1411.19401
2454 1395.55884 1422.51693 1395.67431 1411.08724
2455 1395.71306 1423.27409 1396.31024 1409.15495
2456 1395.71244 1422.55729 1395.56319 1410.21094
2457 1395.26918 1422.27474 1395.51328 1409.29850
2458 1396.08052 1421.52507 1395.45095 1408.74609
2459 1396.57004 1422.66667 1395.47130 1407.09049
2460 1395.55527 1420.98861 1395.74890 1407.95964
2461 1396.28418 1422.21745 1395.50236 1407.33488
2462 1396.00659 1421.49382 1395.56444 1406.89421
2463 1396.51415 1422.24447 1395.82224 1405.08854
2464 1396.25846 1421.52767 1395.80753 1409.08496
2465 1395.88255 1422.03646 1395.82706 1409.14128
2466 1395.63391 1421.18294 1396.33386 1408.41992
2467 1394.95249 1420.30827 1395.66066 1405.66992
2468 1395.74693 1421.06836 1395.23171 1408.03011
2469 1396.37255 1421.00684 1395.19988 1408.06803
2470 1396.56175 1421.01790 1395.20375 1407.62793
2471 1396.29421 1421.13672 1395.69094 1405.42318
2472 1395.33807 1419.72917 1395.51584 1407.27311
2473 1395.54419 1419.89648 1395.05665 1407.40088
2474 1396.19581 1420.24023 1395.10104 1406.15007
2475 1396.17115 1420.64290 1395.63875 1404.05762
2476 1395.61202 1419.62500 1395.78691 1406.62533
2477 1395.89810 1420.58529 1395.78195 1407.40527
2478 1395.23621 1419.39648 1395.74453 1407.91764
2479 1396.02992 1420.15446 1395.76472 1405.41130
2480 1395.41022 1419.65430 1395.31212 1407.50358
2481 1395.72977 1420.44824 1395.53366 1406.98633
2482 1395.60303 1419.31706 1395.36333 1405.42985
2483 1395.50978 1419.64095 1395.40320 1403.46387
2484 1395.67437 1418.88672 1395.50986 1405.21875
2485 1395.29313 1419.03809 1395.56235 1405.67448
2486 1395.46758 1418.17578 1395.53936 1405.91536
2487 1395.71484 1418.47949 1395.39299 1403.94141
2488 1395.00105 1416.92643 1395.51145 1406.32975
2489 1395.20112 1417.46810 1395.30929 1405.75260
2490 1396.07912 1418.15918 1395.05655 1404.39844
2491 1395.75231 1417.67611 1395.49351 1401.80892
2492 1394.82556 1417.56445 1395.35275 1404.84277
2493 1394.40902 1416.90234 1395.63611 1405.45931
2494 1394.77351 1416.90812 1395.67129 1404.18587
2495 1395.88897 1418.28971 1395.52576 1402.46810
2496 1396.01646 1417.62435 1395.32819 1405.41113
2497 1395.83998 1417.79004 1395.07737 1405.91439
2498 1395.95137 1417.37337 1395.67063 1405.93913
2499 1395.66327 1417.41374 1395.82678 1403.92131
2500 1395.80061 1416.60278 1395.84193 1405.99316
2501 1395.78046 1417.07324 1396.01112 1405.58423
2502 1395.71538 1416.28776 1395.59788 1404.89583
2503 1396.05449 1416.22721 1395.68118 1402.78703
2504 1395.51742 1415.25423 1395.75061 1406.00423
2505 1395.34739 1416.69564 1396.17923 1406.17253
2506 1395.95604 1416.55111 1395.74031 1404.51465
2507 1395.88604 1416.89844 1395.41227 1401.38216
2508 1395.46145 1415.88672 1395.46010 1404.33276
2509 1396.14850 1416.43359 1395.73177 1404.38542
2510 1396.10041 1415.71615 1395.83795 1404.21615
2511 1396.07668 1415.96810 1395.46404 1402.28190
2512 1395.81840 1414.85417 1395.05292 1403.94010
2513 1395.68080 1414.51139 1395.54736 1403.43848
2514 1395.90568 1414.62272 1395.90654 1403.17635
2515 1395.88650 1414.43327 1395.38826 1400.65340
2516 1396.28892 1414.61882 1395.31686 1403.12012
2517 1396.43230 1414.87272 1395.53997 1403.62305
2518 1395.90938 1414.12077 1395.73507 1402.61719
2519 1395.23629 1413.71452 1395.54947 1400.19694
2520 1394.80665 1413.23503 1395.47023 1402.52409
2521 1395.34869 1414.43197 1395.34220 1402.00944
2522 1395.78507 1413.79362 1395.65417 1401.20280
2523 1395.92330 1414.46484 1395.83639 1398.64567
2524 1395.55477 1413.11458 1395.93046 1401.72266
2525 1395.92719 1413.90169 1395.78689 1401.48600
2526 1396.21382 1413.53483 1395.80136 1400.69425
2527 1396.07196 1413.58822 1395.90343 1398.78337
2528 1396.77043 1412.96419 1396.03414 1403.48340
2529 1395.65557 1412.57161 1395.44814 1403.30632
2530 1395.54802 1411.96956 1395.68437 1402.62370
2531 1395.76451 1412.28353 1395.95151 1400.27873
2532 1395.85562 1412.64095 1396.24603 1402.36068
2533 1396.96846 1413.60189 1396.33961 1402.75065
2534 1395.61322 1411.97982 1395.88909 1401.96940
2535 1395.84561 1412.97795 1396.03302 1399.65690
2536 1396.50060 1412.82845 1395.73461 1402.35254
2537 1395.81578 1412.22974 1395.96683 1402.09611
2538 1396.50777 1412.84505 1395.93511 1400.40332
2539 1396.58902 1412.07129 1395.72263 1397.49748
2540 1395.88355 1411.76440 1395.48561 1399.25000
2541 1395.76074 1411.27799 1395.32060 1398.80697
2542 1395.10110 1410.08032 1395.92253 1399.52865
2543 1396.08920 1411.07943 1395.32180 1397.01969
2544 1396.14526 1410.04582 1395.49196 1399.13672
2545 1395.99857 1411.14128 1395.55667 1398.77734
2546 1396.01416 1409.86751 1395.86312 1399.36914
2547 1395.35543 1410.09115 1395.95925 1396.71297
2548 1395.36037 1409.52205 1396.18002 1398.49284
2549 1395.92690 1410.37826 1396.11321 1398.81934
2550 1395.65479 1409.77018 1395.80372 1398.73763
2551 1395.90232 1409.76074 1395.62726 1396.91471
2552 1395.34724 1408.85758 1395.57163 1398.05859
2553 1395.77407 1409.28084 1395.55004 1397.06030
2554 1396.01361 1408.88216 1395.50644 1396.95540
2555 1395.33232 1408.21973 1395.62308 1394.95345
2556 1395.57932 1408.51921 1395.52579 1397.87565
2557 1396.11863 1409.04753 1395.44868 1397.28369
2558 1395.40190 1408.35588 1395.31751 1396.22770
2559 1396.03140 1408.06323 1395.76962 1395.61532
2560 1395.68166 1406.64225 1396.07285 1400.97485
2561 1395.78173 1407.89355 1396.03677 1402.88802
2562 1396.02231 1407.62386 1396.41894 1403.11751
2563 1396.25358 1407.92708 1395.78925 1402.81803
2564 1396.47879 1407.28809 1395.90960 1401.06120
2565 1395.85337 1407.25846 1396.07546 1400.13216
2566 1396.16619 1406.12606 1395.59234 1400.54655
2567 1395.48437 1406.52563 1395.45490 1401.30501
2568 1395.76682 1406.08366 1394.95665 1397.50358
2569 1395.29826 1406.09277 1395.59006 1398.37834
2570 1396.02202 1405.24097 1395.54751 1398.51660
2571 1396.42930 1406.14746 1395.32565 1400.18815
2572 1396.20857 1405.81576 1395.36222 1397.31901
2573 1396.71038 1406.52352 1395.64366 1397.96891
2574 1396.15385 1405.73177 1395.94740 1398.19629
2575 1396.53166 1405.93197 1395.87291 1399.54281
2576 1396.66808 1405.82023 1395.38161 1396.56144
2577 1396.19118 1405.68197 1395.34040 1396.80859
2578 1395.90582 1405.36816 1395.60668 1397.34408
2579 1395.80836 1404.68327 1395.87719 1398.39551
2580 1395.20465 1404.45638 1395.87118 1395.43717
2581 1395.66736 1404.75749 1396.37660 1396.44889
2582 1395.60276 1404.30249 1396.02472 1396.23958
2583 1395.75089 1404.13314 1396.27401 1397.23511
2584 1395.39236 1403.21191 1395.61665 1393.98730
2585 1394.42567 1402.96810 1396.54760 1394.39355
2586 1395.05232 1402.66211 1396.33895 1394.44108
2587 1394.86544 1403.20671 1395.72611 1395.87826
2588 1395.26180 1402.33333 1395.37378 1392.55111
2589 1395.58185 1403.40967 1395.59864 1393.15169
2590 1394.44070 1401.47038 1395.80638 1394.68392
2591 1395.30523 1402.40137 1395.86720 1395.72038
2592 1396.20756 1402.28923 1395.47687 1393.31868
2593 1396.40852 1402.33529 1395.37921 1393.90788
2594 1396.07476 1401.85547 1395.50072 1394.63574
2595 1395.04566 1401.32056 1395.34213 1395.47917
2596 1395.16206 1401.44564 1395.32399 1391.76855
2597 1395.73799 1401.33586 1395.87797 1393.00553
2598 1395.76760 1400.83162 1396.26409 1394.33512
2599 1396.13263 1401.51009 1396.02843 1395.46810
2600 1395.31674 1400.43327 1395.61383 1392.30892
2601 1396.06172 1401.25065 1395.62014 1392.55241
2602 1396.73083 1401.28385 1395.69620 1392.63509
2603 1395.89730 1400.73991 1396.13062 1394.08496
2604 1395.63372 1400.20003 1396.01505 1391.00415
2605 1395.47128 1400.68392 1396.07341 1392.39486
2606 1395.18023 1399.65202 1396.25636 1393.98991
2607 1395.43891 1400.08138 1395.61491 1393.71029
2608 1395.93704 1399.66650 1395.30775 1390.61263
2609 1395.69495 1399.75977 1395.64203 1391.16650
2610 1395.96409 1399.16732 1395.79189 1391.88810
2611 1395.53295 1399.37077 1395.36552 1392.56217
2612 1395.73384 1398.09212 1395.59606 1388.97135
2613 1395.25674 1398.55273 1395.33868 1390.67448
2614 1395.62892 1397.80762 1395.47509 1390.88151
2615 1395.45467 1398.31014 1395.70132 1392.82878
2616 1395.46793 1397.59367 1395.02831 1388.18555
2617 1395.03523 1397.59277 1394.97115 1388.65430
2618 1395.20006 1397.72363 1395.32107 1390.55729
2619 1395.41152 1397.46289 1396.05097 1392.33236
2620 1395.25157 1397.61426 1395.55765 1388.34245
2621 1395.81531 1397.75553 1395.12942 1387.58268
2622 1395.48175 1396.59147 1395.31301 1387.54297
2623 1395.38920 1396.58529 1395.40101 1389.42611
2624 1395.18426 1395.27669 1395.58230 1389.32389
2625 1395.47245 1395.95174 1396.03777 1390.07617
2626 1396.27994 1395.71159 1396.10342 1390.59635
2627 1394.99463 1395.26497 1395.61898 1391.57650
2628 1395.08558 1394.97428 1395.65644 1387.85555
2629 1396.02574 1395.89225 1395.59862 1389.04102
2630 1396.21787 1395.62427 1395.70604 1389.59448
2631 1395.85234 1395.87793 1395.13479 1390.31917
2632 1395.47170 1394.48014 1395.00120 1387.12109
2633 1396.15607 1395.23698 1395.03238 1388.34342
2634 1395.73544 1393.96452 1395.12617 1389.12500
2635 1395.70092 1394.60124 1395.59058 1390.48047
2636 1396.06134 1393.84440 1395.70362 1386.84798
2637 1395.65375 1393.87272 1395.80787 1387.75488
2638 1395.21122 1393.02865 1396.07199 1389.09668
2639 1395.61500 1392.89746 1396.25921 1391.15072
2640 1396.06239 1392.74479 1395.97252 1387.08431
2641 1396.58377 1393.48503 1395.62640 1386.46191
2642 1395.69198 1393.05273 1395.78262 1386.81152
2643 1395.52581 1392.73210 1396.18095 1388.68262
2644 1395.91406 1392.69629 1395.77397 1385.52930
2645 1396.34124 1393.29753 1396.11642 1386.49023
2646 1396.71682 1392.65918 1396.72377 1387.80599
2647 1396.15700 1392.88509 1396.19832 1388.49349
2648 1395.52070 1391.46289 1396.13382 1385.61165
2649 1395.46599 1392.09863 1395.54190 1385.57454
2650 1395.42700 1390.64836 1395.37791 1385.92188
2651 1395.53361 1391.32878 1395.22726 1386.45833
2652 1395.68759 1390.53809 1395.31399 1382.87598
2653 1394.89555 1390.46875 1395.73407 1383.54818
2654 1395.76231 1390.25195 1395.46934 1384.46517
2655 1395.99998 1390.57454 1395.36132 1385.06665
2656 1396.59620 1390.51253 1395.28112 1384.50846
2657 1395.70307 1390.12956 1395.49611 1385.33757
2658 1396.11386 1390.10384 1395.71196 1386.85775
2659 1396.07005 1390.70443 1395.32044 1387.22298
2660 1395.42401 1389.72502 1395.38762 1383.30371
2661 1396.41246 1390.38184 1395.67224 1384.53320
2662 1396.10151 1389.60514 1395.61549 1385.26733
2663 1396.58466 1390.33008 1395.21399 1386.05632
2664 1396.12758 1389.30632 1394.98262 1382.87435
2665 1396.23249 1389.04395 1395.79243 1383.90723
2666 1396.22166 1388.33594 1395.69552 1384.36686
2667 1395.96614 1388.01261 1395.31698 1385.09408
2668 1395.59749 1387.57943 1395.11193 1382.10091
2669 1396.23407 1387.98893 1395.11258 1383.04004
2670 1396.14227 1386.93294 1395.44740 1384.59473
2671 1397.12182 1388.66634 1395.24669 1386.11369
2672 1396.08791 1387.19922 1395.04737 1381.77572
2673 1395.83276 1388.05990 1395.69156 1383.19010
2674 1396.38720 1386.65137 1395.37459 1383.53451
2675 1395.80473 1387.20475 1395.59257 1384.81152
2676 1395.85939 1386.14469 1395.40745 1381.11947
2677 1395.87034 1386.30143 1395.18364 1381.30794
2678 1395.47722 1385.34391 1395.59645 1382.89250
2679 1395.46648 1385.15365 1395.46495 1383.90007
2680 1395.52624 1384.60352 1395.47746 1379.68034
2681 1395.36228 1384.78255 1395.10969 1380.18750
2682 1395.75972 1384.51953 1395.23050 1381.22298
2683 1395.39214 1384.51188 1395.41876 1383.04036
2684 1395.83470 1384.59180 1395.32424 1378.04915
2685 1395.89316 1384.81315 1395.41910 1378.96745
2686 1396.22744 1384.31966 1395.33997 1379.67098
2687 1396.57025 1384.65397 1395.49553 1381.64290
2688 1395.56357 1383.79199 1395.97484 1381.04460
2689 1395.80940 1383.90299 1395.56642 1381.73698
2690 1395.93374 1383.53613 1395.95271 1382.70312
2691 1395.89005 1383.91764 1396.17617 1383.65267
2692 1395.63534 1382.94906 1396.39475 1380.56445
2693 1396.27982 1383.70508 1395.96982 1381.93522
2694 1395.60049 1382.37646 1395.82667 1382.64128
2695 1395.71093 1382.67220 1395.58071 1383.33594
2696 1395.34429 1381.70573 1395.99443 1378.67773
2697 1394.91008 1382.23568 1395.88293 1379.83073
2698 1394.84055 1381.26546 1395.83570 1381.90658
2699 1395.55869 1381.79712 1395.76978 1383.07609
2700 1395.72007 1381.47705 1395.59020 1379.05859
2701 1396.25741 1382.13118 1395.26004 1379.61719
2702 1396.38158 1381.95996 1395.85370 1381.62272
2703 1396.80715 1382.23340 1395.74519 1383.23405
2704 1395.74921 1380.92822 1395.48442 1378.95540
2705 1395.99123 1380.97884 1395.01429 1379.67350
2706 1396.36293 1381.12272 1395.47982 1380.58626
2707 1395.47350 1380.45020 1395.18680 1382.01847
2708 1395.36923 1379.70996 1395.02173 1376.87174
2709 1395.74065 1379.54850 1395.28341 1378.18522
2710 1396.15951 1379.24772 1395.71673 1379.59245
2711 1395.59718 1379.41374 1395.98145 1381.66341
2712 1395.34020 1378.67578 1395.91362 1376.94954
2713 1395.12543 1379.27246 1395.44394 1378.09603
2714 1395.64923 1378.78711 1394.80740 1378.40430
2715 1395.36462 1379.23657 1395.00218 1380.46541
2716 1395.53462 1378.08464 1395.67986 1375.75911
2717 1395.81507 1379.20573 1395.87746 1376.53776
2718 1394.85956 1377.53320 1395.97680 1376.68490
2719 1395.83454 1378.65299 1396.29205 1378.08789
2720 1395.26851 1377.18237 1395.62316 1375.57992
2721 1395.31458 1377.88997 1395.19161 1375.84318
2722 1395.19876 1377.10059 1394.92585 1376.85872
2723 1394.77266 1376.42871 1395.56537 1378.46680
2724 1396.10185 1377.46940 1396.34564 1374.46745
2725 1395.76572 1376.98535 1396.08428 1376.04362
2726 1394.72952 1376.00521 1395.79321 1376.99447
2727 1395.43568 1376.64225 1395.33151 1378.99023
2728 1394.47923 1375.88444 1395.78354 1374.49674
2729 1395.71246 1376.72461 1396.07291 1375.74707
2730 1396.07406 1376.60319 1395.85056 1376.06380
2731 1395.70384 1376.60384 1396.26736 1377.92969
2732 1395.68735 1376.09863 1396.51849 1374.24219
2733 1394.87749 1375.27441 1395.88887 1374.48112
2734 1395.85297 1375.35579 1395.96275 1376.04427
2735 1395.70101 1375.31543 1395.84718 1378.13542
2736 1395.86092 1374.83952 1395.68531 1374.57845
2737 1395.87031 1375.38021 1395.62881 1375.67643
2738 1396.29840 1374.56071 1395.65172 1376.13737
2739 1396.07473 1375.06755 1395.58345 1378.10978
2740 1396.10153 1373.56934 1395.64902 1374.24089
2741 1396.15222 1374.35482 1395.78761 1375.35970
2742 1395.92879 1373.77767 1396.31970 1376.47990
2743 1395.95655 1374.37533 1396.09718 1377.43587
2744 1395.29042 1372.86222 1395.40304 1372.64258
2745 1394.12702 1372.15820 1395.38248 1373.84701
2746 1395.18783 1372.93620 1395.48871 1374.98861
2747 1395.21975 1372.52637 1395.40335 1376.54525
2748 1394.91147 1372.24609 1395.40702 1371.73210
2749 1395.61140 1371.90820 1395.76579 1371.94010
2750 1395.82765 1371.66130 1395.87253 1372.07161
2751 1395.72765 1371.76823 1396.01401 1374.45020
2752 1395.72248 1370.91715 1395.87441 1372.68229
2753 1395.01957 1371.03678 1395.39250 1373.66732
2754 1395.84357 1371.35710 1395.75187 1375.01595
2755 1395.50290 1371.87891 1395.43613 1376.12760
2756 1395.95416 1371.48796 1395.73286 1372.49186
2757 1395.67861 1371.14811 1395.60326 1373.05794
2758 1395.13959 1370.44238 1395.35065 1373.38745
2759 1395.19385 1370.69206 1395.19914 1374.74186
2760 1395.43921 1369.61882 1395.46573 1370.47005
2761 1395.71998 1370.53158 1395.96764 1372.14030
2762 1395.94371 1369.45540 1395.88236 1372.95280
2763 1395.62285 1369.55013 1396.08489 1375.34863
2764 1396.09523 1369.25358 1395.58099 1370.40495
2765 1395.32080 1369.03092 1395.66424 1371.38249
2766 1395.31329 1368.82715 1395.84540 1373.14152
2767 1395.54391 1369.18815 1396.14123 1375.27572
2768 1395.95955 1369.05306 1395.80678 1370.06380
2769 1395.59382 1368.82910 1395.69737 1371.15837
2770 1395.71106 1368.81868 1396.05838 1372.39714
2771 1396.00280 1368.62174 1395.89419 1374.90462
2772 1396.23848 1369.03027 1395.76535 1369.19531
2773 1395.76198 1368.74935 1395.40813 1370.65104
2774 1395.77112 1367.99642 1395.54556 1371.65291
2775 1396.34546 1368.58236 1395.47029 1373.16138
2776 1395.84418 1367.43587 1395.44603 1369.00879
2777 1395.23379 1367.17936 1395.26559 1370.50944
2778 1395.35351 1366.02507 1395.14515 1371.49740
2779 1395.96735 1367.35693 1395.45913 1373.29427
2780 1395.12294 1365.52539 1395.37916 1367.54329
2781 1395.10751 1365.89258 1394.97456 1369.00130
2782 1395.49831 1365.60221 1395.43919 1369.72917
2783 1395.43832 1366.09993 1395.55603 1372.85449
2784 1396.22916 1366.09701 1395.03173 1368.64250
2785 1395.97136 1365.94466 1395.23968 1369.97038
2786 1396.26442 1365.63867 1395.38730 1371.38997
2787 1396.00272 1365.69434 1395.82924 1375.27433
2788 1395.80699 1364.70410 1395.71145 1368.80241
2789 1396.17515 1365.42285 1395.88483 1370.11198
2790 1395.83085 1364.37923 1395.77280 1371.02848
2791 1396.09238 1364.58431 1395.29436 1372.68132
2792 1395.92864 1363.83040 1395.57836 1367.48340
2793 1395.87378 1363.47363 1395.49354 1368.63346
2794 1396.23417 1363.89258 1394.99042 1369.64518
2795 1395.70964 1362.89119 1395.00901 1372.97168
2796 1395.85656 1362.81315 1395.33883 1366.49186
2797 1395.82155 1363.18424 1395.83500 1367.67741
2798 1395.95929 1362.83431 1395.86982 1370.54102
2799 1396.47745 1363.60970 1395.83274 1373.31901
2800 1395.87547 1362.10295 1395.58250 1366.66764
2801 1395.60220 1363.07617 1395.43430 1367.48600
2802 1395.90406 1361.84310 1395.15130 1368.40690
2803 1395.36256 1361.75155 1395.60051 1371.78939
2804 1396.70547 1361.35091 1395.82111 1365.44596
2805 1396.58457 1361.14681 1395.94842 1367.40820
2806 1395.90972 1360.64868 1395.58041 1367.95703
2807 1395.38949 1360.55518 1395.40857 1370.36393
2808 1394.75993 1359.51400 1394.85532 1363.04069
2809 1395.50988 1359.87370 1394.55530 1364.20638
2810 1395.81753 1359.37598 1395.02879 1367.95020
2811 1395.14312 1359.52441 1395.17187 1370.35970
2812 1395.11294 1359.56706 1395.51847 1363.43717
2813 1395.06310 1359.57357 1396.15707 1365.51237
2814 1395.54519 1359.36515 1396.17111 1367.55859
2815 1395.86904 1359.27799 1395.94898 1370.21126
2816 1395.36473 1358.16178 1396.14110 1360.81868
2817 1395.98702 1358.71525 1395.82249 1360.79175
2818 1396.12096 1358.22274 1395.47998 1358.63314
2819 1395.96748 1358.94303 1395.47430 1355.29427
2820 1395.92777 1357.54264 1395.65202 1359.41699
2821 1395.23457 1357.29264 1395.74153 1358.67611
2822 1395.18980 1356.69629 1395.41187 1357.99089
2823 1395.35493 1357.56055 1395.10248 1355.23991
2824 1395.73521 1357.07324 1394.83301 1359.32454
2825 1396.38928 1357.92318 1395.08132 1359.03467
2826 1395.55220 1356.32113 1395.50681 1357.59733
2827 1395.55080 1357.19694 1395.47488 1354.95752
2828 1395.57111 1356.39648 1395.64042 1359.30599
2829 1395.59925 1356.65885 1395.66558 1358.91732
2830 1395.93846 1356.14681 1395.51252 1357.43620
2831 1395.75470 1356.00244 1395.74636 1354.19336
2832 1395.63809 1355.41602 1395.75762 1358.43099
2833 1395.98995 1355.17253 1395.52049 1357.25374
2834 1396.06406 1355.05990 1395.55106 1355.98535
2835 1396.04265 1354.77051 1395.95713 1352.20182
2836 1396.27470 1354.75391 1396.32256 1357.35156
2837 1395.72632 1354.57389 1395.98620 1356.41992
2838 1395.00374 1353.37378 1396.43017 1354.88704
2839 1395.54276 1354.52995 1395.52716 1352.01335
2840 1395.84926 1353.90495 1395.60848 1356.62728
2841 1395.62017 1353.91602 1395.89693 1354.78092
2842 1395.84118 1353.31315 1395.91632 1353.10547
2843 1395.83660 1354.08333 1396.37519 1350.01660
2844 1395.70397 1352.92025 1395.92507 1354.95996
2845 1395.45625 1353.01888 1395.56423 1353.40137
2846 1394.51737 1351.12435 1395.56288 1351.68001
2847 1395.27936 1352.20898 1395.90894 1348.23006
2848 1395.38285 1351.64681 1396.45008 1354.77669
2849 1395.68969 1352.20215 1396.08433 1354.15137
2850 1395.57950 1351.54834 1396.10087 1352.12663
2851 1394.59807 1350.68848 1396.18686 1349.16610
2852 1396.10355 1351.45964 1396.35951 1354.02832
2853 1396.11801 1351.61686 1395.78135 1352.74935
2854 1395.79842 1351.18888 1395.18435 1351.46810
2855 1396.29210 1351.72656 1395.63921 1348.90690
2856 1395.93766 1350.97233 1395.40989 1352.99666
2857 1396.49839 1350.75423 1395.44722 1352.50553
2858 1395.82106 1350.03548 1395.66659 1350.01888
2859 1396.06934 1350.60726 1396.15293 1347.37467
2860 1395.57334 1349.15104 1395.54800 1350.78841
2861 1394.52622 1347.96549 1395.95401 1349.98633
2862 1395.33802 1347.87630 1395.78220 1349.12362
2863 1395.97083 1348.78841 1395.45692 1345.90007
2864 1395.57568 1347.94922 1395.62719 1350.94954
2865 1395.85179 1348.60612 1395.87611 1350.26546
2866 1395.81492 1348.07487 1395.61900 1348.46159
2867 1395.63770 1348.47103 1395.71072 1345.49707
2868 1396.00747 1347.05827 1395.86313 1351.20085
2869 1395.49704 1347.62891 1395.97218 1350.57682
2870 1395.33366 1346.79264 1395.43424 1347.86784
2871 1395.66735 1347.18034 1395.26115 1344.69466
2872 1395.15294 1346.21061 1395.45979 1349.03499
2873 1396.10416 1346.67350 1395.62181 1349.05697
2874 1396.15386 1346.47624 1395.88805 1347.60677
2875 1395.67827 1345.92741 1395.61279 1344.44792
2876 1395.78537 1346.06152 1394.91993 1347.90194
2877 1396.19593 1345.74666 1395.38777 1346.80566
2878 1395.90923 1345.36556 1395.97770 1345.57194
2879 1395.93743 1345.94661 1396.17946 1342.79378
2880 1395.69404 1344.97233 1395.98265 1349.10091
2881 1395.93750 1345.39746 1396.02122 1347.84603
2882 1396.33952 1344.96680 1395.59208 1345.91569
2883 1395.46262 1345.09163 1395.41485 1342.52051
2884 1395.43489 1344.33236 1395.46595 1346.44076
2885 1395.40989 1343.71680 1396.01161 1345.95443
2886 1395.32999 1343.33757 1395.97667 1343.44661
2887 1395.86744 1344.00944 1395.50490 1340.20736
2888 1395.85196 1343.09277 1395.57337 1345.96712
2889 1396.07185 1343.64917 1396.25089 1345.80794
2890 1396.21102 1342.62435 1395.46662 1343.56608
2891 1396.01642 1343.20996 1395.69808 1340.20866
2892 1396.41410 1342.40853 1395.76199 1345.07324
2893 1395.32919 1342.05046 1395.53918 1344.75098
2894 1396.53599 1342.86100 1395.48766 1343.00521
2895 1396.12172 1342.80176 1395.59146 1339.59408
2896 1395.27788 1341.85482 1395.91108 1343.66016
2897 1395.14304 1341.68555 1395.70748 1343.10417
2898 1395.90195 1342.28548 1395.67877 1341.78060
2899 1395.77245 1341.33626 1395.50883 1338.31413
2900 1395.57952 1340.91211 1395.99535 1343.84668
2901 1395.88506 1340.80941 1396.16641 1343.60742
2902 1395.54738 1339.70378 1395.54173 1341.24186
2903 1395.40927 1339.88078 1395.61893 1337.32292
2904 1394.57772 1338.53353 1395.25479 1340.65104
2905 1394.91420 1338.91243 1395.03289 1340.40169
2906 1395.66498 1338.56087 1395.38678 1339.55957
2907 1396.27652 1340.03613 1395.57989 1336.44271
2908 1396.53360 1339.46029 1395.68896 1340.01921
2909 1395.85978 1339.07080 1395.42078 1338.96745
2910 1396.01545 1338.78516 1395.45835 1338.02930
2911 1396.11931 1339.24870 1395.76350 1334.89225
2912 1396.17345 1338.79842 1395.74776 1339.74886
2913 1396.08921 1338.84440 1396.16970 1339.22949
2914 1396.07751 1337.94271 1395.82857 1337.81543
2915 1396.27889 1337.87581 1395.76546 1335.10645
2916 1395.72642 1337.01302 1395.42831 1339.07845
2917 1396.16322 1337.25651 1395.70936 1338.68815
2918 1396.09465 1336.30306 1396.13303 1336.92090
2919 1396.08318 1336.47005 1395.65676 1333.87988
2920 1395.82541 1335.94694 1395.67199 1338.22819
2921 1395.78245 1335.91634 1395.52963 1337.96615
2922 1396.39553 1336.63411 1395.61441 1336.41211
2923 1396.00234 1335.87354 1395.78954 1333.50651
2924 1396.16680 1335.68587 1395.89396 1337.83350
2925 1396.27640 1335.44792 1395.49878 1336.89925
2926 1395.93343 1334.55436 1395.15307 1336.38867
2927 1396.69571 1335.42318 1395.06254 1333.86491
2928 1395.66544 1334.21973 1395.17702 1337.15723
2929 1395.50423 1334.86947 1395.36491 1336.53385
2930 1395.72269 1333.20964 1396.28673 1335.24837
2931 1395.42939 1333.19922 1396.43472 1333.12240
2932 1396.97545 1333.62044 1396.05149 1336.79525
2933 1396.04771 1333.09603 1395.55362 1335.32520
2934 1394.76385 1331.95280 1395.57532 1333.27051
2935 1395.59787 1332.39486 1395.87157 1330.22363
2936 1395.07388 1331.54883 1395.67779 1333.08496
2937 1395.03378 1331.86751 1395.88044 1332.74097
2938 1396.26393 1332.09701 1395.80188 1331.26839
2939 1395.73657 1331.88737 1395.73494 1328.20736
2940 1396.38285 1331.67782 1395.62559 1332.06877
2941 1395.22614 1330.73893 1395.39982 1332.13053
2942 1395.09179 1330.27376 1395.20142 1331.02214
2943 1395.70786 1330.47201 1395.85211 1328.05835
2944 1395.12194 1329.43132 1395.90684 1333.14583
2945 1394.95932 1329.11100 1395.65276 1333.64128
2946 1395.49477 1328.79883 1395.68638 1332.61003
2947 1396.06806 1329.74227 1395.72740 1329.42448
2948 1396.14354 1328.81022 1395.90239 1332.14811
2949 1395.75367 1329.09342 1395.96289 1331.53971
2950 1396.38489 1328.50423 1395.35330 1330.39030
2951 1395.85019 1328.80469 1395.23815 1327.91667
2952 1395.97616 1328.21810 1395.74679 1331.01758
2953 1396.14398 1328.66895 1395.92250 1330.26400
2954 1396.11243 1327.58724 1395.65766 1328.99349
2955 1396.10195 1327.72705 1395.30637 1326.19303
2956 1395.90124 1326.79655 1395.62167 1330.63053
2957 1395.51663 1326.85156 1395.01534 1329.59408
2958 1394.91413 1325.56413 1394.88760 1328.04671
2959 1395.48254 1325.82780 1395.15468 1325.68099
2960 1394.97742 1324.89551 1395.20530 1328.24089
2961 1395.17246 1324.97493 1395.98727 1329.31543
2962 1395.42989 1324.78841 1396.23765 1328.33529
2963 1395.65067 1324.44604 1395.79092 1325.66821
2964 1395.48242 1324.37793 1395.76000 1328.51237
2965 1395.71870 1324.41447 1395.77043 1327.80339
2966 1395.48275 1323.16243 1395.89337 1327.06380
2967 1396.56216 1323.78255 1395.76276 1323.93237
2968 1396.81601 1323.14648 1395.82379 1328.05794
2969 1396.61761 1323.18717 1396.06360 1327.35254
2970 1395.73082 1321.79753 1395.88110 1325.45500
2971 1395.11059 1321.70996 1395.64597 1322.22428
2972 1395.37426 1320.02246 1396.08470 1325.70801
2973 1395.55954 1320.74512 1396.12532 1324.86426
2974 1395.33961 1319.49349 1396.06250 1323.02148
2975 1396.11696 1320.15723 1395.62314 1319.16309
2976 1395.64540 1318.95768 1396.13493 1325.27962
2977 1396.05756 1319.47168 1396.42265 1324.79297
2978 1395.65450 1318.37793 1395.94889 1322.20638
2979 1395.70853 1317.96549 1395.81007 1318.32812
2980 1396.17490 1317.62980 1395.83576 1322.47363
2981 1396.34910 1317.33268 1396.26927 1322.47819
2982 1395.62533 1316.17090 1396.03762 1320.15202
2983 1396.18587 1316.35938 1395.78193 1316.45321
2984 1395.37821 1314.82161 1395.73342 1320.10189
2985 1396.21560 1314.86979 1395.68199 1319.61686
2986 1396.05216 1313.77897 1395.89350 1317.56152
2987 1395.55235 1312.87988 1396.01837 1314.32520
2988 1395.52716 1312.42546 1395.42279 1317.43197
2989 1394.96007 1311.81966 1395.52179 1316.88118
2990 1396.08956 1311.84782 1396.01704 1316.12695
2991 1395.70856 1311.70833 1395.91616 1311.98836
2992 1395.45264 1310.99056 1395.34075 1316.00326
2993 1395.52165 1311.18970 1395.57879 1315.51367
2994 1394.67960 1309.30046 1395.78732 1313.34505
2995 1395.58342 1310.39201 1396.05346 1310.77507
2996 1395.86414 1309.00195 1396.00861 1314.53223
2997 1395.59047 1308.88965 1396.00527 1313.66349
2998 1394.99542 1307.04167 1396.09877 1312.05827
2999 1394.88652 1306.87956 1396.24591 1308.40299
3000 1395.04804 1305.94401 1396.14332 1312.96484
3001 1395.22407 1305.64616 1395.87207 1312.17122
3002 1395.59794 1305.53939 1395.92084 1310.07812
3003 1396.19976 1305.18099 1395.88995 1306.06803
3004 1396.29798 1304.85938 1395.77945 1310.28646
3005 1396.45901 1304.42122 1395.91558 1310.23112
3006 1395.79601 1303.71387 1395.63308 1308.07031
3007 1396.29967 1304.29785 1395.26278 1304.47705
3008 1395.99753 1303.41602 1395.27445 1309.87760
3009 1396.09205 1303.88509 1395.43363 1308.50130
3010 1395.41562 1302.18091 1395.33257 1306.84652
3011 1395.46356 1302.14811 1395.81054 1302.87728
3012 1395.82906 1301.07129 1395.71740 1306.68034
3013 1395.90760 1300.71940 1395.48405 1305.15788
3014 1394.87051 1299.26204 1395.28735 1302.70410
3015 1395.51242 1299.24609 1395.63150 1299.93717
3016 1395.91755 1298.41862 1395.81818 1303.81217
3017 1395.89950 1298.67969 1395.62181 1303.22754
3018 1395.59075 1297.06771 1395.51996 1300.99414
3019 1395.48044 1297.56584 1395.85079 1298.02563
3020 1395.48231 1296.75553 1395.72877 1301.61751
3021 1394.79412 1296.21419 1395.66080 1301.12858
3022 1395.48045 1296.02596 1395.57303 1300.33919
3023 1395.54779 1295.72852 1395.64916 1296.89714
3024 1394.85783 1294.41715 1395.71753 1300.62728
3025 1395.58997 1294.24316 1396.27507 1300.78190
3026 1395.14074 1293.39274 1395.97468 1299.48112
3027 1395.47761 1292.73763 1395.97716 1297.22396
3028 1395.96417 1291.80859 1395.77171 1300.05046
3029 1395.77725 1291.39608 1395.78785 1299.12500
3030 1396.17102 1290.92725 1395.98496 1297.72754
3031 1395.93461 1291.09831 1395.92010 1294.49740
3032 1395.57221 1289.73470 1395.84059 1297.10645
3033 1395.77417 1289.96517 1395.47586 1295.02799
3034 1396.12121 1288.87598 1395.11751 1293.01302
3035 1395.91683 1289.16829 1395.46756 1289.84049
3036 1395.82875 1287.86393 1395.70603 1293.31348
3037 1396.13794 1288.09375 1396.09253 1292.75977
3038 1395.95285 1286.63379 1395.86017 1289.66667
3039 1395.71169 1285.90951 1395.76726 1286.75814
3040 1395.82824 1284.74674 1395.78740 1290.17643
3041 1396.12418 1284.43294 1395.43859 1287.83008
3042 1395.53811 1282.48014 1395.31023 1284.83529
3043 1395.85676 1282.04264 1395.45295 1280.43555
3044 1396.65030 1281.61230 1395.28715 1282.01009
3045 1396.22887 1280.79915 1395.33915 1280.39697
3046 1395.83173 1279.50814 1395.16459 1276.74935
3047 1396.42191 1279.32064 1395.39390 1271.91829
3048 1396.05394 1278.17057 1395.24523 1271.69141
3049 1395.89237 1277.37077 1395.21854 1267.98210
3050 1396.48501 1277.09212 1394.76323 1262.43099
3051 1395.76206 1275.79427 1395.15276 1255.71126
3052 1395.62743 1275.22070 1395.37325 1254.45801
3053 1396.51456 1275.91699 1395.22046 1249.73893
3054 1396.50444 1275.87760 1394.98819 1244.46615
3055 1396.27837 1277.23730 1395.15407 1236.36589
3056 1395.52898 1276.09668 1395.38700 1232.73796
3057 1395.44974 1273.83659 1395.24329 1222.49642
3058 1395.89797 1265.55859 1395.53497 1213.16211
3059 1396.16040 1250.00781 1395.40090 1213.20638
3060 1396.61360 1201.65072 1395.22044 1202.96126
3061 1396.07811 1053.31283 1394.93866 1095.30827
3062 1394.78244 928.40885 1395.05767 887.96159
3063 1395.04835 828.81836 1395.20940 787.94954
3064 1394.94633 755.48535 1394.44141 740.52441
3065 1396.71995 687.94661 1393.97089 682.45605
3066 1395.78310 617.74772 1394.47000 611.16927
3067 1395.34922 522.80632 1394.29526 549.41536
3068 1394.92286 385.19206 1393.86910 444.51855
3069 1394.09269 256.81803 1392.17056 320.28874
3070 1389.16779 208.78288 1390.00852 204.75944
3071 1388.33088 202.02246 1389.92935 204.74382
