# index row_mean_final row_mean_gain_bypassed col_mean_final col_mean_gain_bypassed (ROI A, held-out flat 6)
0 2201.36294 675.75326 2205.33511 278.55599
1 2201.76484 677.09440 2205.42818 278.82747
2 2202.46335 678.81413 2205.59322 279.14616
3 2203.03932 680.64941 2205.42241 279.64453
4 2203.53904 682.85189 2205.49616 280.72917
5 2203.94553 686.48698 2205.20885 283.99251
6 2204.50918 692.11491 2203.56114 422.47884
7 2204.75714 701.39095 2200.25302 613.89941
8 2205.28017 719.94336 2198.28201 784.90625
9 2201.91453 766.45443 2198.39420 922.37858
10 2201.58288 860.06836 2198.05522 1043.40951
11 2199.20598 975.75716 2197.02479 1143.38672
12 2199.08613 1054.14128 2196.77085 1247.00456
13 2198.66141 1125.96322 2197.28001 1335.17904
14 2198.83910 1222.50651 2197.43699 1595.11589
15 2199.38248 1436.03027 2196.65054 1881.23022
16 2197.54164 1738.34798 2196.39869 1955.06087
17 2198.10555 1859.62370 2196.32972 1970.52702
18 2197.22907 1898.05273 2196.78134 1985.39876
19 2196.10151 1918.90690 2197.02024 1997.81055
20 2196.59262 1931.12956 2197.51005 2004.79948
21 2196.99101 1937.63346 2197.12909 2006.72168
22 2197.02938 1939.88086 2197.17318 2006.13997
23 2197.09009 1942.70801 2197.30745 2007.46061
24 2197.01785 1941.88770 2196.11589 2010.35124
25 2197.82171 1944.99186 2195.77114 2010.10840
26 2197.05954 1944.36523 2196.52065 2010.11979
27 2197.14748 1947.20833 2196.67744 2011.64909
28 2196.16093 1945.99544 2196.75549 2014.97884
29 2196.60192 1949.10449 2196.81888 2014.71322
30 2196.85370 1949.09863 2196.72150 2015.39160
31 2196.40672 1950.46745 2196.77184 2016.79264
32 2195.73353 1950.93555 2197.01486 2020.91797
33 2195.49110 1952.91341 2196.64068 2021.43880
34 2195.82141 1953.56478 2195.98357 2021.00553
35 2195.49111 1955.96615 2195.84288 2021.91667
36 2195.94649 1957.25618 2196.43763 2024.81380
37 2197.73706 1960.60417 2196.77441 2026.23014
38 2196.83010 1961.12109 2196.74835 2026.38542
39 2195.73892 1962.41439 2196.71675 2027.33431
40 2196.27685 1962.18717 2196.55052 2030.26790
41 2195.74005 1963.16113 2197.00071 2030.86882
42 2196.86371 1963.87044 2196.87104 2030.97201
43 2196.61937 1965.34473 2196.57528 2031.64518
44 2196.52300 1966.80176 2197.30637 2032.88997
45 2196.05639 1967.51237 2197.25021 2033.75684
46 2195.41501 1966.31022 2197.37450 2033.82243
47 2195.88789 1968.05469 2196.73747 2034.20378
48 2196.27444 1966.92806 2196.55529 2036.34473
49 2195.83220 1968.47689 2196.96036 2037.36499
50 2196.65163 1968.03451 2197.23676 2037.59863
51 2195.50708 1971.18327 2197.05175 2036.90780
52 2197.16130 1971.47233 2196.08282 2038.24870
53 2196.38700 1972.87337 2195.93028 2038.25098
54 2195.53927 1972.29492 2196.79327 2039.27930
55 2196.78006 1974.25944 2196.59652 2039.91504
56 2196.86761 1974.27507 2196.70661 2040.08040
57 2197.76995 1975.42839 2196.17505 2040.72103
58 2196.55114 1975.26530 2196.53258 2039.97070
59 2196.46140 1976.38281 2196.30927 2039.89128
60 2197.04173 1977.02572 2196.24820 2042.76864
61 2196.11437 1977.67188 2196.96992 2043.65527
62 2196.47688 1977.28060 2195.81526 2043.07617
63 2195.91460 1979.07064 2195.80521 2042.89909
64 2195.86003 1979.11947 2195.31926 2049.36751
65 2195.82512 1981.10547 2195.12546 2049.92383
66 2196.32541 1981.76400 2196.00173 2050.12467
67 2196.37036 1983.52832 2196.50772 2050.66667
68 2196.01248 1983.47363 2196.60828 2052.38216
69 2196.33645 1984.65495 2196.94488 2053.46191
70 2196.36724 1984.49707 2196.99732 2052.74740
71 2196.27559 1986.21029 2196.72733 2051.35807
72 2196.22233 1985.30957 2196.38161 2052.84766
73 2196.93213 1988.29427 2196.28864 2053.06283
74 2196.26482 1987.04785 2196.64143 2053.94043
75 2195.93595 1988.70020 2196.68534 2052.68522
76 2195.35799 1989.25944 2196.49022 2054.59180
77 2195.97435 1990.98242 2196.06206 2055.70508
78 2196.54928 1991.88802 2195.65961 2056.17415
79 2195.98008 1992.69922 2196.34664 2057.28939
80 2195.96889 1992.77539 2196.07205 2057.90503
81 2195.92580 1994.13509 2196.10014 2059.03190
82 2194.60285 1993.92155 2196.05522 2058.45280
83 2195.79872 1995.35352 2196.11100 2057.83203
84 2195.00491 1995.71387 2197.09773 2061.27962
85 2196.27262 1996.78418 2196.61194 2061.69987
86 2196.40751 1997.16797 2195.94746 2061.27799
87 2196.86118 1999.17188 2196.90883 2061.56576
88 2196.88296 1999.11947 2196.26644 2063.45247
89 2196.59539 2000.70898 2196.33511 2064.39225
90 2196.48395 2001.00749 2197.19028 2064.30436
91 2197.31751 2004.09798 2197.39833 2063.77319
92 2197.14901 2003.51009 2196.96139 2064.22428
93 2196.45639 2005.58691 2197.18314 2064.02507
94 2196.41508 2004.97949 2197.24543 2063.96126
95 2196.85774 2006.51986 2195.85562 2063.70345
96 2195.85654 2006.03190 2195.75867 2067.92399
97 2197.30030 2008.37370 2195.95007 2068.21680
98 2197.44080 2007.21061 2196.33128 2069.17244
99 2197.11311 2008.24479 2197.52007 2071.33984
100 2196.15197 2008.14616 2197.54473 2072.19238
101 2196.65487 2009.14095 2196.98737 2073.05241
102 2195.88262 2008.62565 2196.80849 2071.70638
103 2197.37362 2010.32422 2197.15502 2072.69889
104 2196.28884 2010.12370 2197.50677 2074.47396
105 2195.73484 2011.50846 2196.10326 2075.25033
106 2196.31619 2011.64290 2196.30404 2075.68490
107 2196.17771 2012.44954 2196.19259 2076.64062
108 2197.56069 2012.78092 2197.11737 2079.08537
109 2196.80123 2014.17415 2196.80265 2080.49089
110 2197.97280 2013.52734 2196.26133 2079.82218
111 2196.98752 2014.33138 2197.20504 2080.82853
112 2195.66478 2013.16699 2197.24246 2080.60286
113 2196.16354 2014.68262 2196.56284 2081.31185
114 2196.03075 2013.55420 2196.65347 2080.61458
115 2197.87035 2016.24382 2196.71928 2081.83285
116 2196.85166 2014.34928 2196.66670 2082.25586
117 2196.77997 2016.33398 2195.62637 2081.71289
118 2197.58030 2016.77116 2195.31140 2081.21094
119 2196.79617 2018.16113 2196.03710 2082.78882
120 2197.52228 2017.37858 2196.88277 2082.20182
121 2196.37047 2018.38900 2196.47762 2083.20801
122 2195.72720 2018.51790 2196.65570 2083.18481
123 2196.70197 2019.16146 2196.50747 2083.39714
124 2196.83104 2019.69987 2196.91401 2082.80428
125 2197.26584 2020.34798 2196.03186 2083.31445
126 2197.37237 2020.19368 2195.93854 2084.32096
127 2197.20407 2021.25130 2196.19896 2085.16406
128 2197.79250 2021.58634 2196.78274 2089.40658
129 2197.95557 2022.39128 2196.90275 2088.77865
130 2198.23192 2021.79004 2196.43806 2088.29061
131 2196.17623 2023.20386 2197.42906 2088.58561
132 2196.46597 2022.76237 2197.79632 2088.48926
133 2197.19044 2024.39323 2196.74172 2088.18750
134 2197.22915 2023.84766 2196.22911 2088.21484
135 2196.76038 2025.60970 2195.81776 2088.98145
136 2197.05367 2025.75391 2195.87151 2089.21484
137 2197.11243 2026.70475 2196.56206 2090.33757
138 2196.62411 2025.02539 2196.79364 2091.00195
139 2195.80692 2026.01628 2197.45458 2091.25260
140 2196.84538 2025.25391 2197.54124 2089.87500
141 2196.57734 2026.38444 2197.27664 2092.00716
142 2197.27681 2026.87272 2197.38605 2092.41602
143 2199.26876 2029.25065 2197.19640 2093.24674
144 2197.52284 2027.87915 2197.91496 2092.31348
145 2197.30681 2028.67904 2197.53536 2093.07324
146 2197.42506 2029.10832 2197.35421 2093.62044
147 2196.42982 2029.16895 2197.35801 2095.22404
148 2197.61026 2030.41463 2196.10860 2092.59733
149 2197.08054 2031.55436 2195.95041 2093.39209
150 2196.92885 2030.81120 2196.51790 2093.04199
151 2197.10966 2032.15397 2197.22996 2092.87158
152 2197.05476 2030.87109 2196.65392 2094.01432
153 2197.91578 2033.40918 2196.81922 2095.15853
154 2197.27145 2031.53548 2197.01928 2094.68262
155 2197.12911 2033.09863 2197.66523 2094.86222
156 2196.98987 2031.88802 2196.59982 2092.46615
157 2197.29151 2033.92806 2196.38976 2093.91789
158 2197.10642 2033.49089 2196.71950 2093.85775
159 2197.92757 2035.33268 2197.29419 2092.83171
160 2197.49708 2034.64909 2196.52318 2096.34603
161 2196.76856 2036.28678 2196.15990 2097.31673
162 2197.27027 2036.95345 2195.91409 2096.99707
163 2196.44602 2037.80216 2196.00371 2096.75553
164 2197.01707 2037.85026 2196.09254 2098.04720
165 2197.72765 2038.80957 2196.12735 2100.14355
166 2197.22314 2038.25000 2196.64472 2100.22852
167 2198.14191 2039.33626 2196.80988 2100.60156
168 2197.95228 2039.28752 2197.07370 2100.70312
169 2197.10576 2039.40365 2196.49400 2101.78288
170 2197.38738 2039.36589 2197.21118 2102.09798
171 2196.05131 2039.92578 2196.81296 2101.37891
172 2197.08610 2040.27507 2196.10772 2101.68164
173 2196.64118 2041.54915 2195.55230 2101.34798
174 2196.29862 2041.05957 2196.47728 2102.31576
175 2196.03808 2042.36719 2196.61415 2101.29622
176 2195.87419 2041.61719 2196.15140 2102.84277
177 2196.21937 2043.49479 2196.69901 2105.02018
178 2196.79769 2042.82943 2196.60689 2103.38639
179 2196.65193 2045.35758 2197.18916 2103.45638
180 2196.81272 2044.45866 2196.96258 2104.48145
181 2197.30742 2045.22233 2196.59718 2105.25456
182 2197.05311 2043.56771 2197.30600 2105.04004
183 2197.61789 2044.71745 2196.78225 2104.46297
184 2196.37339 2044.46094 2196.84760 2105.93368
185 2197.52814 2046.26172 2196.27740 2105.76660
186 2196.13357 2046.33675 2196.91156 2105.66178
187 2196.17521 2047.20508 2196.89370 2104.79004
188 2196.40837 2047.02865 2196.89776 2106.11068
189 2196.35183 2048.22135 2196.42966 2106.51139
190 2196.87942 2048.18880 2195.83475 2105.37240
191 2195.69633 2050.01823 2195.80636 2104.63184
192 2196.39214 2049.04557 2195.95077 2107.99162
193 2196.61557 2049.75228 2196.22588 2109.03385
194 2195.42610 2048.90430 2196.75286 2108.96322
195 2195.82267 2050.08887 2196.92145 2108.82520
196 2196.33287 2050.18815 2197.22197 2110.33691
197 2196.39679 2051.76424 2197.26257 2110.84082
198 2197.45790 2051.24805 2196.68964 2109.32161
199 2196.53873 2052.77051 2196.61568 2108.90527
200 2195.49709 2051.25521 2196.19052 2110.51367
201 2195.29379 2053.39160 2196.11797 2110.20638
202 2195.28925 2052.19954 2196.29442 2109.87402
203 2195.90500 2054.59440 2196.28057 2107.96647
204 2196.22153 2054.08952 2196.88029 2110.14974
205 2196.49433 2055.13835 2197.35144 2111.81803
206 2197.18330 2055.63932 2197.30654 2112.59961
207 2196.58496 2056.38184 2196.99103 2112.67546
208 2195.87739 2055.75423 2197.01949 2113.99772
209 2196.18866 2056.28548 2196.03646 2112.89779
210 2195.70160 2056.10026 2196.28313 2113.16406
211 2196.48795 2057.28418 2196.30367 2113.13314
212 2196.66017 2057.17871 2195.85089 2113.29989
213 2196.30315 2058.38997 2195.92916 2113.08268
214 2195.82661 2057.80347 2195.62231 2112.58529
215 2195.14812 2058.74056 2195.70303 2112.59440
216 2195.79833 2058.29980 2195.95264 2113.51302
217 2196.23176 2060.38900 2196.10414 2113.42480
218 2195.78376 2060.72559 2196.14387 2112.82617
219 2196.28900 2062.71224 2196.80948 2112.48633
220 2196.45023 2061.35905 2196.13477 2113.73112
221 2196.38129 2063.13802 2196.34894 2115.45312
222 2196.71643 2062.66178 2196.51329 2115.12834
223 2196.96038 2063.53255 2196.59894 2114.37549
224 2196.05692 2062.22038 2196.39222 2119.59741
225 2196.55726 2063.45215 2196.15201 2120.69661
226 2195.74266 2063.28646 2196.14122 2118.90625
227 2195.60890 2064.17220 2195.79947 2117.10970
228 2196.33313 2064.11882 2195.75998 2119.74414
229 2195.77813 2065.03914 2196.48089 2120.21094
230 2196.14201 2065.86784 2197.39035 2120.56836
231 2197.38126 2067.19222 2196.82445 2119.75716
232 2196.75277 2066.94124 2196.68480 2121.21745
233 2196.79097 2067.48503 2197.41831 2121.91317
234 2197.30835 2068.12476 2196.29600 2121.32389
235 2196.87769 2069.07878 2196.00256 2121.38770
236 2197.23955 2068.42122 2196.43113 2121.64827
237 2195.65851 2068.27474 2196.44519 2121.72786
238 2196.23204 2067.16154 2196.30226 2121.53931
239 2196.21375 2069.15234 2196.33248 2121.29199
240 2196.39877 2068.58561 2196.23012 2124.67708
241 2196.56104 2070.77311 2196.92821 2123.28613
242 2195.47916 2069.67383 2196.64536 2123.56771
243 2196.56313 2071.53743 2195.94466 2122.64893
244 2196.73692 2070.48324 2195.62602 2125.80737
245 2196.51059 2072.58643 2195.48353 2126.02018
246 2197.45590 2072.75749 2197.07048 2125.13737
247 2196.22678 2073.76497 2197.37531 2123.93172
248 2197.63487 2073.68522 2196.90764 2125.10978
249 2196.52285 2074.45085 2196.47532 2125.41243
250 2196.01272 2073.95866 2196.65694 2124.77669
251 2196.86233 2074.40625 2196.89888 2123.51359
252 2196.28105 2074.31250 2195.99398 2125.24154
253 2196.86026 2075.14518 2196.04220 2125.74325
254 2197.02015 2075.09342 2196.12209 2124.91406
255 2196.83757 2075.88411 2195.92733 2125.64225
256 2196.14073 2075.74870 2196.52732 2124.40365
257 2196.58842 2077.29883 2196.02735 2123.13086
258 2196.93459 2077.39421 2195.88458 2123.85189
259 2196.53497 2079.59082 2196.51749 2123.98169
260 2197.21545 2078.58968 2196.67557 2126.46777
261 2196.71055 2079.37174 2196.01081 2125.05160
262 2197.30038 2079.08952 2195.81506 2125.22754
263 2197.67954 2081.05013 2196.20949 2126.36914
264 2196.38663 2080.11458 2196.47623 2128.48112
265 2196.58277 2080.69271 2196.47812 2127.78678
266 2197.17053 2080.04948 2195.99311 2126.45638
267 2196.32116 2080.83073 2195.80069 2126.26432
268 2197.12575 2080.54329 2195.88958 2128.73910
269 2196.74528 2081.81567 2196.36839 2129.09294
270 2196.25515 2081.03646 2196.89956 2128.39941
271 2196.95603 2083.39518 2196.70596 2128.71517
272 2197.29542 2083.11003 2196.39687 2129.43229
273 2196.18796 2084.20475 2196.35596 2129.95801
274 2196.94382 2085.03841 2196.54453 2128.87012
275 2197.16216 2085.39128 2196.39129 2128.43750
276 2198.12560 2086.06380 2196.63376 2129.76530
277 2197.52420 2086.42090 2196.77752 2129.50228
278 2196.01927 2084.52376 2196.75950 2128.45573
279 2196.60000 2086.27474 2196.75166 2128.47363
280 2196.22572 2085.96582 2196.44184 2130.30990
281 2197.25152 2087.96224 2196.49561 2129.71159
282 2196.60442 2086.26693 2196.39633 2128.83952
283 2196.69762 2088.03255 2196.45668 2128.86947
284 2196.38152 2087.66276 2196.99201 2131.73901
285 2197.41775 2089.49023 2196.51051 2130.35417
286 2197.43085 2089.49805 2196.68197 2130.54525
287 2196.34014 2089.86491 2196.14121 2130.39022
288 2197.20030 2090.17350 2196.60234 2135.13534
289 2196.18773 2091.08854 2196.45499 2135.69043
290 2197.18617 2090.94564 2196.91550 2133.55859
291 2197.14406 2091.38477 2197.06412 2133.54264
292 2197.18485 2090.93823 2196.62015 2135.02604
293 2195.89341 2090.77832 2196.72040 2134.96289
294 2196.15456 2090.45573 2196.45450 2134.41439
295 2196.42299 2091.46354 2196.49992 2133.61230
296 2197.31309 2091.95312 2196.90075 2135.79102
297 2197.67182 2092.96029 2196.98134 2136.07031
298 2197.69195 2093.45833 2196.34891 2134.36784
299 2198.24309 2094.57161 2196.56141 2135.16382
300 2197.71642 2094.60547 2196.81097 2135.85286
301 2196.87370 2094.85091 2196.60725 2136.53247
302 2196.90911 2094.91211 2196.42588 2135.74707
303 2196.91178 2096.64062 2196.53293 2135.72852
304 2197.29115 2096.07520 2195.86356 2135.98910
305 2196.68341 2097.39714 2195.61358 2135.96940
306 2197.33258 2095.41618 2195.92878 2135.20703
307 2196.21496 2096.58561 2196.30406 2135.06934
308 2196.86258 2095.66862 2196.11911 2136.95793
309 2196.36273 2096.86068 2197.16104 2137.72656
310 2197.21019 2097.06689 2196.78300 2136.93880
311 2197.19898 2097.56022 2197.04792 2137.16895
312 2197.32185 2097.65169 2196.79047 2137.32812
313 2197.52254 2099.09831 2197.08469 2138.19629
314 2196.52078 2098.62826 2197.01289 2138.07259
315 2196.50090 2099.80599 2197.04199 2137.61426
316 2196.92573 2100.20589 2197.23881 2139.68978
317 2196.78165 2100.95703 2197.26350 2139.57650
318 2197.37349 2100.74902 2197.04734 2139.20898
319 2195.91998 2101.46549 2196.27234 2137.88835
320 2196.16235 2100.63542 2196.61481 2141.94401
321 2196.22878 2101.03101 2195.83961 2142.33789
322 2196.63708 2100.88411 2196.66676 2142.43197
323 2197.12745 2102.54036 2196.33927 2142.50716
324 2196.57590 2102.11003 2196.30702 2142.58333
325 2196.48169 2102.98926 2195.79346 2142.39559
326 2196.84826 2103.22493 2196.06655 2141.49186
327 2196.66644 2104.85938 2196.51289 2141.62533
328 2195.77799 2103.00977 2196.24493 2143.80534
329 2195.69685 2105.38770 2196.43100 2144.12174
330 2196.88282 2105.06022 2196.93079 2144.04036
331 2195.65692 2105.74674 2197.16263 2143.21810
332 2197.17221 2105.27604 2196.83154 2144.82910
333 2196.64547 2105.83398 2196.82547 2145.00944
334 2196.44818 2105.98763 2196.30542 2143.75065
335 2196.81798 2106.40601 2196.20619 2143.30990
336 2196.79541 2106.36491 2196.47152 2144.29484
337 2195.82347 2106.34017 2196.51928 2144.05046
338 2195.12575 2106.04028 2196.87162 2144.24251
339 2196.57019 2106.59229 2197.28520 2144.70833
340 2196.49761 2106.62923 2196.99133 2145.81641
341 2197.19694 2108.41341 2196.82082 2146.76172
342 2197.27830 2108.38932 2197.00526 2145.55111
343 2196.23461 2109.81510 2196.24336 2144.51839
344 2197.29247 2109.76986 2195.29326 2144.57780
345 2196.60911 2110.27539 2196.16694 2145.73730
346 2196.89514 2110.18066 2196.25276 2144.31632
347 2196.74955 2112.61328 2196.74190 2145.13346
348 2196.92308 2111.74349 2196.32580 2145.94564
349 2197.15178 2112.29199 2196.35835 2146.64323
350 2197.45708 2111.48665 2196.11810 2145.52572
351 2197.79156 2112.98405 2195.59967 2145.02148
352 2197.17057 2112.60124 2196.10576 2149.88835
353 2196.38506 2113.39746 2196.19924 2149.73079
354 2195.89025 2113.08203 2196.12383 2148.74023
355 2195.83312 2114.76009 2195.86085 2149.17904
356 2195.62867 2114.50781 2196.17253 2149.48568
357 2196.42137 2115.82324 2195.51127 2149.82194
358 2197.03946 2115.91992 2195.23029 2149.05273
359 2196.99754 2116.91260 2195.28775 2149.04118
360 2197.23524 2116.57780 2196.07869 2151.08431
361 2197.67031 2117.16504 2196.16310 2151.65885
362 2196.82971 2117.03809 2195.94803 2151.72396
363 2196.46104 2117.29688 2196.59849 2152.48796
364 2196.71944 2117.22624 2196.49557 2152.40462
365 2197.17692 2118.61198 2195.97235 2152.95866
366 2196.31698 2117.34473 2195.61298 2153.63021
367 2196.92027 2119.70182 2195.94040 2155.10938
368 2197.16972 2119.44694 2196.52647 2154.59074
369 2196.74596 2120.53353 2196.49543 2154.44238
370 2196.42676 2119.88867 2195.76750 2152.60710
371 2197.04626 2121.77995 2196.18580 2153.10872
372 2196.26518 2120.60905 2197.67030 2155.26497
373 2196.85820 2123.07812 2196.90136 2155.68758
374 2197.35310 2121.97249 2195.63245 2153.91016
375 2196.73156 2121.81901 2195.75958 2152.73250
376 2196.69486 2121.20020 2196.29480 2152.28385
377 2196.31578 2122.56152 2196.18300 2153.03548
378 2196.31483 2122.35449 2196.72185 2152.92155
379 2196.05389 2122.71419 2197.38392 2153.29590
380 2196.18554 2123.80371 2196.84221 2154.43327
381 2197.16438 2124.37435 2196.94333 2156.30591
382 2196.59162 2124.08944 2196.54333 2155.20703
383 2196.93860 2125.83398 2196.76697 2154.33691
384 2197.78797 2125.80957 2196.79813 2158.29557
385 2197.00328 2126.47754 2197.22465 2159.31608
386 2196.91365 2125.71810 2197.14920 2159.85156
387 2196.08363 2127.60449 2196.64280 2159.23340
388 2196.64670 2126.62077 2195.96623 2159.25521
389 2196.12652 2127.25879 2196.13310 2159.50000
390 2197.22907 2126.97298 2196.25362 2160.01725
391 2197.89337 2128.30632 2196.52175 2160.90039
392 2197.54893 2127.32812 2196.53277 2160.43848
393 2196.26105 2128.27881 2197.27813 2161.14030
394 2195.74591 2127.32422 2197.03122 2161.06413
395 2195.85548 2128.70280 2196.97262 2160.70085
396 2196.13887 2128.84440 2196.05849 2161.70410
397 2196.61478 2130.58984 2195.73052 2161.93652
398 2196.02426 2129.16211 2195.72410 2162.66797
399 2196.38205 2130.98828 2195.89525 2162.74341
400 2196.78114 2130.75521 2196.16640 2162.47689
401 2196.47374 2130.89152 2196.20813 2163.75781
402 2196.84045 2132.38118 2196.33927 2162.93294
403 2197.67542 2132.20996 2196.25396 2163.36165
404 2197.35402 2132.34017 2196.40550 2162.81478
405 2196.54862 2132.00000 2195.52034 2163.27962
406 2196.08192 2131.60352 2195.63563 2164.19857
407 2197.58469 2133.44661 2196.15578 2162.98177
408 2197.16963 2132.38867 2196.06993 2163.95378
409 2196.92558 2134.38542 2196.34601 2165.40365
410 2196.42815 2133.17985 2196.75470 2165.68262
411 2196.53100 2135.07552 2196.54455 2164.51921
412 2196.46859 2134.21517 2196.77751 2163.18783
413 2196.91996 2135.65267 2196.21453 2163.57812
414 2196.68925 2135.08822 2195.63837 2162.06803
415 2195.82551 2135.43880 2195.88376 2162.23438
416 2195.78511 2134.39160 2196.54562 2166.05892
417 2195.76146 2135.20117 2197.12173 2167.12142
418 2196.36771 2134.75391 2197.11328 2167.07292
419 2196.75765 2136.01042 2196.88624 2166.43783
420 2196.75609 2135.87565 2196.73760 2168.61458
421 2196.24999 2136.74414 2196.01096 2169.05404
422 2195.74655 2136.09180 2196.90144 2169.21126
423 2197.16725 2137.70898 2197.12932 2168.87655
424 2197.71121 2137.90104 2197.07649 2169.54232
425 2197.72848 2138.56901 2196.64809 2170.39518
426 2196.57776 2138.98617 2196.10974 2167.82812
427 2196.31677 2139.77897 2196.24723 2166.68945
428 2196.65475 2139.77539 2196.37969 2169.29590
429 2196.37008 2140.58667 2196.52855 2170.89160
430 2196.42625 2139.83659 2196.85058 2171.38542
431 2196.92981 2140.75724 2196.31584 2169.25033
432 2197.46009 2140.15072 2196.25241 2170.61979
433 2197.44808 2141.31413 2196.66400 2171.88216
434 2197.50911 2139.84961 2196.74469 2170.46029
435 2195.22615 2141.01668 2196.82098 2169.44531
436 2195.88981 2140.45833 2196.80717 2169.97493
437 2195.77500 2141.49089 2196.21741 2170.73796
438 2196.45680 2141.30990 2196.67819 2170.97363
439 2196.15549 2142.43815 2196.78109 2169.35710
440 2195.83199 2143.09863 2196.89934 2170.54582
441 2196.30487 2144.04915 2196.45348 2170.31022
442 2196.66731 2144.04036 2196.60380 2168.92480
443 2196.19903 2144.05444 2196.40144 2168.23796
444 2196.42633 2143.92025 2196.30840 2170.47396
445 2195.62135 2144.22461 2196.40995 2171.67253
446 2196.13629 2143.87793 2196.35326 2170.55273
447 2195.67453 2144.32227 2196.57458 2170.22396
448 2195.73784 2143.41146 2196.87723 2174.72493
449 2196.62314 2144.90495 2196.34387 2174.87923
450 2195.98039 2143.87891 2195.74295 2174.54395
451 2195.60154 2144.71077 2195.50838 2173.31112
452 2195.62309 2145.26790 2195.96104 2176.17415
453 2196.31183 2146.65755 2196.55379 2177.05957
454 2196.66028 2146.17936 2196.61133 2176.50000
455 2196.20077 2147.82161 2196.49181 2175.90194
456 2196.68266 2146.41667 2197.16147 2176.65951
457 2195.70145 2148.17871 2196.91546 2176.67839
458 2195.14141 2146.29785 2197.25240 2177.21387
459 2195.65438 2147.74219 2196.13424 2176.08757
460 2196.09757 2147.44010 2196.00814 2177.98893
461 2195.50137 2147.22038 2195.69420 2177.40259
462 2195.01955 2147.35775 2196.23855 2177.81380
463 2196.46597 2148.69694 2195.39538 2177.14974
464 2197.15483 2148.65039 2195.66281 2179.09863
465 2197.21020 2149.31706 2195.44125 2177.82520
466 2196.88370 2150.15332 2195.75327 2177.41341
467 2196.60286 2151.47542 2196.27491 2177.57454
468 2197.29132 2151.55371 2196.53129 2180.20996
469 2197.60381 2152.07389 2196.05951 2179.72884
470 2196.76499 2151.40723 2196.04573 2178.27669
471 2196.10112 2151.91536 2196.81825 2178.55794
472 2196.80757 2151.53776 2196.83181 2179.41634
473 2196.50312 2152.15072 2196.73109 2178.50000
474 2195.74686 2150.60645 2196.71805 2177.00130
475 2195.65367 2152.55534 2196.73810 2176.91504
476 2195.77539 2150.94271 2196.32134 2178.62760
477 2196.09991 2152.57959 2196.58739 2179.06022
478 2196.42664 2151.65983 2196.05330 2179.00846
479 2195.85713 2152.87858 2196.64033 2179.23112
480 2196.22915 2152.72493 2195.96765 2183.62500
481 2196.42875 2154.54980 2196.07581 2183.64486
482 2196.06163 2153.49349 2195.87413 2182.45801
483 2196.22586 2154.45085 2196.88371 2181.88965
484 2196.63544 2155.03109 2195.55640 2183.42578
485 2196.29575 2155.52083 2195.87685 2182.73307
486 2196.27549 2155.03353 2196.21462 2182.66309
487 2195.94296 2155.26465 2196.59002 2182.58431
488 2196.73084 2154.68490 2196.12845 2185.28711
489 2196.56740 2155.18685 2195.98833 2185.69417
490 2196.90618 2155.97656 2195.60612 2184.95768
491 2197.99885 2156.95182 2196.60145 2184.56445
492 2196.64254 2156.61296 2196.46429 2185.80664
493 2195.87530 2157.44784 2195.28065 2184.36556
494 2196.00289 2156.86914 2195.27847 2184.65397
495 2196.84930 2158.77246 2195.82186 2183.11890
496 2197.08724 2158.46484 2196.38862 2186.61979
497 2196.78633 2159.42594 2197.59971 2188.41341
498 2195.71687 2158.15007 2197.64077 2186.96126
499 2196.95273 2160.42676 2196.56656 2185.88639
500 2196.14616 2159.11458 2196.33536 2188.24870
501 2196.85792 2160.25586 2196.42506 2187.97884
502 2197.15101 2159.21086 2196.44277 2185.71411
503 2196.16742 2160.35124 2196.86243 2186.06966
504 2196.92620 2159.40137 2196.60407 2186.71094
505 2197.41040 2160.54199 2196.57740 2186.67708
506 2196.88275 2159.36393 2196.04427 2185.80485
507 2196.68874 2159.63086 2195.91892 2186.41895
508 2196.63274 2161.09082 2195.22626 2188.00000
509 2198.00466 2163.15299 2195.78450 2187.00814
510 2196.20660 2161.80111 2196.90172 2184.95671
511 2197.35335 2163.46712 2196.60743 2186.90430
512 2196.47514 2160.67708 2196.53654 2210.97591
513 2197.14012 2163.47729 2196.04177 2212.70378
514 2197.50161 2162.85482 2196.07226 2212.74382
515 2197.66988 2163.76009 2197.06208 2211.30111
516 2197.59640 2162.87402 2196.69404 2210.67334
517 2197.32049 2164.26945 2196.46176 2210.82454
518 2196.85860 2163.47135 2196.99810 2213.16593
519 2196.93320 2165.18490 2197.35004 2211.37305
520 2196.46657 2163.43774 2196.56507 2207.85970
521 2196.76867 2165.20988 2196.19180 2209.03581
522 2197.18681 2164.84473 2195.65974 2209.09408
523 2197.93191 2166.58398 2196.27855 2209.66829
524 2198.05833 2165.40430 2196.24602 2208.00260
525 2196.22136 2165.61361 2196.47460 2209.09668
526 2196.65635 2165.56315 2196.04968 2209.55436
527 2196.28439 2166.39844 2196.23408 2208.22591
528 2196.71686 2165.88672 2197.15170 2208.47721
529 2195.89596 2166.12793 2197.03312 2208.12581
530 2195.92090 2165.99609 2196.05128 2207.40885
531 2196.78953 2166.06836 2196.39307 2208.56543
532 2197.13182 2166.73210 2196.61107 2208.27865
533 2196.65119 2167.09473 2197.07754 2209.15365
534 2196.14328 2166.52962 2197.05563 2207.34318
535 2196.20632 2168.79362 2196.88367 2206.40951
536 2196.64320 2167.90007 2197.05717 2206.90137
537 2197.42192 2169.83008 2196.24663 2208.05599
538 2196.49773 2168.24251 2196.01672 2207.90365
539 2196.78785 2170.49951 2196.33675 2207.43433
540 2196.49455 2169.28304 2195.52542 2207.50553
541 2196.58301 2171.23079 2195.79553 2207.90690
542 2196.83730 2170.36344 2196.10545 2207.44434
543 2196.47685 2170.60710 2195.88528 2206.47526
544 2197.13067 2169.55632 2196.56528 2209.55143
545 2197.06341 2171.20768 2196.12525 2210.02930
546 2196.73405 2170.50293 2195.85117 2209.26562
547 2197.03091 2172.15820 2195.82452 2208.59928
548 2196.70628 2171.33464 2196.19059 2209.00000
549 2196.46784 2172.30599 2196.63452 2209.64583
550 2196.56078 2172.27279 2196.43669 2209.64714
551 2197.58893 2173.81185 2196.68161 2209.50301
552 2197.33884 2172.99186 2196.44693 2210.50911
553 2196.16713 2173.18245 2197.45185 2212.14095
554 2194.46239 2173.23022 2196.67175 2211.69922
555 2196.24961 2174.04826 2197.01771 2210.83496
556 2197.11901 2173.67839 2196.68504 2209.37142
557 2196.90644 2174.12044 2195.73877 2210.66895
558 2196.31951 2173.08105 2195.86805 2212.68978
559 2197.15252 2174.79883 2196.63003 2212.19922
560 2195.99312 2173.66243 2196.45612 2212.09668
561 2197.23537 2176.12402 2196.86993 2213.48665
562 2196.85554 2174.59277 2197.08895 2213.36719
563 2195.01952 2175.43978 2198.01794 2211.52417
564 2195.64448 2174.44173 2198.25869 2211.58138
565 2197.51085 2177.57259 2196.60059 2211.52181
566 2197.07902 2176.68978 2196.52664 2211.54102
567 2196.68274 2177.70475 2196.43975 2210.95866
568 2196.35603 2176.37337 2196.60584 2210.02799
569 2196.24383 2177.57943 2196.84462 2211.58757
570 2196.12492 2176.82064 2196.73685 2212.59408
571 2197.58498 2177.98568 2196.57497 2211.30786
572 2196.75864 2177.21159 2196.22875 2212.36003
573 2195.47574 2177.64974 2195.72939 2210.20964
574 2196.71203 2177.17969 2196.34877 2210.55241
575 2195.52100 2178.07227 2196.16818 2209.82088
576 2196.10921 2177.38477 2196.50307 2215.52344
577 2196.22423 2178.26693 2196.20287 2216.45475
578 2195.63643 2178.29134 2196.13122 2214.03418
579 2196.43012 2180.24902 2196.61016 2213.17513
580 2195.78215 2179.61719 2196.66070 2214.33464
581 2196.89849 2181.56934 2197.20543 2215.14876
582 2196.80188 2180.38607 2197.41214 2215.37695
583 2195.71970 2181.37533 2196.91880 2214.64746
584 2196.33991 2179.38802 2195.61138 2216.21305
585 2195.84409 2180.98730 2195.63660 2215.96484
586 2196.15438 2179.22884 2195.97104 2215.71549
587 2196.48963 2180.77865 2196.43633 2213.95410
588 2195.54720 2179.88770 2196.53464 2214.87891
589 2196.21116 2181.43620 2196.58894 2214.74740
590 2195.89986 2181.41732 2197.08146 2215.36914
591 2195.66466 2182.15853 2197.01912 2214.18229
592 2195.94451 2181.77279 2196.47409 2214.82389
593 2196.33803 2182.88216 2196.13295 2214.19653
594 2195.09826 2182.22998 2196.05492 2213.67350
595 2196.27880 2183.36043 2196.62861 2212.07910
596 2196.50268 2182.31380 2196.93830 2215.01367
597 2196.38899 2182.98405 2196.71179 2214.64160
598 2196.25125 2181.73470 2196.88901 2213.39844
599 2196.56638 2182.83105 2197.11289 2212.36361
600 2197.76919 2182.70085 2196.73848 2213.56934
601 2197.59603 2184.55924 2196.93764 2213.49219
602 2196.90183 2183.31413 2196.30861 2212.81413
603 2196.95040 2184.67480 2196.37483 2212.06836
604 2195.31886 2181.77344 2195.84103 2212.45768
605 2196.22626 2184.16764 2195.93149 2212.97070
606 2196.29633 2183.69100 2196.29413 2211.93327
607 2196.59995 2185.29134 2196.26455 2209.70964
608 2195.69108 2184.33822 2195.41351 2214.84733
609 2196.61518 2186.55697 2196.21988 2215.20378
610 2196.09300 2185.24967 2196.85096 2216.47461
611 2196.09265 2186.09814 2196.80045 2214.59717
612 2196.44717 2185.74821 2196.30699 2215.01636
613 2196.06852 2186.82528 2195.73742 2214.38184
614 2196.95766 2186.13379 2196.16548 2215.04688
615 2196.29657 2186.86751 2196.01807 2213.95410
616 2196.54014 2186.78418 2195.93925 2216.58691
617 2197.34139 2187.76725 2195.72567 2216.68229
618 2196.23614 2186.86450 2196.06389 2216.49544
619 2196.61886 2187.87793 2196.40946 2216.61849
620 2196.55806 2187.32715 2195.81639 2219.25651
621 2196.01394 2188.16374 2195.71848 2217.68978
622 2196.14159 2187.18522 2196.27200 2217.17480
623 2196.58232 2189.20085 2196.52916 2216.87419
624 2196.20358 2188.27539 2196.40816 2217.55729
625 2196.96793 2189.83431 2196.24825 2216.31746
626 2195.94374 2187.82520 2196.42427 2215.87826
627 2196.59820 2189.99642 2197.23040 2215.81510
628 2196.08705 2188.41276 2197.59781 2218.85384
629 2196.74627 2190.38639 2196.51396 2218.18880
630 2196.98606 2189.12793 2195.83917 2217.15072
631 2196.72633 2189.99740 2196.43440 2216.51953
632 2197.52317 2190.21029 2196.72027 2217.72648
633 2197.09612 2190.69987 2196.47207 2218.47884
634 2196.88827 2190.77962 2195.24314 2217.70898
635 2196.38751 2191.26855 2195.99409 2216.29281
636 2196.15952 2191.14421 2196.53697 2218.14616
637 2198.24919 2192.73307 2195.93665 2218.04557
638 2196.77844 2191.23991 2195.72046 2216.88509
639 2196.64505 2191.88411 2195.88094 2214.78353
640 2196.98156 2191.05461 2196.33521 2221.80664
641 2196.69971 2192.03630 2196.43341 2220.67383
642 2197.26704 2191.12923 2196.62435 2220.47852
643 2196.84445 2192.66634 2196.28718 2219.70833
644 2196.30902 2191.59277 2196.35539 2220.78296
645 2197.28478 2193.71484 2196.52877 2221.11165
646 2196.60004 2193.18970 2196.09204 2220.89323
647 2197.99693 2195.41243 2196.22096 2220.18587
648 2196.60694 2193.26725 2196.74037 2221.36458
649 2196.35075 2194.49707 2196.20225 2220.99512
650 2196.14318 2193.69238 2196.07888 2221.20752
651 2196.70902 2195.08529 2196.16902 2220.03939
652 2197.14463 2194.18620 2195.60357 2221.97567
653 2196.38955 2195.07023 2196.07604 2223.32520
654 2197.67786 2194.84391 2195.90614 2222.18522
655 2197.97811 2196.42578 2195.97150 2221.02148
656 2197.22138 2194.82227 2196.70837 2222.27637
657 2196.50231 2195.23324 2196.54759 2222.56608
658 2195.56317 2195.88574 2196.80687 2222.15072
659 2196.85048 2196.69792 2196.44773 2221.62858
660 2196.58212 2196.62956 2196.31295 2222.28288
661 2197.23301 2197.42513 2196.93521 2221.93978
662 2196.97893 2196.80273 2196.65284 2221.27865
663 2196.37185 2198.21289 2197.13030 2219.74870
664 2195.90480 2196.92839 2196.83700 2223.71175
665 2197.29595 2198.59115 2196.79882 2223.18652
666 2196.31918 2196.50163 2197.39040 2222.21322
667 2196.36056 2198.69108 2196.86567 2220.69694
668 2196.26739 2197.27376 2196.38238 2222.52311
669 2197.00756 2198.57096 2196.41736 2222.41146
670 2196.84838 2197.57251 2196.35900 2221.19466
671 2196.16521 2198.22363 2196.45353 2219.16911
672 2196.53137 2197.28125 2195.80152 2223.94368
673 2196.29029 2199.52572 2195.94709 2224.10905
674 2196.26529 2198.93066 2195.60260 2223.19759
675 2196.71575 2200.39714 2195.65903 2221.32682
676 2196.03664 2198.97257 2196.00631 2225.23926
677 2196.83269 2200.12142 2195.58902 2224.44727
678 2196.83737 2199.98893 2196.57945 2224.45703
679 2197.28963 2201.34635 2196.83081 2221.13184
680 2196.62700 2200.22201 2197.16724 2224.95605
681 2196.94322 2200.71549 2196.14856 2225.61914
682 2196.02622 2200.44206 2195.60325 2224.52962
683 2196.46391 2200.74642 2196.47086 2222.14876
684 2196.64260 2199.76953 2197.21738 2227.26562
685 2196.22745 2200.94889 2196.88535 2227.94499
686 2195.43398 2200.07389 2196.60640 2227.23242
687 2195.35335 2201.82780 2195.85986 2224.33138
688 2196.28106 2201.36556 2195.83866 2228.97852
689 2195.68982 2203.53483 2196.41172 2228.40853
690 2196.48584 2202.27376 2195.91362 2227.63900
691 2196.25978 2203.55794 2195.25540 2224.39225
692 2196.25139 2201.90454 2195.08427 2227.16667
693 2195.97352 2203.53809 2195.95450 2227.63639
694 2196.29850 2202.73893 2196.12828 2227.48926
695 2196.97504 2203.96419 2195.21615 2223.03613
696 2196.20478 2202.58887 2195.14165 2226.13118
697 2195.85350 2203.37565 2195.14882 2226.24512
698 2196.03981 2203.65614 2195.73985 2224.41829
699 2196.35360 2204.01571 2196.62322 2222.73372
700 2196.44741 2204.69173 2197.18016 2227.01497
701 2195.95294 2205.73503 2196.48470 2227.47290
702 2196.25629 2206.13062 2196.03810 2225.69727
703 2196.25989 2206.41732 2196.29714 2223.35547
704 2196.40265 2205.64689 2196.06161 2230.54883
705 2197.06584 2206.70215 2195.63095 2230.87923
706 2195.68965 2206.41309 2196.18854 2230.43172
707 2197.47657 2208.58268 2195.44562 2227.58789
708 2196.53212 2206.25911 2195.53471 2231.89396
709 2196.28974 2206.66471 2196.30793 2231.57617
710 2197.33622 2205.98242 2196.40034 2229.88932
711 2195.90710 2207.03613 2195.97863 2227.68001
712 2196.27686 2205.80632 2195.32474 2231.96517
713 2195.66088 2207.42464 2196.34839 2232.46257
714 2196.21482 2206.03304 2196.42596 2231.10742
715 2196.29823 2207.85872 2196.70332 2227.38151
716 2195.57812 2207.44564 2196.90266 2231.58691
717 2196.30259 2208.45345 2196.70634 2231.10612
718 2196.44038 2208.46973 2196.66682 2231.86263
719 2196.66279 2209.45964 2197.02009 2227.42407
720 2196.42624 2208.86174 2196.39562 2230.40885
721 2196.11347 2209.07552 2195.84879 2228.88477
722 2195.50546 2208.56901 2196.02999 2229.70085
723 2194.68085 2209.39648 2196.06261 2227.98503
724 2196.01985 2208.63574 2196.06764 2230.24902
725 2196.87731 2209.68205 2196.08435 2229.75130
726 2196.57172 2208.44824 2195.73235 2230.72974
727 2196.72242 2209.63037 2195.33151 2227.83171
728 2196.72977 2209.69596 2195.65291 2231.90137
729 2196.71673 2211.29793 2195.57313 2231.07227
730 2197.10325 2210.82161 2195.95782 2231.36027
731 2197.42955 2212.51921 2195.99603 2227.80729
732 2196.81742 2210.48991 2196.30961 2230.92985
733 2196.67255 2212.60677 2195.80838 2231.62142
734 2195.52962 2211.21908 2195.76718 2230.31657
735 2196.31867 2212.55827 2195.91249 2227.13354
736 2196.73384 2211.81055 2197.03075 2233.89355
737 2195.89333 2211.77051 2196.44760 2234.08000
738 2196.24921 2210.87142 2196.31792 2233.45475
739 2195.89574 2212.02539 2196.65556 2230.16113
740 2196.71411 2212.30664 2196.38063 2234.37077
741 2196.41648 2213.01961 2196.21064 2234.75065
742 2195.88005 2212.12606 2196.56978 2233.39258
743 2195.92763 2212.91829 2197.02021 2230.57910
744 2196.69755 2213.33040 2196.92897 2233.02344
745 2196.75082 2213.96484 2197.52250 2236.21940
746 2195.77994 2213.81380 2197.22674 2235.80436
747 2196.11926 2215.00000 2196.53267 2233.21517
748 2196.06378 2214.04427 2196.48158 2234.84440
749 2195.54262 2215.08936 2196.93244 2235.14681
750 2195.78651 2214.05957 2196.86851 2234.52987
751 2196.30128 2215.47754 2197.08541 2232.90072
752 2196.98074 2213.95117 2197.21057 2236.67188
753 2197.18770 2216.32715 2196.79825 2237.73340
754 2196.21738 2214.18880 2196.22709 2235.38086
755 2195.86979 2215.56152 2196.63114 2232.30469
756 2195.76020 2214.37630 2195.86401 2235.70150
757 2196.66999 2217.17708 2196.35191 2238.24251
758 2197.19511 2216.16634 2196.58378 2235.10319
759 2196.06019 2216.24805 2196.62574 2231.98861
760 2196.00576 2215.20182 2196.13510 2236.25895
761 2196.56705 2216.93514 2195.95570 2236.58301
762 2196.73590 2217.88542 2196.72589 2235.80859
763 2196.68368 2217.64909 2196.11353 2233.01465
764 2196.50070 2217.25618 2196.17550 2236.20182
765 2197.82066 2218.16016 2196.67635 2238.29069
766 2196.57325 2216.69922 2196.98883 2237.59798
767 2197.09823 2218.12826 2196.71893 2234.37923
768 2197.60698 2217.22070 2196.52770 2221.18555
769 2196.07421 2217.63135 2197.36300 2220.62891
770 2196.61837 2217.78809 2196.84940 2219.57284
771 2196.50861 2219.72266 2196.60649 2216.20898
772 2196.99439 2218.50301 2197.28678 2220.75879
773 2197.80613 2219.51693 2196.74549 2219.05046
774 2196.90516 2219.26790 2196.13942 2218.32910
775 2196.81349 2220.23730 2196.55001 2214.93717
776 2196.65388 2219.01042 2196.52055 2219.91992
777 2197.39697 2220.61686 2196.67204 2219.52458
778 2197.53784 2220.43001 2196.32134 2218.38477
779 2197.27756 2221.06730 2196.79961 2215.45996
780 2197.07408 2219.38607 2197.46021 2221.68294
781 2195.86707 2219.40275 2197.19355 2221.65234
782 2196.41983 2219.04525 2196.31074 2220.40104
783 2196.57385 2220.75049 2196.08681 2214.91260
784 2196.98770 2220.24121 2195.99981 2222.13867
785 2196.95411 2220.64551 2196.08613 2223.53190
786 2196.52302 2221.05339 2196.02050 2221.75781
787 2197.17353 2221.20736 2196.91519 2216.75879
788 2196.82292 2221.43368 2196.34497 2222.60579
789 2197.06674 2221.71973 2195.95430 2222.23958
790 2196.82668 2221.19010 2195.72244 2219.80957
791 2196.23438 2222.04850 2196.16941 2215.44954
792 2196.79552 2221.41829 2196.33806 2222.06673
793 2196.35347 2223.16309 2196.37728 2221.07617
794 2196.54987 2221.10352 2196.57532 2218.76204
795 2196.92815 2222.88932 2196.71988 2214.84180
796 2197.24581 2221.48177 2196.71373 2221.97282
797 2198.11027 2223.87435 2196.07503 2219.44466
798 2197.21031 2222.78483 2196.05576 2217.39388
799 2196.89794 2222.81185 2195.31803 2213.70150
800 2196.62264 2221.76986 2195.65979 2224.99707
801 2196.13246 2223.31087 2196.03751 2224.69727
802 2196.55623 2223.17716 2196.03445 2221.12939
803 2196.75420 2224.97632 2196.71641 2217.90983
804 2195.51189 2223.58757 2196.89160 2226.18262
805 2195.79304 2224.26465 2196.90517 2225.09928
806 2196.40401 2224.10775 2196.44950 2221.47884
807 2196.91152 2224.78320 2196.06382 2217.63704
808 2197.01342 2223.83691 2196.51203 2225.37467
809 2197.04124 2223.26107 2196.88127 2225.28345
810 2196.91668 2224.26343 2196.08214 2222.48665
811 2196.53106 2225.03174 2196.44071 2218.47135
812 2196.05325 2224.22624 2196.52750 2224.22852
813 2195.91551 2224.70671 2196.19574 2222.60498
814 2196.15377 2224.26530 2196.61380 2220.85579
815 2195.75558 2225.76888 2196.56326 2217.00391
816 2195.92443 2224.78418 2196.61807 2224.42879
817 2196.69033 2226.47721 2197.35517 2223.21354
818 2196.15605 2224.79850 2197.34926 2222.49772
819 2195.94151 2226.97819 2197.56607 2218.73665
820 2195.74953 2225.08952 2196.40517 2224.99967
821 2196.47240 2226.42643 2196.63186 2224.05241
822 2195.97641 2225.33398 2197.61311 2222.01986
823 2196.75690 2226.53223 2196.36331 2217.59245
824 2196.60408 2226.19857 2195.54530 2223.90462
825 2196.37606 2227.09115 2195.28156 2221.71126
826 2196.79344 2226.79004 2195.84587 2219.35295
827 2196.29365 2226.95052 2196.28328 2215.30884
828 2196.68514 2227.31576 2196.38505 2222.50065
829 2195.60106 2227.15495 2196.73822 2222.21875
830 2196.16985 2226.93099 2196.78826 2220.94694
831 2196.79893 2227.98861 2196.34143 2216.22070
832 2196.24826 2227.11361 2196.39549 2227.82194
833 2196.58263 2228.17513 2196.40781 2226.08529
834 2195.46217 2227.57096 2196.42914 2225.21940
835 2196.86222 2228.88835 2196.40223 2221.96224
836 2196.91075 2227.69987 2196.05489 2227.16504
837 2196.85160 2227.91081 2195.27036 2225.32446
838 2196.55153 2227.06543 2195.98568 2223.99740
839 2196.10113 2228.47363 2196.07039 2218.34798
840 2196.97937 2227.65658 2196.22519 2226.36914
841 2196.01954 2229.09701 2196.14916 2226.34627
842 2195.51037 2227.02767 2196.04325 2225.10026
843 2196.62716 2229.12166 2196.38442 2220.34090
844 2196.35439 2228.87142 2196.72338 2227.40365
845 2196.66898 2228.98014 2196.26531 2226.67008
846 2194.94581 2228.93978 2195.86783 2224.58529
847 2197.00299 2230.19010 2196.52978 2220.03084
848 2197.02729 2229.28027 2196.66377 2226.03613
849 2195.88259 2228.98698 2195.98594 2224.82487
850 2195.93277 2228.77148 2196.03408 2222.31901
851 2195.86655 2228.38281 2195.99614 2217.90576
852 2195.46024 2228.86263 2195.81807 2225.12939
853 2196.47313 2230.34359 2196.40577 2224.79720
854 2197.43052 2229.57259 2196.01063 2223.29069
855 2196.23519 2230.49219 2196.43990 2218.94076
856 2195.89106 2230.50358 2196.27602 2224.18685
857 2196.38863 2231.61296 2196.14886 2224.03092
858 2196.40618 2230.11849 2195.50995 2222.25130
859 2196.48413 2231.92448 2195.79416 2218.16634
860 2196.65806 2230.64461 2195.85627 2223.64681
861 2197.35316 2232.01562 2196.14821 2222.28223
862 2197.24331 2230.95345 2196.31170 2221.31706
863 2197.12368 2232.45312 2196.70565 2218.95028
864 2196.70424 2231.23991 2197.49075 2228.63973
865 2195.45896 2230.74447 2196.33415 2226.25326
866 2196.10946 2230.57389 2196.47224 2224.47493
867 2195.41320 2231.68294 2196.63657 2221.66309
868 2195.62718 2231.99154 2196.34193 2226.75130
869 2196.11773 2232.46989 2196.44864 2225.56901
870 2196.43459 2232.38477 2197.20281 2225.51725
871 2196.26134 2233.55404 2196.91490 2222.63664
872 2194.92427 2232.30534 2197.29877 2228.43457
873 2195.37944 2232.73836 2197.10640 2228.88997
874 2195.72819 2233.30924 2196.98513 2228.92936
875 2195.20462 2233.35807 2197.41058 2224.69401
876 2195.68785 2232.90666 2197.76037 2228.69303
877 2196.38111 2233.78141 2196.84548 2227.55762
878 2196.78892 2232.98665 2197.42635 2226.58724
879 2195.82580 2233.85881 2197.69795 2224.80802
880 2196.25929 2233.69141 2197.56546 2227.85547
881 2196.29125 2234.94596 2196.89627 2228.19108
882 2195.57617 2233.14364 2196.18570 2227.56470
883 2195.60779 2235.16797 2196.60882 2224.81144
884 2195.46236 2233.28280 2196.97812 2229.42554
885 2196.29587 2235.10221 2197.48637 2229.32633
886 2196.80964 2234.08822 2196.75562 2227.64421
887 2197.56385 2235.76693 2197.34182 2225.68197
888 2196.84731 2234.74674 2197.20881 2229.14844
889 2196.62592 2235.46460 2195.89072 2227.82780
890 2196.61798 2235.81535 2196.51119 2224.92936
891 2197.59046 2235.77507 2196.83097 2222.18587
892 2196.41633 2235.67936 2196.89674 2227.46419
893 2196.87643 2235.93717 2197.10037 2227.18034
894 2197.25752 2235.36523 2196.82472 2224.30615
895 2196.47651 2236.96745 2196.62957 2221.31283
896 2195.92560 2235.46810 2196.58183 2230.66089
897 2195.55198 2236.26139 2196.41432 2229.96167
898 2196.24450 2235.62939 2196.79891 2230.92057
899 2194.85734 2237.00586 2197.04442 2227.18066
900 2196.22227 2236.69865 2196.00478 2230.83757
901 2196.57725 2238.09375 2196.45461 2231.30892
902 2196.58052 2237.91536 2196.76327 2230.16309
903 2196.99505 2238.64290 2197.32045 2228.16927
904 2196.76631 2237.14486 2196.97271 2232.05859
905 2196.73887 2238.89681 2196.53504 2231.45866
906 2196.66167 2237.17285 2197.57413 2230.43034
907 2195.22052 2237.51432 2198.09833 2227.03166
908 2195.88391 2237.30013 2196.93127 2231.49015
909 2195.61172 2238.11035 2196.76785 2230.58757
910 2196.48156 2238.21810 2196.40396 2229.27848
911 2196.52363 2239.43066 2196.10318 2226.88672
912 2196.01502 2238.22510 2195.76502 2231.64941
913 2196.90332 2238.78385 2196.19022 2231.71712
914 2195.51895 2239.18034 2196.95225 2230.61003
915 2195.63640 2239.10335 2196.78528 2228.41211
916 2195.66234 2239.67546 2197.42715 2232.92090
917 2195.94783 2239.58171 2197.21961 2232.21094
918 2197.38009 2239.34017 2196.42237 2229.23828
919 2196.91212 2240.29362 2196.78659 2226.27930
920 2196.26021 2239.15755 2196.54591 2231.79134
921 2196.35706 2241.08903 2196.71936 2231.51424
922 2196.82184 2239.67057 2196.39230 2229.67936
923 2195.90888 2241.35026 2196.44112 2226.52344
924 2196.43857 2240.96322 2197.14580 2231.98145
925 2197.17460 2242.64827 2196.36982 2230.03483
926 2197.73615 2242.06087 2196.46998 2228.41764
927 2196.60223 2241.65275 2196.61518 2224.59538
928 2196.59987 2241.61426 2196.30959 2233.39990
929 2196.75342 2242.85710 2195.96110 2233.09082
930 2196.01060 2240.94238 2196.31566 2232.48698
931 2196.44061 2241.42839 2196.49312 2227.60547
932 2196.31775 2240.72754 2195.90512 2232.96159
933 2196.61022 2241.82031 2196.42411 2233.89836
934 2195.91419 2241.02246 2196.04398 2232.33789
935 2196.34315 2241.98372 2196.76978 2228.56380
936 2196.66824 2242.85026 2196.35689 2234.55664
937 2197.03098 2243.53190 2195.72968 2233.76245
938 2196.67863 2243.15072 2195.69329 2231.53646
939 2196.16968 2243.81413 2195.66141 2226.67936
940 2196.97902 2244.09465 2196.69361 2232.94336
941 2196.11977 2243.98079 2196.21758 2233.70443
942 2196.48226 2243.41154 2195.96593 2232.56966
943 2196.17345 2243.82194 2196.35777 2228.24902
944 2196.39669 2243.77116 2197.09180 2234.42350
945 2196.15050 2244.98568 2196.82790 2235.04883
946 2195.76654 2242.77637 2196.41632 2233.47233
947 2197.10715 2245.40267 2196.14232 2229.72306
948 2196.03104 2243.43359 2196.72362 2234.26172
949 2197.06330 2245.70931 2196.37617 2234.34310
950 2196.26768 2244.82715 2195.99891 2233.71973
951 2195.49962 2245.09212 2196.40090 2230.11011
952 2195.81832 2244.95638 2196.70315 2235.86133
953 2196.50123 2246.13411 2196.86062 2234.92057
954 2196.36947 2245.81608 2196.37749 2232.62500
955 2196.11022 2245.82161 2196.55094 2228.53353
956 2196.09936 2246.23763 2196.36469 2235.19792
957 2195.13523 2246.93783 2196.67537 2234.71126
958 2195.03264 2246.34961 2195.52690 2233.59147
959 2196.19394 2247.69727 2195.01279 2228.44922
960 2196.29870 2246.92839 2195.27577 2236.98861
961 2196.99063 2247.86296 2196.31602 2236.94401
962 2196.06444 2246.54720 2196.83294 2236.07324
963 2196.47921 2248.23242 2196.40619 2231.48999
964 2196.43517 2247.15430 2196.48531 2237.49121
965 2196.08409 2247.75244 2196.12905 2238.20508
966 2196.45823 2246.85319 2196.01583 2236.13932
967 2195.33186 2247.79167 2196.70759 2232.11458
968 2196.57801 2247.40055 2196.30268 2238.53418
969 2195.74324 2248.82772 2196.03663 2237.06152
970 2196.11502 2247.34342 2196.01308 2236.26497
971 2196.77583 2248.55794 2195.85476 2232.76628
972 2195.11382 2247.29557 2196.23252 2238.97241
973 2195.69818 2248.17936 2196.05251 2238.03516
974 2195.21502 2247.93197 2195.40806 2237.29069
975 2196.41706 2249.31803 2196.08948 2233.53035
976 2196.54257 2248.46582 2196.72110 2241.14225
977 2195.51608 2248.02279 2196.25933 2239.53589
978 2195.89303 2247.69889 2196.46959 2237.15755
979 2195.26586 2248.14486 2196.63201 2233.40951
980 2195.82995 2248.34212 2196.33582 2239.24707
981 2196.28003 2249.69824 2196.48403 2238.33073
982 2196.46684 2248.44368 2196.18395 2236.59701
983 2195.75399 2248.82243 2196.51066 2232.91439
984 2196.26401 2250.27808 2195.94448 2239.77311
985 2196.18886 2251.36784 2196.85791 2239.40332
986 2195.64985 2249.41659 2197.15527 2239.01042
987 2196.33556 2251.06966 2196.54675 2233.02148
988 2194.35745 2248.21842 2197.00840 2238.56706
989 2195.16918 2250.01400 2196.48647 2239.28548
990 2195.93974 2249.46159 2196.28600 2237.93001
991 2196.17588 2250.65885 2196.52878 2233.17839
992 2195.82185 2249.61035 2196.15005 2242.87142
993 2194.59662 2249.81917 2196.22881 2241.67212
994 2196.67246 2251.08960 2197.12922 2240.34049
995 2196.18862 2251.59180 2196.46505 2236.33285
996 2196.58434 2251.58626 2196.15446 2242.75643
997 2196.14184 2252.62695 2196.22446 2242.32446
998 2195.93803 2252.02734 2196.62847 2241.32487
999 2196.01785 2252.19076 2197.68535 2239.51204
1000 2195.94138 2251.04557 2197.09434 2245.76465
1001 2196.22935 2251.96647 2196.78035 2245.54004
1002 2195.53923 2252.12858 2196.69371 2244.17285
1003 2196.81784 2252.90755 2196.78738 2239.58626
1004 2195.82557 2251.55306 2196.39728 2243.70801
1005 2195.94504 2251.87663 2197.03524 2243.76953
1006 2195.85347 2251.27279 2196.78019 2242.56836
1007 2196.25663 2252.78353 2195.96444 2237.01921
1008 2197.08619 2252.41732 2196.00121 2244.18506
1009 2195.96102 2252.75195 2195.91166 2243.45215
1010 2196.81089 2251.76302 2196.42822 2242.13607
1011 2196.61748 2253.81478 2197.04368 2238.17822
1012 2196.10005 2251.56803 2196.29557 2244.13672
1013 2196.49415 2253.67188 2196.16280 2245.39323
1014 2196.43243 2253.01270 2196.24871 2243.88639
1015 2195.97203 2254.29525 2196.48147 2240.73210
1016 2196.00324 2253.33024 2195.68448 2245.82804
1017 2195.92197 2253.91797 2196.14935 2246.12337
1018 2196.24395 2253.67391 2196.79736 2244.49219
1019 2197.13298 2253.93270 2196.20720 2240.24528
1020 2196.28669 2253.92839 2196.01274 2247.54777
1021 2197.11828 2255.16536 2196.13798 2246.65169
1022 2196.72865 2254.32121 2196.82127 2244.87109
1023 2196.79765 2255.01139 2196.28098 2241.49609
1024 2197.39155 2253.60775 2196.78505 2252.41113
1025 2196.87989 2254.91276 2196.50629 2251.73600
1026 2196.56236 2254.00033 2195.55966 2252.02083
1027 2195.21748 2255.01530 2195.88719 2249.77824
1028 2195.92715 2254.56087 2195.84586 2250.56380
1029 2197.37201 2255.29590 2196.46386 2250.49805
1030 2196.02547 2253.10026 2196.79587 2251.45866
1031 2196.92086 2255.32682 2196.10192 2248.20581
1032 2196.92222 2254.55013 2195.52206 2248.58398
1033 2196.40245 2256.15731 2195.25022 2246.90267
1034 2196.79082 2254.84375 2195.96100 2247.05046
1035 2196.32674 2255.93848 2196.26104 2246.40430
1036 2197.40899 2255.72917 2196.14423 2247.96867
1037 2196.31241 2256.69141 2196.11176 2248.43294
1038 2197.19358 2255.91243 2196.74884 2249.05176
1039 2196.99290 2257.11882 2197.17196 2246.29134
1040 2196.68973 2256.33008 2195.82992 2249.12598
1041 2196.84112 2256.13672 2195.23424 2248.99805
1042 2196.23221 2256.66602 2195.67596 2248.66496
1043 2196.55331 2256.72201 2196.59670 2247.63525
1044 2197.14861 2257.43848 2196.40687 2248.64941
1045 2196.55389 2256.75000 2196.25963 2248.59505
1046 2197.24272 2256.52930 2197.31341 2248.54313
1047 2196.57619 2257.47396 2196.64529 2245.25618
1048 2196.07417 2256.47884 2195.89500 2247.70003
1049 2195.78569 2258.05599 2196.98189 2247.36556
1050 2196.00383 2255.99902 2196.71928 2245.93522
1051 2196.04605 2257.73039 2196.32356 2243.58268
1052 2194.98805 2256.97493 2196.21317 2247.93945
1053 2196.04879 2258.28776 2196.08647 2246.50260
1054 2196.75583 2257.57943 2196.74998 2246.21582
1055 2196.10839 2257.77832 2196.38817 2244.30176
1056 2196.15309 2257.59351 2196.70867 2250.30208
1057 2196.22938 2258.07812 2196.53064 2250.28158
1058 2196.42327 2256.61947 2196.47313 2249.98014
1059 2197.66662 2257.89648 2197.54331 2248.31152
1060 2196.78346 2257.04915 2196.84908 2250.14974
1061 2197.15908 2258.24609 2196.28439 2249.15137
1062 2196.22880 2257.64258 2196.70526 2249.22819
1063 2196.14320 2257.48047 2197.32449 2247.89030
1064 2196.75638 2258.20638 2196.71706 2250.23405
1065 2196.12633 2258.30322 2195.94127 2249.36239
1066 2195.85144 2258.45312 2196.63303 2248.29297
1067 2196.49047 2258.97656 2196.71224 2247.40104
1068 2196.36047 2258.34147 2196.56012 2249.88835
1069 2197.03849 2259.72656 2195.61467 2250.00911
1070 2196.37946 2257.86898 2195.91220 2249.60254
1071 2195.94916 2259.02572 2195.49949 2249.12858
1072 2195.61447 2257.55859 2195.10133 2251.88411
1073 2195.74935 2258.90332 2195.74492 2251.56706
1074 2195.65674 2258.09717 2196.33151 2252.05566
1075 2195.31886 2260.06413 2196.15097 2248.78320
1076 2196.00488 2258.32422 2197.01685 2251.59505
1077 2195.61102 2258.73405 2196.81084 2249.96354
1078 2196.48529 2259.60205 2196.55703 2249.36882
1079 2197.30605 2260.67643 2196.57324 2247.17708
1080 2196.90696 2260.00651 2196.58559 2250.09766
1081 2196.88559 2260.91528 2196.42493 2250.72054
1082 2195.90974 2260.33154 2196.60693 2250.70638
1083 2195.59811 2260.17741 2197.09814 2248.00618
1084 2196.07334 2260.08952 2197.11144 2251.03646
1085 2196.03419 2260.53353 2196.00766 2250.01628
1086 2196.53129 2260.13997 2196.32650 2249.35742
1087 2195.44425 2260.98438 2196.34007 2248.09863
1088 2195.60233 2260.84969 2195.79083 2254.84277
1089 2196.39982 2261.41667 2195.76149 2254.56901
1090 2195.56945 2261.13379 2196.45773 2251.63607
1091 2195.73494 2262.24121 2197.01571 2251.94238
1092 2197.26273 2261.73958 2197.00592 2254.74935
1093 2196.60040 2262.42546 2196.22704 2253.75293
1094 2195.55412 2260.80794 2196.63702 2253.34017
1095 2195.76709 2262.45801 2196.59206 2251.90299
1096 2196.19244 2262.16960 2196.01789 2254.85612
1097 2195.04931 2262.77897 2195.81381 2254.56152
1098 2195.83785 2261.81087 2196.52946 2254.59049
1099 2196.60522 2262.95703 2196.51471 2252.66829
1100 2195.91050 2262.02344 2196.56113 2255.13867
1101 2196.95197 2263.31380 2196.87666 2254.65169
1102 2195.15679 2262.01465 2197.09054 2253.78483
1103 2195.60956 2262.55697 2196.82425 2252.32845
1104 2195.49503 2262.15397 2195.82413 2253.01660
1105 2194.94716 2262.37573 2195.33762 2252.20125
1106 2196.08491 2262.40885 2196.11859 2252.21615
1107 2196.09556 2262.91683 2195.98191 2250.92676
1108 2195.93843 2263.20247 2196.37278 2253.32975
1109 2195.64512 2262.94368 2197.12648 2254.40169
1110 2195.72638 2262.55550 2196.76406 2252.82389
1111 2195.31157 2263.29069 2196.41121 2251.00212
1112 2196.07155 2263.08512 2197.34292 2253.64608
1113 2197.15963 2264.08105 2196.75269 2253.36914
1114 2196.04475 2262.96973 2196.54843 2252.58561
1115 2195.24268 2264.34928 2197.46587 2252.50879
1116 2195.18562 2261.98600 2197.22445 2252.98242
1117 2194.82705 2263.69336 2196.89300 2252.77930
1118 2195.71460 2262.84408 2196.19256 2251.38118
1119 2195.97955 2264.59896 2196.08542 2251.08594
1120 2196.14320 2264.41797 2196.34584 2256.42741
1121 2196.16952 2265.15332 2197.00948 2255.68555
1122 2197.09025 2264.47201 2196.95804 2254.93229
1123 2196.20630 2264.13411 2196.70330 2253.45247
1124 2195.98395 2264.71257 2196.41192 2255.03776
1125 2196.66943 2265.68783 2196.45025 2255.20345
1126 2196.11886 2264.43424 2196.90636 2255.15462
1127 2196.39798 2265.16406 2196.45402 2254.17668
1128 2195.59123 2263.89551 2196.90540 2257.56836
1129 2195.74084 2264.00488 2197.55882 2257.97754
1130 2196.36283 2266.04199 2197.38187 2256.77124
1131 2196.87142 2267.37085 2196.49189 2254.39388
1132 2196.18289 2265.57292 2195.88883 2256.34082
1133 2196.53442 2265.39111 2196.90046 2257.80794
1134 2196.08237 2265.22754 2196.98823 2257.15137
1135 2196.18346 2266.73210 2196.72728 2256.66536
1136 2196.47341 2265.66406 2196.93846 2256.03092
1137 2196.46128 2266.69564 2196.65734 2256.07585
1138 2195.53674 2264.63607 2196.58910 2255.05762
1139 2196.85571 2266.31478 2197.00791 2254.65869
1140 2196.58910 2264.80599 2197.11823 2256.68848
1141 2196.35769 2266.16016 2196.34812 2256.89315
1142 2196.65513 2265.17546 2196.10648 2257.62435
1143 2196.11372 2265.64909 2197.11438 2255.93717
1144 2195.98875 2265.26937 2196.65259 2255.11100
1145 2196.32669 2266.23535 2196.35282 2256.55208
1146 2197.09402 2267.03304 2195.77336 2255.96842
1147 2197.02595 2267.77376 2196.25228 2256.04395
1148 2197.14063 2267.74471 2196.29915 2255.27279
1149 2197.04844 2267.46891 2196.61246 2255.75586
1150 2196.56721 2266.95540 2196.56101 2255.36068
1151 2196.90538 2267.67773 2196.80912 2255.07471
1152 2196.70196 2266.72331 2197.01730 2258.93099
1153 2196.17457 2267.42391 2196.57648 2258.66243
1154 2197.35057 2267.30705 2196.96037 2259.00879
1155 2196.63230 2268.23242 2196.99290 2257.96322
1156 2196.21874 2267.11979 2196.82321 2258.31836
1157 2195.96414 2267.28678 2195.63180 2259.82389
1158 2195.31552 2266.95996 2196.33913 2259.41992
1159 2196.32806 2268.81901 2196.15093 2257.87337
1160 2196.77296 2268.01628 2195.87206 2258.43099
1161 2197.01414 2269.05371 2196.80530 2259.23079
1162 2196.52133 2267.51009 2195.83575 2258.03971
1163 2196.46403 2269.03190 2195.95861 2256.90975
1164 2197.31234 2268.17155 2196.80967 2258.36491
1165 2196.20594 2268.73405 2196.38028 2259.93221
1166 2196.61700 2268.15267 2196.87364 2259.33822
1167 2196.67385 2269.14779 2197.04199 2261.24154
1168 2197.07110 2268.96842 2196.45813 2260.32780
1169 2196.75007 2268.46452 2196.13370 2262.02702
1170 2196.42432 2269.44108 2195.90829 2261.14225
1171 2197.28679 2269.70215 2195.94066 2261.45573
1172 2196.71798 2269.63477 2195.72398 2260.72469
1173 2197.51266 2270.08887 2196.04280 2260.47428
1174 2198.14852 2269.63151 2196.50071 2259.32454
1175 2196.83315 2269.96419 2195.83981 2258.47168
1176 2196.32803 2268.73112 2196.63320 2260.30241
1177 2195.64703 2270.19808 2196.29079 2259.78548
1178 2196.55651 2269.59367 2196.48596 2259.17578
1179 2196.40645 2270.81901 2196.92542 2259.85840
1180 2196.33659 2270.28263 2196.46672 2258.53060
1181 2196.20188 2270.35775 2197.04413 2258.39909
1182 2196.48712 2270.11816 2197.30085 2258.03516
1183 2196.61974 2270.42513 2197.00504 2257.57227
1184 2197.18504 2270.34603 2196.93719 2261.96484
1185 2196.57806 2271.27116 2196.94694 2263.03027
1186 2196.21857 2270.06055 2196.93031 2262.36198
1187 2197.50526 2271.38835 2196.26556 2261.08138
1188 2196.35594 2270.58105 2195.89045 2261.64730
1189 2195.65155 2270.99642 2195.66578 2261.87533
1190 2195.25048 2270.87256 2196.65498 2262.71745
1191 2195.61255 2271.18424 2196.73116 2260.97852
1192 2196.13775 2270.81348 2197.33299 2262.68457
1193 2196.98422 2270.71419 2196.89171 2262.40951
1194 2196.72828 2271.58219 2196.34668 2260.27604
1195 2197.26995 2272.39062 2196.19749 2259.31836
1196 2196.81619 2272.07096 2195.99944 2261.37744
1197 2196.52544 2272.56217 2196.30121 2262.67904
1198 2195.64195 2270.81803 2196.33077 2262.27157
1199 2195.82170 2271.94564 2197.23138 2261.51270
1200 2196.89394 2271.82227 2197.09713 2262.93831
1201 2195.96691 2272.00846 2197.05752 2263.87443
1202 2196.40339 2271.29460 2197.19821 2263.20703
1203 2196.12060 2272.74349 2196.57096 2262.34709
1204 2195.44587 2271.14714 2196.50326 2263.04102
1205 2196.72961 2273.33211 2196.35654 2262.54427
1206 2197.21805 2272.42806 2196.39918 2261.85059
1207 2197.31757 2273.10449 2196.79669 2259.11174
1208 2197.22601 2272.64779 2197.12024 2261.42415
1209 2196.39194 2271.96126 2197.04466 2262.21549
1210 2196.78127 2272.76400 2196.77329 2262.46126
1211 2196.89792 2273.21615 2196.62219 2259.83398
1212 2196.51392 2273.75326 2196.88172 2263.67318
1213 2196.27782 2273.08984 2196.15130 2263.29427
1214 2196.49543 2272.71973 2196.39975 2262.76465
1215 2196.27843 2273.32650 2196.39852 2260.82300
1216 2195.59899 2272.51693 2196.51025 2266.17139
1217 2196.05467 2273.03190 2196.78042 2266.26432
1218 2195.67779 2272.19653 2196.76466 2264.87337
1219 2196.12458 2273.49609 2196.14684 2262.72656
1220 2196.84404 2273.54207 2196.81439 2265.82129
1221 2196.44171 2274.43490 2196.64257 2265.64648
1222 2196.69786 2273.53646 2196.91564 2263.56608
1223 2195.89379 2274.78353 2196.91326 2262.35710
1224 2196.26384 2273.34668 2196.78205 2265.01725
1225 2195.95924 2274.46012 2197.33341 2266.19434
1226 2196.47910 2273.75863 2196.47875 2265.13770
1227 2196.80477 2274.41081 2196.65376 2263.50716
1228 2195.37644 2272.66675 2196.89430 2264.96777
1229 2196.31233 2273.80632 2197.11554 2266.78776
1230 2195.85319 2273.20443 2197.52243 2267.78060
1231 2195.89980 2273.76432 2197.83137 2265.89388
1232 2197.02066 2273.90747 2196.92324 2267.74349
1233 2196.66999 2274.24056 2196.44249 2267.30339
1234 2196.74165 2273.75846 2196.65459 2265.57031
1235 2195.90677 2274.65332 2196.59488 2263.99707
1236 2196.81724 2274.64689 2196.81599 2265.71427
1237 2197.54027 2274.24967 2196.90641 2266.23820
1238 2196.03139 2273.24756 2196.86810 2266.17611
1239 2196.44894 2273.67033 2197.19785 2265.45223
1240 2195.55347 2273.07487 2195.76127 2266.18123
1241 2195.95680 2274.00000 2195.78052 2266.15527
1242 2195.85157 2272.88428 2196.91056 2266.93294
1243 2196.53054 2275.66520 2196.79407 2264.19434
1244 2196.18960 2274.49170 2196.23302 2266.19303
1245 2196.37863 2276.33659 2196.65671 2266.47754
1246 2197.38368 2274.83903 2197.01020 2264.84757
1247 2197.72895 2276.30664 2196.71313 2263.60221
1248 2196.22331 2274.69873 2196.21042 2269.75749
1249 2195.25444 2274.00781 2195.87644 2268.96517
1250 2195.08397 2274.13965 2195.94619 2267.29622
1251 2195.92029 2274.43693 2196.32389 2265.74618
1252 2197.43246 2275.12109 2196.08939 2269.52450
1253 2196.72909 2275.23438 2196.22915 2268.87174
1254 2195.52373 2273.67432 2196.38809 2268.52767
1255 2195.90890 2274.74023 2196.41563 2267.54004
1256 2195.57562 2274.86068 2196.93256 2271.06217
1257 2197.19338 2275.68815 2195.58014 2271.65169
1258 2195.66502 2275.30566 2195.83174 2269.29460
1259 2195.73828 2274.83057 2196.18446 2268.63802
1260 2195.59334 2274.86816 2196.67680 2269.39583
1261 2196.02806 2275.48698 2197.17095 2269.42350
1262 2196.73848 2275.37012 2197.56470 2268.01611
1263 2197.06362 2276.33130 2196.97534 2266.77962
1264 2196.08019 2274.86979 2196.17168 2269.93262
1265 2196.07709 2275.74154 2196.33322 2268.64616
1266 2196.40471 2274.67090 2196.01694 2266.54036
1267 2196.09749 2276.24414 2195.43862 2265.98145
1268 2196.51105 2275.42448 2195.37477 2270.90381
1269 2196.76231 2276.58724 2195.88430 2271.64779
1270 2196.42668 2275.30241 2196.28342 2270.37077
1271 2196.77004 2275.76693 2196.69440 2268.23730
1272 2197.18915 2276.17285 2196.58153 2270.18294
1273 2197.30082 2276.57585 2196.20342 2268.69173
1274 2197.02807 2276.28483 2196.59151 2269.19792
1275 2196.84580 2276.14714 2195.92679 2266.77116
1276 2196.56169 2276.43001 2196.37023 2270.49658
1277 2196.14489 2276.60897 2196.70676 2270.04744
1278 2196.09332 2276.97493 2196.96814 2268.12174
1279 2195.86002 2276.69149 2195.89231 2267.06307
1280 2196.41297 2275.19792 2196.31810 2271.27539
1281 2196.59051 2275.53581 2196.28910 2269.74268
1282 2197.29124 2276.48926 2195.93078 2269.26758
1283 2197.05533 2277.56543 2196.43513 2269.09570
1284 2196.28402 2276.43620 2196.67211 2271.54980
1285 2196.57460 2276.88509 2196.86838 2270.85579
1286 2195.66326 2276.29948 2196.85847 2270.87402
1287 2197.99221 2278.23861 2196.66796 2270.45117
1288 2196.35145 2276.52604 2196.05430 2271.21289
1289 2196.15185 2277.77799 2196.97375 2270.59733
1290 2196.88761 2277.26058 2196.95085 2268.92057
1291 2196.37187 2277.69564 2197.02357 2268.77083
1292 2197.60873 2276.82715 2196.23689 2271.22526
1293 2196.68610 2277.17228 2196.15584 2269.85221
1294 2197.13894 2276.57552 2196.12311 2267.53906
1295 2197.07372 2276.08268 2195.83226 2268.75024
1296 2196.85642 2276.32959 2196.72552 2271.07918
1297 2197.84717 2276.63314 2196.66013 2271.61043
1298 2197.28729 2276.90723 2196.56686 2270.43164
1299 2197.02520 2276.12077 2196.98824 2270.65560
1300 2196.63700 2277.03092 2196.69053 2271.11849
1301 2195.79205 2276.65690 2196.38371 2270.57585
1302 2196.94188 2275.82324 2196.12700 2268.89681
1303 2196.10710 2276.37077 2196.80362 2270.13965
1304 2197.79892 2276.33952 2196.01628 2270.51790
1305 2196.49832 2277.81706 2195.96041 2268.69954
1306 2197.06629 2277.03060 2195.87107 2265.89941
1307 2196.68093 2277.61711 2195.63032 2265.42578
1308 2196.02991 2276.36450 2195.39942 2268.56104
1309 2195.32232 2277.11263 2195.44210 2267.57520
1310 2195.97778 2276.87435 2194.93151 2265.01652
1311 2196.74688 2277.49154 2195.20215 2264.63053
1312 2196.13500 2277.23177 2196.31114 2269.84017
1313 2196.71190 2278.82715 2196.21453 2270.99609
1314 2196.76997 2278.29411 2195.56989 2268.75423
1315 2196.74637 2278.34074 2195.33262 2268.97396
1316 2196.38929 2277.63086 2195.58744 2271.81803
1317 2196.45327 2278.34310 2195.74129 2271.48869
1318 2196.31804 2278.20085 2196.58197 2270.61686
1319 2197.19929 2278.91276 2196.73293 2270.18132
1320 2196.76183 2278.36165 2196.50432 2272.49154
1321 2195.50999 2276.89974 2196.12181 2271.07520
1322 2196.07030 2277.71826 2196.22107 2269.96712
1323 2195.99943 2277.60189 2196.82113 2269.35474
1324 2196.68786 2277.04948 2196.59056 2270.89974
1325 2196.43674 2278.56348 2196.67092 2271.42065
1326 2195.84462 2277.27214 2196.59404 2270.47591
1327 2195.01854 2277.95020 2197.14737 2270.25065
1328 2195.72575 2277.67220 2195.83482 2272.24512
1329 2196.43019 2278.96094 2196.12405 2270.71151
1330 2197.22008 2277.92668 2196.17492 2269.77987
1331 2196.30333 2279.29590 2196.77548 2269.59603
1332 2195.11843 2277.11589 2196.12372 2271.57292
1333 2195.14261 2278.45369 2194.78731 2270.21875
1334 2195.83308 2278.02043 2195.34213 2269.33333
1335 2196.26927 2279.02832 2196.17354 2269.37435
1336 2195.33842 2278.43758 2196.19331 2270.11174
1337 2195.62676 2278.43783 2196.69118 2270.96126
1338 2196.77849 2278.99479 2196.51974 2270.09521
1339 2197.14670 2279.25000 2196.36776 2269.14779
1340 2197.02601 2279.13672 2196.01605 2270.75814
1341 2196.94363 2279.54036 2196.66759 2270.19857
1342 2196.58636 2279.76562 2195.81401 2269.23958
1343 2197.50072 2280.98014 2196.32910 2268.34701
1344 2196.90022 2280.05013 2196.46240 2274.39087
1345 2196.02287 2279.60189 2196.41468 2274.19434
1346 2196.71230 2279.61540 2197.30244 2273.01237
1347 2196.48702 2280.44792 2197.33061 2271.85938
1348 2197.52934 2279.27148 2197.56790 2272.92676
1349 2196.17270 2279.59473 2196.59262 2272.20256
1350 2195.86852 2278.38281 2196.17929 2270.69336
1351 2195.70660 2280.04557 2196.21480 2269.87256
1352 2196.61720 2279.75521 2196.93843 2272.86328
1353 2195.40597 2280.11239 2197.08866 2273.55241
1354 2195.81977 2279.53548 2196.58449 2273.20671
1355 2195.98191 2280.11190 2196.13303 2271.76139
1356 2195.03912 2279.23405 2196.13336 2274.02702
1357 2196.45154 2280.51042 2196.18451 2274.02669
1358 2196.13603 2280.68164 2195.86316 2273.79004
1359 2196.00731 2281.11230 2195.79559 2271.74186
1360 2196.20699 2280.96200 2196.02438 2271.06014
1361 2195.68363 2280.16406 2196.24446 2271.76986
1362 2196.58053 2280.33268 2196.64766 2271.13965
1363 2196.14127 2280.45085 2196.93441 2269.45736
1364 2196.30328 2280.41349 2196.59549 2271.58105
1365 2196.43685 2280.14095 2196.61571 2273.04232
1366 2196.24816 2280.41243 2196.13158 2271.95850
1367 2197.29578 2281.07837 2196.35271 2271.13411
1368 2196.20408 2281.00260 2196.40088 2271.10417
1369 2196.52130 2281.46045 2196.31478 2271.90511
1370 2196.42092 2280.42904 2196.37211 2270.82812
1371 2196.49337 2281.38184 2196.71000 2269.86882
1372 2195.52212 2279.19027 2196.62968 2269.89681
1373 2195.84343 2281.85482 2196.63456 2269.40202
1374 2195.64808 2281.16024 2195.81222 2270.23722
1375 2195.45416 2281.94368 2196.77501 2268.29557
1376 2196.01192 2280.76139 2197.60432 2273.03418
1377 2195.38508 2280.58366 2197.27072 2272.26432
1378 2196.13393 2281.01986 2195.94294 2272.01562
1379 2196.64962 2281.35417 2195.98371 2270.83691
1380 2196.74885 2281.85059 2196.15115 2272.52702
1381 2196.39135 2281.65039 2196.08562 2272.53092
1382 2195.40536 2280.76367 2196.31241 2273.97852
1383 2196.34949 2282.61263 2196.06224 2273.38965
1384 2196.49271 2282.67546 2195.80115 2273.53817
1385 2195.86716 2282.08333 2195.59677 2273.83464
1386 2196.57725 2282.76270 2195.77586 2273.75618
1387 2195.84121 2282.19059 2195.92445 2273.24919
1388 2196.42515 2282.12174 2195.67070 2273.19661
1389 2195.82424 2282.55965 2195.86239 2273.48470
1390 2196.80381 2282.34798 2196.82521 2274.09798
1391 2195.69638 2281.90104 2197.18668 2274.74154
1392 2196.80633 2281.78434 2196.45920 2272.69010
1393 2195.74242 2283.07031 2196.27410 2272.21289
1394 2194.79864 2281.23682 2196.47508 2272.48014
1395 2195.57097 2283.04134 2196.73380 2272.99805
1396 2195.83902 2282.55566 2196.76355 2272.80664
1397 2196.48236 2283.66895 2196.52495 2273.20996
1398 2196.03789 2282.89030 2196.67103 2273.09310
1399 2196.23452 2283.51904 2196.71453 2273.58984
1400 2197.72470 2284.31445 2196.14086 2270.67586
1401 2195.84857 2283.21289 2196.15308 2272.64941
1402 2196.23938 2283.20117 2196.84948 2271.81543
1403 2196.73940 2282.67472 2196.90792 2272.68783
1404 2196.41803 2283.23918 2196.49937 2270.62435
1405 2196.10593 2282.44035 2195.90077 2270.11296
1406 2196.53670 2282.21061 2196.18904 2270.43424
1407 2196.19158 2282.81608 2195.87174 2269.83105
1408 2196.65457 2282.43685 2196.26509 2272.72884
1409 2196.14978 2283.38346 2196.77898 2273.62500
1410 2196.79508 2283.44661 2196.50304 2273.25260
1411 2196.71564 2284.01855 2196.63158 2274.08594
1412 2196.53995 2283.94564 2196.88980 2273.42440
1413 2197.12002 2284.97852 2196.11170 2274.06999
1414 2196.10059 2283.62728 2195.62288 2274.44141
1415 2196.97228 2284.70890 2195.70995 2275.19434
1416 2195.58288 2283.47884 2196.75160 2274.13802
1417 2196.09372 2284.95638 2196.47207 2274.08382
1418 2196.47324 2282.69531 2195.83781 2272.80656
1419 2196.56020 2283.76571 2196.33749 2272.16414
1420 2197.95917 2283.31152 2196.14377 2273.32422
1421 2196.26791 2283.54720 2197.02677 2273.85124
1422 2196.18223 2283.66406 2197.06869 2272.96680
1423 2196.60188 2284.37240 2197.46958 2274.89355
1424 2196.02461 2283.86263 2195.86310 2272.66113
1425 2196.74445 2283.99772 2196.97021 2274.86816
1426 2196.07879 2284.29297 2197.01206 2273.88118
1427 2196.88687 2284.56942 2196.44231 2273.33236
1428 2196.12842 2284.12826 2196.11134 2272.57389
1429 2196.47460 2284.15259 2195.43845 2273.03581
1430 2196.56441 2283.98958 2196.22546 2273.94971
1431 2196.41544 2285.13924 2196.67954 2272.16178
1432 2195.38490 2283.67969 2196.00321 2270.98031
1433 2195.04257 2285.25033 2194.99991 2271.27637
1434 2195.87480 2284.43034 2195.26768 2271.65788
1435 2196.22135 2285.07194 2196.03512 2272.54785
1436 2195.51451 2284.15495 2195.70416 2270.41439
1437 2196.10494 2284.98958 2195.95061 2271.53809
1438 2196.77928 2284.91951 2196.12438 2270.67139
1439 2197.25241 2285.92082 2195.82708 2269.20801
1440 2196.91644 2285.54590 2195.54919 2273.07064
1441 2196.76092 2285.92716 2196.69908 2273.36816
1442 2196.74284 2285.43587 2196.88322 2272.97941
1443 2196.91645 2285.76465 2196.41746 2273.10067
1444 2196.55386 2285.27637 2195.90628 2273.63094
1445 2195.90293 2285.81608 2195.33787 2273.71908
1446 2196.60284 2285.97591 2195.71585 2272.66341
1447 2197.04835 2286.77279 2195.92399 2271.94027
1448 2196.17431 2285.74447 2196.94402 2273.41992
1449 2195.91699 2284.52279 2196.84433 2274.43424
1450 2195.90885 2286.07576 2196.15164 2273.40470
1451 2196.74170 2287.48747 2195.75361 2272.14746
1452 2196.91525 2286.96712 2196.26549 2273.09318
1453 2197.34169 2288.05745 2196.87929 2274.53320
1454 2195.81647 2286.09798 2196.75541 2274.80078
1455 2195.46811 2287.50741 2197.69352 2272.88582
1456 2195.85712 2287.05412 2196.94191 2272.29167
1457 2196.09668 2288.07422 2197.17623 2273.40820
1458 2196.38539 2287.11296 2197.36332 2272.33439
1459 2196.71020 2288.52897 2196.45337 2271.88509
1460 2197.23848 2287.33447 2196.08874 2271.57650
1461 2197.17690 2288.10840 2195.41456 2272.12980
1462 2196.43798 2287.77246 2195.93547 2271.95378
1463 2196.82247 2288.33138 2195.69941 2269.99154
1464 2196.85342 2287.51310 2195.80556 2270.30176
1465 2195.83062 2288.04264 2195.71465 2268.96322
1466 2196.09501 2288.89616 2195.70530 2268.69661
1467 2196.84548 2288.87410 2196.14901 2270.80143
1468 2196.13069 2288.73494 2196.27521 2272.63607
1469 2195.68655 2288.63021 2196.92929 2273.02409
1470 2195.82872 2288.33887 2196.53872 2270.70410
1471 2196.31195 2288.55827 2196.35932 2270.58919
1472 2194.94307 2287.15975 2195.73260 2275.44531
1473 2195.45056 2287.88184 2195.68922 2275.26172
1474 2195.26254 2287.20044 2195.49304 2274.69995
1475 2195.97976 2287.88379 2195.68293 2272.74284
1476 2196.11643 2287.04077 2195.54321 2273.80046
1477 2196.21877 2288.08691 2195.66584 2272.99284
1478 2196.31885 2287.30884 2195.78155 2271.93587
1479 2195.52094 2288.11751 2195.75446 2273.20898
1480 2195.18097 2288.01530 2196.09870 2274.58358
1481 2195.52108 2288.72298 2196.22906 2274.82609
1482 2195.65995 2287.48340 2196.08337 2274.50358
1483 2196.13987 2289.42773 2196.05475 2272.73600
1484 2196.50211 2289.70947 2195.66970 2274.06453
1485 2197.08150 2290.39323 2195.84703 2273.54297
1486 2196.90583 2289.23763 2196.45346 2273.82992
1487 2196.99078 2289.25708 2196.89988 2274.13932
1488 2196.62371 2288.69694 2196.10558 2274.63607
1489 2195.49449 2288.34049 2196.50772 2274.14193
1490 2196.42855 2288.72819 2196.58954 2273.75423
1491 2195.78461 2288.73991 2196.85436 2273.27938
1492 2196.77941 2289.38086 2195.98790 2273.61068
1493 2196.39842 2289.20801 2195.64046 2273.68197
1494 2195.79409 2288.50985 2196.09172 2273.48389
1495 2196.82397 2289.25293 2197.01867 2273.42155
1496 2196.35291 2289.28125 2197.33160 2275.85319
1497 2195.79734 2289.95540 2195.70788 2273.75122
1498 2195.34265 2288.88249 2196.36058 2272.72624
1499 2194.33848 2289.98568 2196.67597 2271.59538
1500 2195.98874 2289.58073 2196.26397 2273.22396
1501 2196.15272 2290.72331 2195.75454 2273.45605
1502 2195.96464 2288.65234 2196.18486 2272.65658
1503 2195.99021 2289.75269 2195.73248 2272.34928
1504 2195.85102 2289.67122 2196.65955 2275.94198
1505 2195.93947 2290.03109 2196.26015 2275.36019
1506 2195.32432 2290.36084 2196.73587 2274.66374
1507 2197.12578 2290.93807 2197.15846 2274.58919
1508 2197.10458 2291.42521 2196.34404 2277.02246
1509 2196.06613 2291.63672 2196.26085 2275.34635
1510 2195.41738 2290.52962 2196.55426 2274.53581
1511 2195.55792 2291.73926 2196.91575 2273.89258
1512 2196.10476 2290.63411 2196.77662 2277.02018
1513 2196.40861 2290.51050 2196.71970 2278.35913
1514 2196.71565 2291.24902 2197.13644 2276.11491
1515 2195.74592 2290.05078 2196.84540 2273.64217
1516 2194.95765 2289.29492 2196.24660 2274.41960
1517 2195.10604 2289.47689 2195.73605 2274.51432
1518 2195.34591 2288.88281 2195.55412 2273.57747
1519 2195.52372 2289.83040 2195.31511 2272.38053
1520 2195.24283 2288.50228 2195.20560 2275.38875
1521 2196.28313 2291.55143 2196.14215 2276.17090
1522 2196.33880 2289.56478 2196.34882 2275.24902
1523 2195.95854 2290.57153 2196.29850 2274.02954
1524 2195.66399 2289.66862 2196.63884 2277.16081
1525 2196.54023 2291.22852 2196.32181 2278.25586
1526 2196.44160 2290.25610 2195.70418 2274.69629
1527 2196.34441 2290.82324 2196.39730 2274.68913
1528 2196.99570 2291.18880 2196.69988 2276.48796
1529 2196.41709 2290.59928 2196.12612 2274.19694
1530 2196.05891 2290.23307 2196.08268 2274.23079
1531 2196.44637 2290.79720 2196.24494 2272.69792
1532 2194.90568 2290.20833 2196.61252 2274.83895
1533 2195.27568 2290.56966 2196.19813 2274.46533
1534 2196.62658 2291.44906 2196.18547 2271.72461
1535 2196.68906 2291.31315 2196.78023 2272.82397
1536 2195.75338 2288.16602 2196.68506 2306.08203
1537 2195.48102 2290.39185 2196.59401 2307.03646
1538 2195.64180 2290.30339 2195.99408 2309.13932
1539 2196.68595 2291.85612 2195.44444 2311.72428
1540 2196.88743 2290.81209 2195.72346 2304.49740
1541 2197.63692 2292.17676 2194.96475 2304.20671
1542 2197.63901 2291.62695 2195.47580 2305.94531
1543 2197.07626 2292.36678 2195.29523 2308.48771
1544 2196.49480 2290.17057 2195.55172 2301.49837
1545 2196.53796 2292.44051 2195.07537 2302.57682
1546 2196.40059 2291.16211 2194.81738 2304.15723
1547 2195.40884 2291.96289 2196.09552 2307.28507
1548 2196.84201 2292.02669 2195.98367 2300.52083
1549 2195.80940 2292.69368 2195.98967 2301.66341
1550 2195.47421 2292.38900 2196.24107 2303.79297
1551 2196.57422 2293.45443 2196.26858 2307.58952
1552 2196.02809 2292.69759 2195.99494 2300.71313
1553 2196.75792 2291.59383 2196.01525 2301.75732
1554 2195.33273 2291.23145 2195.85529 2303.21322
1555 2195.98888 2291.93205 2195.79856 2304.87508
1556 2196.72857 2292.42253 2195.51768 2296.99772
1557 2195.54468 2292.67057 2195.77696 2299.21729
1558 2195.77223 2291.22160 2195.29490 2299.63672
1559 2195.58312 2291.98145 2195.76936 2303.45378
1560 2196.64630 2291.90983 2196.10229 2297.23307
1561 2196.99592 2293.92122 2196.43411 2298.15918
1562 2196.82876 2292.80273 2195.98877 2298.50545
1563 2196.77365 2293.43392 2196.05873 2301.25391
1564 2195.20182 2292.04720 2196.14772 2295.03988
1565 2195.69373 2293.54395 2196.26019 2297.93587
1566 2196.38794 2294.01432 2197.26312 2300.92513
1567 2196.45116 2294.05046 2197.34483 2303.70605
1568 2196.46845 2292.76945 2196.14208 2299.73633
1569 2195.53809 2293.57259 2196.21581 2300.80143
1570 2197.00851 2293.49154 2196.05829 2302.83325
1571 2195.75198 2293.00366 2196.38867 2304.80273
1572 2195.45639 2292.27669 2196.55658 2298.11296
1573 2195.97974 2293.90788 2196.09837 2298.93587
1574 2195.70494 2293.59611 2195.92323 2299.33008
1575 2196.45284 2294.94238 2196.05180 2301.72331
1576 2196.02043 2295.01562 2195.64946 2296.97201
1577 2195.79905 2293.69173 2195.48943 2298.18294
1578 2196.37662 2294.40991 2196.91235 2301.71224
1579 2195.23719 2294.32829 2196.92688 2303.63053
1580 2196.95675 2294.84408 2196.30793 2297.55111
1581 2198.05343 2296.52148 2196.38381 2299.63973
1582 2195.77629 2294.41406 2196.21635 2302.37174
1583 2197.09906 2296.07520 2196.60610 2302.51693
1584 2195.90107 2295.31576 2196.79536 2298.27181
1585 2197.05390 2296.84155 2196.15323 2298.83203
1586 2197.11388 2296.30371 2196.60402 2300.46712
1587 2195.99195 2297.23438 2196.62929 2301.49642
1588 2196.61923 2295.75749 2197.19747 2296.12793
1589 2195.41567 2296.63672 2196.09725 2295.96745
1590 2195.65011 2296.00033 2195.52352 2297.58594
1591 2197.33534 2297.75130 2195.64274 2299.90690
1592 2196.55680 2296.11556 2195.38446 2293.87174
1593 2196.51677 2297.09993 2195.61120 2295.88916
1594 2196.17338 2297.25553 2195.89905 2297.35677
1595 2195.87010 2296.57975 2196.14367 2300.07096
1596 2196.40930 2297.43555 2196.81761 2295.57454
1597 2197.05881 2297.94165 2196.53405 2295.77100
1598 2197.20112 2296.73755 2195.46264 2295.81641
1599 2196.71894 2297.24023 2195.84032 2297.56934
1600 2197.18149 2296.54492 2196.06979 2296.58952
1601 2196.28375 2296.41561 2195.61887 2297.40104
1602 2195.43488 2295.72550 2196.03228 2298.24316
1603 2196.32662 2297.11784 2196.80384 2299.32259
1604 2196.05449 2296.17871 2196.86074 2294.41048
1605 2196.39725 2297.62728 2196.17127 2296.01432
1606 2196.27664 2297.05347 2195.00232 2296.24967
1607 2195.67590 2298.06478 2196.00496 2298.02474
1608 2196.27335 2298.30762 2196.60268 2295.67643
1609 2196.85022 2299.52116 2196.57962 2296.41927
1610 2196.43677 2297.36296 2196.60154 2297.79492
1611 2196.68918 2298.39876 2197.20089 2300.10417
1612 2195.87335 2296.85579 2197.73577 2294.63639
1613 2195.53586 2297.13997 2197.06167 2295.97559
1614 2195.16052 2297.00293 2197.41339 2296.25081
1615 2195.66534 2298.60579 2196.35367 2298.41667
1616 2196.27086 2297.89616 2196.02821 2291.99683
1617 2194.88409 2297.25000 2196.16467 2292.20280
1618 2196.52237 2298.95280 2197.35634 2294.06803
1619 2195.00051 2298.18156 2196.78146 2294.17188
1620 2195.83031 2298.88542 2196.52964 2290.50098
1621 2196.50353 2299.12174 2196.92056 2293.00326
1622 2195.89838 2298.81250 2196.65323 2294.78841
1623 2196.12458 2299.29590 2197.01230 2295.52954
1624 2195.34266 2298.18783 2196.45722 2292.01799
1625 2196.44501 2299.51188 2196.34385 2292.88989
1626 2196.55737 2297.40739 2196.13450 2292.43465
1627 2195.65869 2298.20898 2196.23767 2293.82845
1628 2194.92454 2296.81868 2195.95570 2287.99715
1629 2194.72503 2298.89583 2196.01491 2289.25879
1630 2195.61812 2298.29761 2196.50247 2290.80013
1631 2196.43909 2299.28711 2196.46600 2290.95703
1632 2196.16440 2298.60938 2196.65110 2290.83789
1633 2195.68573 2298.94596 2197.04409 2292.75618
1634 2195.80512 2300.04329 2197.06516 2293.97233
1635 2197.11673 2300.40299 2196.11002 2294.57829
1636 2196.54321 2300.27832 2196.13821 2290.72949
1637 2195.97468 2300.11068 2196.52579 2290.95557
1638 2195.22947 2299.35384 2195.75295 2293.03776
1639 2195.82386 2300.99512 2195.72288 2294.34147
1640 2195.77029 2299.44312 2196.26183 2291.19287
1641 2195.64385 2298.89152 2196.23894 2292.38118
1642 2196.17274 2299.42196 2195.94247 2294.70646
1643 2195.62999 2299.18132 2197.12286 2294.14941
1644 2195.20585 2299.18880 2196.48340 2291.46419
1645 2195.66821 2301.14681 2196.04383 2290.90820
1646 2196.03663 2300.41016 2196.73034 2293.04753
1647 2196.27220 2301.85807 2196.80758 2294.57422
1648 2196.28597 2299.90365 2195.98990 2290.50716
1649 2195.89681 2301.15259 2196.03139 2290.56559
1650 2196.01661 2299.85482 2195.65974 2292.29110
1651 2196.23583 2301.43164 2196.50540 2294.15275
1652 2196.75891 2300.78158 2197.12048 2290.02669
1653 2197.32569 2301.19165 2196.53509 2291.96029
1654 2196.04736 2298.89453 2196.87222 2292.33984
1655 2195.14612 2300.04150 2196.25327 2292.40055
1656 2195.74360 2299.44954 2195.60603 2287.05241
1657 2196.10231 2299.98405 2196.33743 2288.74479
1658 2196.66958 2300.45898 2196.51905 2289.90690
1659 2196.56543 2299.96973 2196.63733 2292.12142
1660 2196.57914 2300.37207 2195.90160 2284.50033
1661 2196.97147 2301.59001 2195.98138 2286.29850
1662 2195.93294 2300.19873 2196.15628 2288.29525
1663 2196.11803 2300.83984 2196.53627 2290.67025
1664 2196.16845 2300.44303 2195.53780 2291.53874
1665 2196.43322 2301.78158 2196.24240 2292.95247
1666 2196.35833 2301.31478 2196.05464 2292.83854
1667 2195.88362 2301.92741 2195.77712 2294.47070
1668 2196.80136 2300.73665 2196.68453 2289.54297
1669 2196.82355 2300.68848 2196.92106 2291.78385
1670 2196.31686 2300.06966 2196.20403 2290.93424
1671 2196.22914 2301.28394 2195.70488 2292.47103
1672 2196.26862 2300.25846 2195.44403 2287.42562
1673 2196.18335 2301.85099 2195.67223 2289.54175
1674 2196.79125 2300.00423 2195.82674 2292.17253
1675 2196.20530 2301.22510 2196.34723 2291.96973
1676 2197.65753 2301.64388 2197.01112 2289.81771
1677 2197.19695 2302.30404 2196.21577 2291.12142
1678 2196.24140 2300.89811 2196.29433 2292.03426
1679 2197.19941 2301.71452 2196.56855 2292.32682
1680 2196.41334 2301.09920 2196.91127 2289.47770
1681 2197.29856 2300.88216 2196.76349 2290.11589
1682 2195.94434 2300.74552 2196.35640 2291.24805
1683 2196.09604 2300.11589 2196.23744 2291.40780
1684 2195.84273 2299.19531 2196.17688 2288.72005
1685 2195.92339 2299.47852 2195.71474 2287.91162
1686 2196.48523 2298.90169 2196.35554 2289.08789
1687 2196.04833 2300.19987 2196.52409 2288.95020
1688 2196.83180 2300.22461 2195.82287 2287.03255
1689 2197.52515 2301.66797 2196.81848 2288.14819
1690 2196.53668 2300.31999 2196.49373 2290.40495
1691 2197.71456 2302.20931 2196.07079 2289.95182
1692 2196.62001 2301.31868 2195.62298 2286.84245
1693 2196.64458 2302.61100 2196.03079 2287.37435
1694 2196.57566 2301.50749 2195.26392 2287.57812
1695 2196.25849 2302.10994 2195.61923 2286.09375
1696 2195.93553 2300.71452 2196.39964 2288.20964
1697 2195.62711 2301.37036 2196.27690 2288.62793
1698 2196.50916 2300.67253 2196.22675 2289.86426
1699 2196.19663 2300.61686 2196.72641 2290.36735
1700 2196.46561 2300.72331 2196.58379 2288.27181
1701 2195.50854 2300.83455 2195.71937 2287.59953
1702 2195.50921 2301.24023 2196.56047 2289.14062
1703 2196.68812 2302.22054 2197.33585 2290.36523
1704 2196.56246 2301.31641 2197.20733 2287.94043
1705 2196.58983 2300.82975 2197.16543 2288.62793
1706 2195.85020 2301.05583 2196.24223 2289.38770
1707 2194.85679 2301.37337 2196.22814 2289.06283
1708 2195.15115 2300.90560 2197.03268 2288.33431
1709 2195.36603 2301.42578 2196.12184 2289.09521
1710 2196.16243 2299.44727 2195.29026 2289.00505
1711 2196.53030 2301.30046 2196.23287 2291.04590
1712 2196.41796 2301.46134 2196.21416 2288.03027
1713 2196.47751 2301.63021 2196.83798 2289.98283
1714 2196.96652 2300.92611 2196.50709 2289.79720
1715 2197.70235 2302.72428 2196.90185 2290.79631
1716 2196.47652 2301.01497 2196.83631 2286.42342
1717 2196.33274 2301.90658 2196.56313 2287.61589
1718 2196.62809 2301.40812 2196.80878 2288.42904
1719 2196.24405 2302.54134 2196.97651 2290.18595
1720 2196.23409 2302.48145 2196.75661 2287.02401
1721 2197.35400 2302.52303 2196.34747 2287.34587
1722 2195.36791 2300.58203 2196.04972 2286.83350
1723 2195.66252 2300.10710 2196.04074 2286.87598
1724 2195.77019 2301.68359 2196.13667 2283.36686
1725 2195.57220 2300.83040 2196.01120 2286.08236
1726 2195.48146 2300.41048 2196.65578 2287.71273
1727 2196.35228 2301.55632 2196.40441 2287.96582
1728 2196.51047 2301.70345 2196.37985 2287.53849
1729 2196.45967 2301.96029 2196.70026 2288.96159
1730 2196.41889 2302.30811 2196.46129 2289.86100
1731 2195.62174 2302.92155 2196.25683 2289.64062
1732 2195.85389 2301.42025 2195.84509 2287.23340
1733 2195.64971 2302.42871 2196.50963 2288.10221
1734 2196.27595 2301.73405 2196.18967 2288.96663
1735 2196.00103 2302.39006 2195.48241 2289.46126
1736 2196.25137 2301.36947 2195.92253 2288.15951
1737 2197.08060 2302.67253 2196.74052 2289.77637
1738 2197.70827 2302.42716 2196.26672 2289.74577
1739 2196.70395 2303.06999 2196.23098 2289.31120
1740 2196.30990 2302.27734 2196.44355 2286.57430
1741 2195.48346 2302.09245 2196.02438 2286.52287
1742 2195.74938 2300.94141 2195.89726 2287.00521
1743 2195.41895 2302.04850 2196.78431 2287.84115
1744 2195.68360 2302.33626 2196.56068 2284.59456
1745 2195.64693 2302.05241 2195.84034 2284.98438
1746 2196.26526 2302.35482 2195.78080 2286.19661
1747 2196.15797 2302.05013 2196.48427 2287.81803
1748 2196.30150 2302.38216 2195.42676 2284.52669
1749 2195.86693 2302.46745 2196.07713 2287.39974
1750 2195.29648 2301.81893 2196.01995 2287.39876
1751 2197.14500 2303.07324 2196.49040 2287.81738
1752 2196.67756 2302.04085 2196.29389 2286.28483
1753 2196.71495 2302.88249 2195.53105 2287.03613
1754 2195.66925 2301.48600 2196.94422 2288.08732
1755 2195.68778 2302.98307 2196.47134 2287.67635
1756 2196.44535 2301.10197 2195.80901 2283.61711
1757 2195.96837 2302.02539 2196.33902 2284.47233
1758 2195.85737 2300.88867 2196.30070 2284.32275
1759 2196.27225 2301.91536 2195.59197 2284.35059
1760 2195.72696 2302.10482 2195.61081 2285.10579
1761 2195.49320 2302.07227 2194.98756 2287.03760
1762 2195.65797 2301.91968 2195.46992 2287.11800
1763 2195.47751 2301.59212 2196.27462 2289.26310
1764 2195.90524 2302.40942 2196.53614 2286.13216
1765 2196.77802 2301.89258 2196.96721 2285.89323
1766 2195.89086 2301.20671 2196.27781 2286.38745
1767 2195.36361 2301.92415 2196.12734 2288.20508
1768 2196.48026 2301.80469 2195.63083 2287.24349
1769 2195.88801 2302.14518 2196.30168 2288.48608
1770 2196.02256 2302.84570 2196.45259 2287.41292
1771 2196.02460 2302.71582 2195.89357 2289.01628
1772 2195.77411 2302.47103 2196.27687 2284.86523
1773 2195.55322 2302.59115 2196.36222 2285.21289
1774 2195.04672 2301.80371 2196.36226 2286.65194
1775 2195.50284 2303.57454 2195.79278 2287.51335
1776 2195.03810 2302.04036 2195.32136 2283.71875
1777 2196.00073 2303.52018 2195.59860 2284.24805
1778 2196.67060 2302.38118 2195.54452 2285.21354
1779 2197.46951 2303.70378 2196.17966 2287.47819
1780 2196.47871 2301.30575 2196.31637 2284.26392
1781 2195.04941 2301.34831 2196.18607 2285.96045
1782 2195.42224 2301.34424 2196.71314 2285.10807
1783 2195.89842 2302.01758 2196.41067 2286.40072
1784 2196.26133 2301.77018 2196.09891 2281.67301
1785 2195.43135 2301.79883 2195.76782 2282.54932
1786 2196.02137 2302.66699 2196.19454 2284.40120
1787 2195.83626 2302.29199 2195.93901 2284.12630
1788 2196.26220 2303.18921 2196.02497 2280.83171
1789 2197.63869 2303.32357 2195.38728 2282.47949
1790 2197.19619 2302.80306 2195.19708 2283.18783
1791 2197.14015 2303.57389 2195.94787 2284.31152
1792 2195.74519 2301.59017 2195.72826 2274.97559
1793 2195.16510 2301.55371 2196.35659 2277.01188
1794 2195.19574 2301.02799 2196.41036 2276.55990
1795 2195.06276 2302.45247 2196.55448 2272.78451
1796 2195.71167 2302.27051 2196.47235 2274.32560
1797 2197.17094 2303.22038 2196.55537 2275.76302
1798 2195.78488 2301.65853 2196.35578 2275.48853
1799 2196.27383 2303.40007 2196.31510 2272.46183
1800 2196.15879 2302.66333 2195.89093 2273.23079
1801 2195.19483 2303.74251 2196.56167 2275.04980
1802 2196.32358 2301.73283 2196.33930 2275.05957
1803 2196.35380 2303.00163 2196.53440 2272.25977
1804 2196.00478 2302.62728 2196.94624 2274.20353
1805 2195.58330 2302.86719 2196.63483 2275.12663
1806 2196.37731 2301.65137 2196.79258 2273.87174
1807 2196.85682 2302.10612 2196.69813 2273.57804
1808 2196.75627 2302.12858 2196.16712 2272.95540
1809 2196.70638 2302.30273 2196.07076 2274.94499
1810 2195.82774 2302.90527 2196.08579 2274.79883
1811 2196.83365 2302.44987 2196.04478 2271.69271
1812 2196.88626 2302.70858 2195.44919 2271.95085
1813 2196.30178 2303.11100 2196.62318 2273.41634
1814 2197.62906 2303.16960 2196.51402 2273.75846
1815 2196.59367 2303.75130 2196.11780 2270.46842
1816 2196.58534 2302.89266 2195.70435 2271.93848
1817 2197.70274 2304.11580 2195.92637 2272.25269
1818 2196.60021 2303.04720 2196.66886 2271.82031
1819 2196.84428 2303.30599 2196.65683 2269.33927
1820 2196.13175 2301.94824 2196.68655 2271.00391
1821 2196.28860 2302.17090 2195.97398 2270.99740
1822 2196.89021 2302.18522 2195.28159 2270.02409
1823 2196.46499 2303.13379 2195.71115 2267.22591
1824 2196.91089 2302.72591 2196.66665 2272.33700
1825 2196.70588 2303.55078 2196.42757 2273.31608
1826 2197.32622 2303.38346 2196.37757 2272.30339
1827 2196.58661 2303.52604 2196.03917 2269.72070
1828 2196.21388 2303.03483 2196.52303 2271.76530
1829 2197.13572 2303.14128 2196.77617 2272.68742
1830 2196.04642 2302.84375 2196.51654 2272.04395
1831 2196.68159 2304.05273 2197.09987 2269.79980
1832 2197.08971 2303.59115 2196.21340 2270.91927
1833 2195.89169 2302.78564 2195.13583 2272.50391
1834 2195.05329 2302.13021 2195.78631 2272.54167
1835 2195.68546 2301.92025 2195.91838 2269.11654
1836 2196.24383 2301.55762 2197.30593 2271.41447
1837 2196.97840 2302.69661 2196.49567 2270.68262
1838 2196.46712 2301.57943 2196.30569 2271.60189
1839 2196.02663 2303.25000 2196.61746 2269.10612
1840 2195.94193 2301.82031 2196.15821 2272.05632
1841 2195.85799 2302.47168 2196.87666 2272.22591
1842 2195.87535 2302.61296 2196.79391 2271.60189
1843 2195.25288 2303.44954 2196.19344 2267.93359
1844 2195.90137 2301.96224 2196.72290 2269.24674
1845 2196.25911 2303.34701 2196.68540 2269.11068
1846 2195.96521 2302.75944 2196.59920 2269.30794
1847 2196.80418 2304.06494 2195.90892 2267.77799
1848 2195.14964 2301.78418 2195.34621 2269.70768
1849 2195.72424 2302.45931 2195.81867 2269.43856
1850 2195.87332 2303.20410 2196.00091 2268.83301
1851 2196.76377 2302.92578 2196.28170 2264.01953
1852 2197.60490 2304.25814 2196.55868 2266.89388
1853 2196.64728 2303.48926 2196.03331 2267.22038
1854 2196.55888 2303.36833 2196.13957 2266.97852
1855 2196.33960 2303.44491 2196.36650 2264.62207
1856 2195.57453 2302.00521 2196.70880 2270.00130
1857 2196.76900 2303.21777 2196.54553 2270.65658
1858 2196.00833 2302.47363 2196.49359 2271.10579
1859 2196.70500 2303.86263 2196.43032 2268.84570
1860 2196.59108 2302.80729 2195.97917 2269.59538
1861 2195.69759 2302.93197 2195.70040 2269.38021
1862 2195.93570 2301.22949 2195.58379 2269.20915
1863 2195.35135 2301.87467 2195.39501 2265.30208
1864 2195.21037 2301.11027 2195.80381 2268.10701
1865 2195.72379 2302.60872 2196.85705 2269.08447
1866 2195.58869 2301.38932 2196.80041 2270.18848
1867 2197.08329 2303.75879 2197.35955 2267.89714
1868 2196.14979 2303.56348 2196.60727 2268.56982
1869 2194.99127 2302.78385 2196.70565 2269.13387
1870 2195.32180 2301.78027 2196.53938 2268.74479
1871 2196.05482 2303.45345 2196.93278 2265.84896
1872 2196.13838 2303.24349 2196.43167 2266.35938
1873 2196.49379 2302.77279 2196.01611 2267.19792
1874 2196.86990 2302.86344 2195.88389 2267.82422
1875 2196.83659 2302.11621 2196.08921 2265.02441
1876 2197.10465 2303.04199 2196.60108 2266.53605
1877 2196.79332 2302.35384 2196.51862 2266.03809
1878 2195.52645 2301.61816 2195.69792 2267.24284
1879 2196.42512 2302.70085 2195.72515 2263.58268
1880 2196.15836 2301.78939 2196.51227 2264.12858
1881 2195.40472 2302.77962 2196.71311 2266.25382
1882 2196.06192 2302.41504 2196.14253 2266.23535
1883 2196.25559 2303.27767 2196.53133 2263.50391
1884 2196.41859 2301.97428 2196.22396 2262.38281
1885 2195.73933 2303.71517 2196.50331 2262.65169
1886 2196.17948 2302.93392 2195.73610 2263.61426
1887 2196.58853 2303.41992 2196.40530 2261.35938
1888 2195.74034 2302.35579 2196.00901 2266.34408
1889 2195.30237 2302.13184 2196.12836 2266.97599
1890 2195.17738 2301.96118 2196.89505 2266.97135
1891 2196.57785 2301.59505 2196.61928 2265.76367
1892 2196.67975 2301.11719 2195.55276 2265.47038
1893 2196.43324 2302.57161 2196.14070 2266.54565
1894 2195.82976 2301.67676 2196.32833 2268.08431
1895 2195.66849 2302.24447 2196.49723 2264.51074
1896 2196.15026 2301.69507 2196.77415 2265.26562
1897 2195.63174 2301.02148 2196.10569 2266.32389
1898 2195.79092 2300.79134 2196.35079 2267.09375
1899 2196.00205 2300.72201 2196.72680 2264.49821
1900 2195.51673 2301.71126 2196.15634 2265.61458
1901 2196.35501 2301.63216 2196.74059 2264.40072
1902 2196.61801 2300.63151 2196.19284 2264.68359
1903 2196.76506 2301.56535 2196.37227 2264.34245
1904 2195.69169 2300.03385 2196.19874 2264.66374
1905 2196.43014 2301.30078 2196.88782 2264.24406
1906 2196.51883 2299.42741 2196.24130 2264.68913
1907 2196.69629 2301.67122 2196.15340 2262.69564
1908 2195.74754 2300.27702 2196.66676 2264.56999
1909 2194.67676 2300.64225 2196.72259 2265.56217
1910 2195.17772 2300.50260 2196.29265 2264.95728
1911 2195.63112 2300.87760 2195.73327 2263.09831
1912 2196.08895 2300.84147 2195.85428 2263.43815
1913 2196.11338 2300.71883 2196.25054 2264.60286
1914 2195.95439 2299.89811 2195.82837 2263.77466
1915 2196.16490 2299.73405 2195.86843 2262.00488
1916 2196.14002 2300.06543 2195.93045 2262.57080
1917 2196.79610 2300.14616 2196.14331 2263.95801
1918 2196.49715 2299.50098 2196.19986 2264.71029
1919 2195.77185 2300.20898 2197.33939 2263.07113
1920 2195.83441 2299.62337 2197.95187 2266.72656
1921 2195.92933 2299.74577 2197.12523 2266.90495
1922 2196.26053 2299.38281 2196.98527 2267.39941
1923 2196.27617 2300.75391 2196.14774 2264.58773
1924 2196.44176 2299.92415 2196.41440 2264.57227
1925 2196.60775 2300.58561 2196.17225 2265.67253
1926 2195.44109 2299.44873 2196.20420 2265.50716
1927 2195.79382 2300.78906 2195.84749 2263.73315
1928 2195.50678 2299.19368 2196.12241 2262.95524
1929 2195.03133 2299.47038 2196.55617 2264.96940
1930 2196.07013 2299.37516 2195.93718 2265.45247
1931 2196.34070 2300.00358 2195.66622 2264.54395
1932 2195.76076 2298.54541 2195.73430 2264.81608
1933 2195.30189 2298.90104 2195.49483 2264.14486
1934 2196.54209 2299.31283 2195.35027 2264.86589
1935 2196.70947 2299.57682 2195.53327 2264.31868
1936 2195.58952 2298.89079 2196.82850 2264.75236
1937 2196.20290 2299.07357 2196.91747 2264.80273
1938 2196.43594 2299.79818 2196.28861 2263.63135
1939 2196.71160 2299.23242 2196.28026 2262.61751
1940 2197.64752 2299.61198 2196.33926 2261.73307
1941 2196.04774 2299.59668 2196.23210 2262.59245
1942 2197.26591 2298.92285 2196.36213 2263.79362
1943 2196.03528 2298.88216 2196.49960 2261.34863
1944 2196.35601 2298.15755 2196.92647 2260.45768
1945 2195.83558 2297.73991 2197.01536 2263.11816
1946 2196.30137 2296.94824 2196.97449 2264.21875
1947 2196.54061 2297.95662 2196.04280 2261.83984
1948 2195.68758 2296.51465 2195.68934 2259.63314
1949 2196.92608 2298.57422 2196.19517 2259.11393
1950 2198.45485 2298.64225 2195.63362 2258.71029
1951 2196.86977 2298.69238 2196.14882 2256.37956
1952 2197.12916 2298.22070 2196.35669 2259.71094
1953 2196.15803 2298.62923 2195.87454 2260.58040
1954 2196.28653 2298.15706 2195.15281 2261.25065
1955 2196.09618 2298.80469 2196.07200 2259.14388
1956 2196.17474 2298.68099 2196.34351 2260.01074
1957 2196.66463 2298.34082 2196.91008 2262.04688
1958 2196.01803 2298.99707 2196.44716 2261.75586
1959 2196.13851 2298.30786 2196.37877 2259.81022
1960 2195.92960 2297.43717 2196.79941 2259.16927
1961 2196.53283 2297.25789 2196.16907 2260.70947
1962 2197.27256 2298.53548 2196.67860 2262.52181
1963 2196.67975 2298.65983 2196.34376 2260.02637
1964 2196.20951 2297.87915 2196.36862 2260.70394
1965 2196.85428 2298.99870 2195.73282 2260.09163
1966 2196.63598 2297.87467 2196.09743 2261.51628
1967 2196.45677 2298.77018 2196.56212 2259.70964
1968 2196.80784 2298.70117 2195.50857 2259.33561
1969 2196.28443 2299.52775 2195.74853 2258.74707
1970 2196.89473 2297.80436 2195.87521 2259.59733
1971 2196.50493 2298.31576 2195.51534 2259.00618
1972 2196.52812 2297.06641 2195.60644 2259.38216
1973 2196.48937 2298.35417 2196.39330 2260.48763
1974 2196.18016 2296.97437 2196.67885 2261.58203
1975 2196.84092 2297.99219 2195.85312 2259.93164
1976 2196.28929 2297.86426 2195.94032 2258.29818
1977 2194.72942 2297.34440 2195.41267 2257.81380
1978 2194.78403 2297.06380 2195.87215 2258.17293
1979 2196.21669 2297.32096 2195.79142 2257.05599
1980 2196.37430 2298.51074 2196.35447 2255.69857
1981 2196.62062 2298.27555 2195.40789 2257.19368
1982 2197.06774 2297.83138 2195.38074 2255.54134
1983 2195.68535 2297.36003 2195.77706 2256.07454
1984 2195.47767 2296.13770 2195.76458 2258.75488
1985 2195.66887 2297.09863 2196.00464 2260.37109
1986 2195.18694 2296.62370 2196.89001 2262.29492
1987 2195.52344 2297.17057 2197.04362 2259.92415
1988 2195.15472 2295.58659 2195.82050 2259.80566
1989 2196.01021 2296.59668 2195.86799 2260.28011
1990 2195.32928 2295.77246 2196.28925 2261.27083
1991 2195.94097 2296.59505 2196.51865 2261.12012
1992 2195.52084 2295.68880 2196.23048 2260.51139
1993 2196.13782 2297.86719 2196.83476 2260.52637
1994 2197.01412 2296.33724 2196.26384 2260.96419
1995 2196.92071 2297.00195 2196.35083 2259.85645
1996 2196.46761 2296.47559 2196.00737 2259.14795
1997 2196.55489 2296.90853 2195.81497 2258.47811
1998 2195.90875 2296.02376 2196.64616 2260.53589
1999 2196.74326 2296.60938 2197.14426 2258.95573
2000 2196.39088 2296.26758 2197.15285 2258.07096
2001 2196.51869 2295.77808 2197.14754 2258.47428
2002 2195.38899 2295.48210 2196.69167 2259.40788
2003 2196.14555 2294.82430 2195.75910 2258.21289
2004 2195.56488 2295.38110 2195.97268 2256.12760
2005 2195.31005 2295.33537 2196.79701 2258.07617
2006 2195.66264 2295.00944 2196.50622 2258.40723
2007 2196.43175 2296.42578 2195.60483 2257.74528
2008 2196.03947 2295.74243 2195.71447 2255.66048
2009 2195.50220 2296.50342 2196.16215 2255.98503
2010 2197.34570 2296.01823 2196.65107 2257.75488
2011 2196.29357 2296.56250 2196.57701 2257.15625
2012 2196.68623 2295.41423 2196.52494 2255.21842
2013 2195.33052 2295.65397 2196.21957 2256.84049
2014 2195.25090 2294.58952 2196.80035 2257.43034
2015 2196.09238 2295.69238 2196.44869 2257.09277
2016 2195.50300 2294.56820 2195.84524 2256.93945
2017 2196.09010 2295.04753 2195.93667 2257.99438
2018 2194.38967 2294.18685 2195.62290 2259.68823
2019 2196.19360 2295.55208 2195.85737 2260.19368
2020 2196.32693 2295.75163 2196.00826 2257.56934
2021 2195.84525 2295.94132 2195.94992 2257.34928
2022 2196.24127 2294.47909 2195.96800 2258.49341
2023 2195.96773 2295.22689 2196.03815 2258.05656
2024 2195.81094 2294.51660 2196.54361 2256.92904
2025 2195.82806 2293.97201 2196.45087 2258.09961
2026 2195.51986 2294.16048 2195.92495 2258.47038
2027 2195.31780 2293.42773 2195.61187 2256.93164
2028 2195.92184 2293.58529 2196.37870 2252.58040
2029 2195.81784 2293.49544 2195.61670 2254.98633
2030 2196.08974 2292.74023 2196.44572 2258.37793
2031 2196.03709 2293.70020 2196.34540 2258.26888
2032 2195.80800 2292.73828 2195.33909 2255.26302
2033 2195.69342 2294.47363 2195.35653 2256.72046
2034 2194.85458 2292.28190 2195.07927 2257.82064
2035 2195.17417 2293.77995 2195.94721 2256.65658
2036 2196.05859 2292.86165 2195.18379 2253.69572
2037 2195.35794 2293.65332 2195.21105 2256.06836
2038 2196.43453 2293.42611 2195.42996 2257.83398
2039 2196.83684 2293.78027 2196.11051 2256.15723
2040 2196.66942 2292.82812 2195.73288 2252.58789
2041 2195.49109 2292.59342 2195.49753 2252.23405
2042 2195.21647 2291.58789 2195.65022 2255.56331
2043 2195.80773 2291.45638 2195.30332 2255.43522
2044 2196.79008 2292.43066 2195.57523 2254.70573
2045 2196.39080 2292.39543 2195.18888 2254.03158
2046 2195.55580 2291.58594 2195.76360 2256.90104
2047 2196.44744 2292.03418 2196.00903 2256.87337
2048 2196.17543 2290.07585 2196.08214 2271.81055
2049 2196.90437 2291.98796 2196.53522 2271.58870
2050 2196.54474 2291.51562 2196.96163 2271.90104
2051 2196.87393 2292.99699 2196.14213 2270.97306
2052 2197.27466 2292.22428 2196.32297 2269.11751
2053 2196.33736 2292.75326 2196.32036 2268.54663
2054 2195.99949 2291.14030 2196.31235 2268.89714
2055 2196.56660 2291.98991 2197.01641 2268.31152
2056 2196.52445 2290.79883 2196.34093 2265.90430
2057 2196.53560 2291.80127 2196.95110 2266.46745
2058 2196.40748 2289.71631 2196.60542 2266.36165
2059 2195.98874 2290.70345 2196.88686 2268.10319
2060 2195.97884 2290.03841 2196.96255 2265.44238
2061 2195.69321 2291.76302 2196.97722 2264.97982
2062 2196.02603 2290.62435 2197.03274 2265.38249
2063 2196.44834 2291.00326 2196.40573 2265.37500
2064 2196.69906 2290.72135 2196.28472 2263.02596
2065 2196.94001 2290.95630 2196.28197 2261.83464
2066 2197.62742 2291.09701 2196.29797 2261.47021
2067 2197.81148 2290.74585 2196.61140 2263.34733
2068 2196.55536 2289.08724 2196.32451 2261.78841
2069 2195.84968 2288.14160 2196.14340 2262.12899
2070 2195.65810 2288.09505 2196.29140 2261.99707
2071 2196.34998 2289.54655 2196.06598 2261.40299
2072 2195.74911 2287.89787 2196.37130 2259.37337
2073 2196.39076 2288.73600 2196.13922 2260.06152
2074 2195.88358 2288.13151 2196.22338 2260.90299
2075 2197.09303 2290.37321 2196.38240 2260.77181
2076 2196.19123 2289.03060 2195.95039 2260.74479
2077 2196.54371 2290.53166 2196.11704 2260.19271
2078 2197.43484 2289.34049 2195.86598 2260.74080
2079 2195.16837 2289.08659 2196.37424 2261.41569
2080 2196.97553 2288.80924 2196.21993 2262.18473
2081 2197.01113 2290.22591 2196.37123 2261.47786
2082 2196.55982 2288.90462 2195.57821 2260.90788
2083 2196.60127 2288.93001 2195.45163 2262.83724
2084 2196.85472 2288.17318 2195.50561 2261.16602
2085 2197.34988 2288.35840 2196.64539 2261.49772
2086 2196.74571 2287.47396 2196.79105 2263.56966
2087 2196.42640 2288.80697 2197.07240 2264.08333
2088 2196.31608 2287.64933 2196.82236 2262.44767
2089 2196.95415 2288.13216 2196.59972 2262.21191
2090 2197.49891 2288.47616 2195.87894 2261.30469
2091 2197.03609 2289.04785 2196.02181 2261.64258
2092 2196.48242 2287.87956 2196.13363 2259.96370
2093 2196.00671 2288.58008 2196.22995 2261.30339
2094 2196.79473 2288.39811 2196.38697 2261.75781
2095 2196.30286 2288.94857 2197.11435 2261.92033
2096 2195.40143 2286.76270 2196.24676 2260.31283
2097 2195.74717 2287.76823 2195.97211 2260.99772
2098 2196.74566 2287.02051 2195.84556 2261.49251
2099 2196.98926 2287.84408 2195.79813 2260.33822
2100 2196.09717 2285.77214 2195.83225 2259.31307
2101 2196.80172 2287.28939 2195.46427 2259.12695
2102 2196.79377 2286.39583 2195.15343 2258.81706
2103 2197.07567 2287.69084 2195.90867 2260.30436
2104 2196.86473 2285.83626 2196.18102 2258.43880
2105 2196.67551 2287.27433 2196.06386 2258.55632
2106 2196.28507 2287.27214 2196.20816 2260.41178
2107 2197.36851 2287.44434 2196.03009 2259.46875
2108 2196.69634 2287.83993 2195.61470 2258.64323
2109 2196.00777 2287.07747 2195.57311 2258.31087
2110 2196.82955 2286.21126 2196.58595 2258.70736
2111 2195.41793 2286.38013 2196.12619 2259.25537
2112 2196.35572 2285.71582 2196.21406 2260.36003
2113 2196.42639 2286.23665 2196.10848 2260.07161
2114 2195.97546 2284.29883 2196.50670 2260.34342
2115 2196.03393 2285.54460 2196.22809 2260.33236
2116 2195.96640 2284.80469 2196.63593 2258.98958
2117 2196.19180 2286.17643 2196.20203 2259.32170
2118 2195.84831 2284.79492 2196.79739 2258.82422
2119 2195.07218 2285.48633 2196.51897 2259.11035
2120 2194.96875 2284.42871 2196.68466 2259.72884
2121 2195.75442 2285.58561 2196.27690 2259.03158
2122 2196.11298 2284.13151 2196.32778 2259.91113
2123 2196.09454 2285.50879 2196.18665 2260.01660
2124 2196.66210 2284.83724 2196.90352 2258.44922
2125 2196.30439 2284.74772 2196.19247 2257.11654
2126 2196.37479 2284.08529 2195.31747 2257.88468
2127 2195.57227 2284.04598 2195.97207 2258.71484
2128 2195.85442 2282.90755 2195.67302 2257.09277
2129 2195.72666 2283.43685 2196.47199 2257.27799
2130 2196.43171 2283.78548 2196.13988 2256.43758
2131 2196.05516 2283.59741 2196.74896 2257.21582
2132 2195.77421 2283.79720 2196.67645 2255.75911
2133 2196.50175 2284.08431 2196.18798 2255.21387
2134 2195.91741 2282.80208 2196.03094 2255.56893
2135 2196.47374 2283.94368 2195.94160 2255.24715
2136 2195.87664 2283.12044 2196.95644 2254.88118
2137 2196.21846 2283.79940 2197.47026 2254.98600
2138 2197.07956 2282.64258 2196.74466 2255.45378
2139 2195.81840 2283.51009 2196.46574 2254.93490
2140 2196.46003 2280.81576 2196.17864 2252.96191
2141 2195.84090 2281.91309 2196.25952 2252.80208
2142 2195.72153 2281.19824 2196.24467 2253.84823
2143 2195.37300 2282.42594 2195.98188 2252.86621
2144 2194.53406 2281.15430 2195.72942 2255.44792
2145 2196.18861 2282.58398 2195.77012 2256.04525
2146 2195.67426 2281.99284 2195.75967 2256.25439
2147 2196.49936 2282.70996 2195.89856 2255.73633
2148 2197.37906 2283.04948 2195.95319 2253.79297
2149 2195.70380 2282.49707 2196.30461 2254.48503
2150 2195.47111 2281.32422 2196.39206 2255.91927
2151 2196.19142 2282.51758 2196.95972 2256.37956
2152 2196.16342 2281.31836 2196.76133 2255.13867
2153 2196.30835 2280.64486 2196.25167 2255.45589
2154 2196.25331 2280.91423 2195.97270 2255.12012
2155 2195.37349 2279.97396 2195.57893 2254.83691
2156 2195.99611 2280.53060 2196.06208 2253.59253
2157 2196.23476 2280.55924 2195.78898 2253.25618
2158 2196.22252 2279.37988 2195.29713 2254.20736
2159 2196.01165 2280.29614 2195.59204 2255.17188
2160 2195.28726 2279.08203 2195.17215 2252.95345
2161 2194.48970 2280.23047 2196.32570 2252.63574
2162 2195.58121 2278.44368 2196.04360 2252.21647
2163 2195.82596 2280.27148 2195.87679 2252.97266
2164 2195.56704 2278.65804 2196.55360 2252.31445
2165 2195.90923 2279.25651 2196.13850 2252.57259
2166 2195.72121 2278.43978 2196.68018 2254.08887
2167 2195.97265 2278.57617 2196.14898 2252.37305
2168 2195.94309 2277.90324 2195.78296 2250.40560
2169 2196.32896 2278.29167 2196.36958 2250.78451
2170 2196.25860 2277.62988 2197.16115 2250.45345
2171 2196.91522 2278.17188 2197.54538 2252.62231
2172 2195.48012 2277.18848 2197.14998 2250.46940
2173 2195.50082 2277.66536 2196.52548 2249.55924
2174 2196.02407 2277.81380 2195.42935 2249.69499
2175 2196.30182 2278.28516 2195.45466 2249.57194
2176 2195.79621 2276.33757 2195.95308 2252.86214
2177 2195.46839 2276.83268 2195.45327 2253.23340
2178 2195.57565 2277.31250 2196.28165 2254.19499
2179 2195.94699 2277.82259 2196.41747 2254.07487
2180 2196.58335 2276.95361 2196.41518 2252.25586
2181 2196.35816 2277.08984 2196.20264 2253.12142
2182 2196.68170 2275.90462 2196.42487 2253.18815
2183 2196.22102 2276.71354 2196.46156 2252.83626
2184 2195.75969 2275.58105 2196.46576 2252.66992
2185 2196.61547 2277.20801 2195.81903 2252.84310
2186 2195.73315 2275.26888 2196.52714 2254.14714
2187 2195.33004 2275.44759 2196.61922 2253.30208
2188 2195.52644 2274.95280 2195.30768 2250.76986
2189 2194.74307 2274.81494 2195.96157 2250.47591
2190 2196.26797 2275.23210 2196.47635 2251.83105
2191 2197.65821 2275.89160 2196.98984 2253.38379
2192 2197.15766 2275.25586 2197.03248 2251.49902
2193 2196.50382 2275.12174 2197.15635 2251.62679
2194 2196.26901 2274.80501 2196.21643 2251.44043
2195 2197.08570 2275.14518 2195.81668 2251.25358
2196 2196.65069 2273.88216 2196.31804 2250.16585
2197 2196.19981 2273.88867 2195.89504 2249.30990
2198 2195.95876 2273.45312 2195.60627 2249.98405
2199 2195.24838 2274.05640 2196.28194 2250.16960
2200 2195.98101 2273.38737 2196.58436 2249.77010
2201 2197.40612 2275.37565 2196.65177 2248.91016
2202 2195.89765 2274.12500 2197.19272 2250.14941
2203 2197.56118 2275.81934 2197.51375 2250.55697
2204 2196.72741 2273.86483 2196.92716 2248.78646
2205 2197.00359 2274.46680 2196.25924 2247.97168
2206 2197.24265 2273.53190 2196.39934 2248.10482
2207 2196.33046 2274.35026 2196.59077 2248.13867
2208 2197.69117 2273.09538 2196.08881 2250.27962
2209 2196.11192 2273.70996 2195.73971 2248.87069
2210 2195.92566 2272.85091 2196.53264 2250.54232
2211 2196.47827 2272.92480 2196.43419 2249.86247
2212 2195.99445 2272.21973 2196.67669 2249.23958
2213 2196.77576 2272.48665 2196.65978 2250.45337
2214 2195.71072 2271.97656 2195.95094 2250.31576
2215 2195.73993 2272.45483 2196.30047 2250.94857
2216 2196.47907 2272.59277 2195.75120 2248.97070
2217 2196.19412 2272.14486 2196.21950 2248.82235
2218 2197.47063 2272.18229 2196.43226 2248.99382
2219 2195.76605 2272.20947 2196.54088 2248.96875
2220 2196.43598 2271.01790 2197.19999 2248.21289
2221 2196.96624 2272.38997 2196.98179 2248.11662
2222 2197.08534 2270.90690 2196.36303 2249.75423
2223 2196.67182 2271.46387 2196.09373 2248.95508
2224 2195.64890 2269.72363 2195.91684 2247.93490
2225 2195.36462 2270.84863 2195.91065 2247.35059
2226 2195.99637 2270.15373 2195.91349 2248.43278
2227 2196.40621 2271.72233 2196.28191 2249.93245
2228 2196.51139 2270.35319 2196.11831 2247.81283
2229 2197.36945 2272.16895 2196.16085 2247.86165
2230 2196.53206 2270.54199 2195.95690 2247.98405
2231 2196.57929 2271.40169 2195.89614 2248.21851
2232 2196.34450 2270.09115 2195.91494 2246.17578
2233 2196.37618 2270.77246 2196.23961 2246.55143
2234 2196.62816 2271.40039 2196.30467 2246.94141
2235 2195.78641 2270.42513 2195.89222 2246.87500
2236 2196.26251 2270.54915 2196.44275 2245.42643
2237 2196.51496 2270.56217 2196.56869 2245.65820
2238 2196.68416 2270.48763 2196.36298 2245.98893
2239 2196.33022 2271.16243 2196.38288 2245.31576
2240 2196.03468 2270.20410 2196.93916 2247.32650
2241 2196.82779 2271.13509 2195.69710 2247.04915
2242 2196.90240 2269.81901 2195.67518 2247.76107
2243 2196.91366 2270.79045 2196.70930 2247.32422
2244 2195.65478 2269.47453 2196.40310 2247.61816
2245 2196.26043 2270.06836 2196.30458 2248.03874
2246 2196.70066 2269.38411 2196.38634 2246.79907
2247 2196.69925 2270.19889 2196.20766 2246.31217
2248 2196.37343 2268.46517 2196.51716 2245.67904
2249 2196.38583 2269.76628 2196.25779 2247.51139
2250 2196.80024 2268.27376 2196.60393 2248.14062
2251 2195.78397 2268.57267 2196.61189 2248.60970
2252 2196.47413 2268.04720 2196.08812 2247.15169
2253 2195.85403 2269.19336 2195.33567 2246.91309
2254 2196.69056 2268.60571 2195.30561 2248.96647
2255 2196.43769 2269.21973 2195.03972 2247.88021
2256 2196.55871 2268.79720 2195.79269 2247.51986
2257 2196.28676 2268.70898 2196.09275 2247.87842
2258 2196.96941 2269.64233 2195.99148 2247.38542
2259 2196.59905 2269.41496 2195.74973 2247.52108
2260 2197.17440 2269.73112 2195.63902 2244.37500
2261 2196.52611 2269.65039 2195.73723 2244.46061
2262 2194.77786 2267.91943 2195.91859 2245.12272
2263 2195.59434 2268.48730 2195.77907 2245.92244
2264 2195.96497 2267.75391 2195.75681 2245.20638
2265 2196.34358 2268.89160 2195.88762 2245.58724
2266 2196.00811 2266.95020 2195.88921 2246.80859
2267 2196.39146 2269.44759 2196.07030 2246.01562
2268 2196.80482 2268.12435 2196.34867 2244.68099
2269 2196.12318 2268.48926 2196.66321 2245.69661
2270 2196.20599 2267.33691 2197.07620 2246.37988
2271 2196.98747 2268.62533 2196.26495 2246.20475
2272 2196.20997 2267.87826 2196.55604 2247.57520
2273 2195.96205 2268.22428 2196.86415 2247.24447
2274 2195.45477 2267.47013 2196.78584 2247.11165
2275 2195.54583 2268.15918 2196.85957 2247.78385
2276 2196.77664 2268.27897 2196.63719 2246.40495
2277 2196.11277 2267.33301 2197.08916 2246.08691
2278 2196.72755 2267.09342 2196.60758 2247.10872
2279 2195.80244 2267.78239 2196.73674 2247.50684
2280 2196.19545 2267.24186 2196.58551 2246.62744
2281 2196.84953 2267.22493 2196.25634 2246.21061
2282 2195.72053 2267.88607 2197.02283 2248.96094
2283 2196.79617 2268.12174 2196.57571 2249.65072
2284 2195.93581 2267.70736 2196.75311 2246.59806
2285 2195.71437 2268.06185 2196.96487 2247.02767
2286 2196.41445 2267.60059 2196.56059 2247.78060
2287 2196.48015 2268.59831 2196.04427 2247.22396
2288 2195.23515 2267.21126 2196.80914 2245.86165
2289 2196.05078 2269.55729 2196.68502 2247.32129
2290 2196.32744 2267.29102 2195.72227 2247.52962
2291 2196.33262 2268.51172 2195.56916 2247.31250
2292 2196.19080 2266.69564 2196.01189 2245.57454
2293 2196.46850 2266.86898 2195.80695 2247.16439
2294 2196.06591 2265.78190 2196.40093 2247.93880
2295 2196.33946 2266.86719 2196.66298 2246.58358
2296 2195.81882 2265.96126 2196.09244 2242.89974
2297 2195.57948 2265.79460 2196.27920 2244.15951
2298 2194.74854 2264.25488 2196.08291 2245.05892
2299 2195.33939 2265.03158 2195.28719 2244.49935
2300 2196.43023 2265.90975 2195.17015 2243.09570
2301 2196.25100 2265.21777 2195.83360 2243.58431
2302 2195.65617 2264.66829 2196.67697 2244.62793
2303 2195.54493 2265.44564 2196.35572 2244.88314
2304 2195.77285 2265.30729 2195.84270 2246.72298
2305 2195.94908 2264.85254 2195.55945 2245.96395
2306 2195.93810 2263.88566 2195.40969 2243.42253
2307 2196.24801 2264.81388 2195.70649 2239.22168
2308 2195.71104 2263.48242 2195.80539 2245.68490
2309 2195.60731 2263.82845 2196.12508 2245.80632
2310 2195.45912 2263.12760 2196.76419 2243.51530
2311 2195.25126 2264.30697 2196.33806 2238.61849
2312 2195.13071 2263.69661 2195.72717 2243.20386
2313 2196.30892 2264.70638 2195.90842 2243.80404
2314 2196.17260 2262.95182 2196.61764 2242.71842
2315 2195.48567 2263.87272 2195.30505 2237.17415
2316 2195.88811 2263.73535 2195.42024 2242.54102
2317 2196.61427 2263.82031 2195.91220 2241.49056
2318 2195.99064 2262.64917 2195.80960 2239.58171
2319 2196.29247 2262.71745 2196.45747 2235.92798
2320 2196.36400 2262.35547 2196.50097 2242.39746
2321 2196.26339 2262.70980 2196.54625 2242.84603
2322 2196.69180 2262.83822 2197.07459 2240.86719
2323 2196.63266 2262.41829 2197.62785 2237.25977
2324 2196.87413 2261.99902 2197.45332 2242.09082
2325 2196.87239 2263.12231 2196.49920 2241.11686
2326 2197.14969 2262.45378 2196.33223 2239.10319
2327 2196.40883 2262.82788 2196.61425 2235.56901
2328 2195.53380 2261.70866 2196.42687 2240.88509
2329 2196.27009 2262.94922 2196.46028 2239.44922
2330 2195.18202 2260.99186 2196.17816 2237.09635
2331 2197.03494 2263.03898 2195.67376 2232.24919
2332 2196.32892 2260.88086 2195.48134 2239.16211
2333 2195.90348 2260.57747 2195.71712 2237.76888
2334 2195.91205 2258.86133 2195.68446 2236.05176
2335 2195.29798 2259.27767 2195.74091 2232.17285
2336 2196.44561 2258.92611 2196.17943 2240.32259
2337 2196.25962 2259.39453 2196.21124 2240.60514
2338 2196.33562 2259.13802 2196.44665 2238.51237
2339 2197.74155 2259.85124 2196.59349 2234.31510
2340 2196.23114 2259.67936 2196.81294 2240.99056
2341 2196.78882 2259.83724 2196.73342 2240.14388
2342 2196.16799 2259.42188 2196.51114 2238.11491
2343 2196.14190 2259.47925 2196.97391 2233.55509
2344 2196.15793 2259.04753 2196.23731 2237.49544
2345 2195.50440 2258.70736 2196.04411 2235.81022
2346 2195.88724 2258.64941 2195.38674 2234.76139
2347 2195.70213 2258.41854 2195.39577 2231.38354
2348 2196.30204 2258.08447 2195.99211 2236.85872
2349 2197.09591 2259.07845 2195.36420 2236.41398
2350 2196.33463 2257.31738 2195.60923 2235.55892
2351 2196.47615 2258.57064 2196.58553 2232.43424
2352 2195.24784 2257.87109 2196.30338 2236.21834
2353 2196.09402 2259.19312 2195.86860 2236.40234
2354 2196.11892 2257.94206 2196.20431 2235.81120
2355 2196.09355 2258.78027 2196.11656 2230.81868
2356 2195.82621 2257.95247 2196.14717 2235.67415
2357 2195.82438 2259.21094 2196.39917 2233.99577
2358 2196.72872 2257.59538 2197.20255 2233.43913
2359 2196.69208 2257.88770 2197.29992 2229.85091
2360 2196.26231 2256.40706 2196.92355 2234.47428
2361 2195.56509 2255.97412 2196.43939 2234.15234
2362 2196.08652 2256.24935 2196.26667 2231.99414
2363 2196.38852 2256.18262 2195.86763 2227.62500
2364 2196.73825 2256.84115 2195.95068 2233.57650
2365 2197.06165 2256.61165 2195.64195 2233.16211
2366 2196.87488 2256.41699 2195.58696 2230.94678
2367 2197.36929 2257.05794 2195.84779 2226.81079
2368 2197.35452 2256.13053 2196.14930 2234.55566
2369 2195.87275 2256.04232 2196.20259 2234.87435
2370 2196.26843 2255.64225 2196.28320 2233.61849
2371 2196.58617 2256.22363 2196.53490 2230.06112
2372 2196.28039 2254.29297 2196.49043 2234.45931
2373 2196.89332 2255.35872 2196.57653 2234.04264
2374 2197.32445 2254.97754 2196.33943 2231.70907
2375 2196.59336 2255.26074 2196.31438 2227.95215
2376 2196.61703 2253.92904 2196.04921 2233.44092
2377 2195.98438 2254.45736 2195.68033 2232.70931
2378 2196.07001 2253.16146 2195.49088 2229.88574
2379 2194.91111 2253.70573 2195.71712 2225.93424
2380 2195.45745 2253.25553 2196.05416 2231.94076
2381 2195.60672 2254.02832 2196.18197 2231.72209
2382 2196.96155 2253.87703 2195.91371 2229.06478
2383 2197.52369 2254.80241 2195.71351 2225.17643
2384 2196.26528 2252.93978 2195.69736 2228.23503
2385 2195.72864 2252.41243 2196.75911 2229.19466
2386 2196.81160 2252.66520 2197.31339 2227.69922
2387 2195.98844 2252.14518 2197.10788 2223.11816
2388 2197.04593 2252.31413 2196.97802 2228.73950
2389 2196.54151 2252.32552 2196.40266 2228.61979
2390 2197.02233 2251.50228 2196.62531 2227.10457
2391 2196.91105 2252.71322 2196.58100 2222.38607
2392 2196.75957 2251.06315 2196.64976 2226.24056
2393 2196.55823 2251.65365 2196.40605 2227.15332
2394 2196.50426 2250.87744 2195.89309 2225.18132
2395 2195.93358 2252.34473 2195.90551 2221.49121
2396 2197.04852 2251.92188 2195.54727 2224.47127
2397 2196.96218 2252.42350 2195.55170 2224.24349
2398 2196.05365 2249.95215 2196.71454 2225.39030
2399 2196.31744 2250.93945 2196.50976 2221.60579
2400 2196.22832 2250.36637 2196.57722 2228.46484
2401 2196.87254 2251.08691 2196.04861 2226.53125
2402 2195.81116 2249.11068 2195.68321 2224.32747
2403 2195.63478 2247.85661 2196.03030 2222.43555
2404 2195.48526 2247.91838 2196.17848 2226.42017
2405 2195.61631 2248.56055 2196.21534 2226.12923
2406 2196.76390 2248.30070 2196.81536 2225.29297
2407 2195.70163 2247.67782 2197.31321 2221.56283
2408 2196.12171 2247.50358 2197.17329 2225.59082
2409 2196.20376 2247.63184 2197.42430 2226.64062
2410 2195.17575 2247.28678 2196.37430 2226.45345
2411 2195.74486 2246.74080 2196.34044 2221.55990
2412 2195.75934 2247.28809 2196.66620 2225.37467
2413 2196.56544 2248.17057 2196.32146 2225.49544
2414 2196.88820 2246.77474 2196.07614 2223.96973
2415 2195.90905 2246.84115 2196.42364 2222.15820
2416 2195.86298 2244.90885 2196.01537 2224.21191
2417 2196.05996 2246.26367 2195.80913 2224.22591
2418 2197.46702 2244.99447 2196.37642 2222.87565
2419 2198.18855 2246.36230 2196.54910 2219.65658
2420 2197.13703 2244.65951 2196.69273 2222.47852
2421 2195.97973 2244.59928 2196.23392 2221.64941
2422 2195.46849 2243.93587 2196.59493 2221.36719
2423 2195.38613 2243.33887 2195.85401 2218.20312
2424 2196.21545 2243.56901 2195.70574 2220.85286
2425 2196.50051 2243.98698 2196.61670 2222.89583
2426 2195.00114 2242.64355 2196.23878 2221.85286
2427 2195.67355 2243.13965 2196.08269 2219.19792
2428 2195.85082 2243.34896 2196.07893 2220.78369
2429 2195.52312 2243.04199 2196.22801 2220.79948
2430 2195.36078 2241.95345 2196.85330 2220.18327
2431 2195.48313 2241.51709 2197.17710 2216.09229
2432 2196.13289 2241.40365 2196.84742 2222.22502
2433 2195.48957 2241.87280 2196.77127 2222.31714
2434 2196.12093 2241.91113 2196.26123 2222.10514
2435 2195.52175 2242.37134 2195.65339 2219.43986
2436 2196.63059 2241.72038 2195.84423 2222.80599
2437 2196.07626 2241.88997 2196.05572 2223.28874
2438 2195.76346 2241.17944 2195.69922 2223.63859
2439 2196.72271 2242.38672 2195.25129 2219.96061
2440 2196.29231 2241.25293 2196.17234 2220.98665
2441 2196.84161 2242.01921 2196.20035 2221.31006
2442 2195.91655 2240.34863 2196.10603 2221.08822
2443 2195.07748 2239.94368 2195.79875 2217.69857
2444 2196.00688 2239.29395 2196.20536 2222.76432
2445 2196.22708 2239.98568 2195.77787 2221.22884
2446 2196.74002 2239.47591 2195.81565 2220.33431
2447 2196.36546 2239.98185 2196.05817 2217.56510
2448 2195.45091 2238.52083 2195.74084 2219.78288
2449 2195.59635 2238.46940 2195.20982 2221.24544
2450 2195.90945 2238.97070 2195.22694 2218.59473
2451 2196.55330 2238.90137 2195.43330 2215.76660
2452 2196.98213 2238.89453 2196.50001 2219.53385
2453 2195.46160 2238.68164 2196.24536 2220.28971
2454 2196.14537 2238.49479 2196.36635 2220.37044
2455 2195.68883 2239.24805 2195.27512 2216.08789
2456 2195.57597 2238.07227 2196.35916 2219.13403
2457 2196.08600 2238.31445 2196.03067 2217.62044
2458 2195.93117 2236.24251 2195.54330 2216.65951
2459 2196.86932 2237.98535 2195.79086 2214.15755
2460 2197.07907 2236.47640 2195.78863 2215.19401
2461 2196.29333 2237.21257 2196.45874 2214.82284
2462 2195.86548 2236.20703 2196.08496 2213.83854
2463 2195.02057 2236.48438 2196.30705 2210.86198
2464 2196.72694 2236.52441 2196.82032 2217.37695
2465 2196.27056 2237.50456 2196.98129 2217.48958
2466 2196.21750 2236.34766 2196.44910 2215.56901
2467 2197.06744 2236.11914 2196.93436 2212.25944
2468 2196.42425 2236.15951 2197.03656 2216.51823
2469 2196.29388 2235.29785 2196.66381 2216.37956
2470 2195.53453 2234.62500 2196.83887 2215.69368
2471 2195.88124 2235.25977 2196.71106 2211.74056
2472 2196.98964 2234.66895 2196.15223 2214.61312
2473 2195.82614 2234.08236 2196.56319 2215.48747
2474 2196.26551 2234.18685 2196.44411 2213.42090
2475 2194.89654 2234.16667 2196.66855 2209.61263
2476 2196.19024 2233.93457 2196.88297 2213.59863
2477 2196.04972 2235.00944 2196.24185 2214.46289
2478 2197.30845 2234.57878 2196.38239 2215.43262
2479 2197.73282 2235.06437 2196.37651 2211.56966
2480 2197.14902 2234.59798 2196.61137 2215.45312
2481 2197.23530 2235.69368 2196.30201 2214.31217
2482 2196.91168 2233.86491 2196.44839 2212.10946
2483 2196.76097 2234.32194 2196.74798 2209.05078
2484 2196.19533 2232.66951 2196.68204 2211.58561
2485 2196.90097 2233.69206 2196.88354 2212.31641
2486 2196.63882 2232.01530 2196.34819 2212.48438
2487 2197.21446 2232.50749 2196.55283 2209.60482
2488 2196.80298 2230.59049 2196.92879 2213.43913
2489 2196.69214 2231.20638 2196.74363 2212.67936
2490 2195.59822 2230.73079 2197.01032 2210.94173
2491 2196.56480 2230.80957 2196.33410 2205.99740
2492 2197.17767 2232.00716 2196.47543 2211.01530
2493 2197.61679 2231.57747 2196.82298 2211.88672
2494 2196.74906 2230.80697 2196.93713 2209.92513
2495 2196.44489 2231.56608 2196.07930 2206.98079
2496 2196.43267 2230.37956 2195.77586 2211.67025
2497 2196.91468 2231.10286 2195.83193 2212.70085
2498 2196.24606 2230.03548 2195.45117 2211.95540
2499 2196.94272 2230.84863 2195.82502 2208.73665
2500 2196.47229 2229.17440 2195.82928 2212.06901
2501 2196.68316 2229.98210 2195.54347 2211.05241
2502 2196.95852 2228.92513 2196.33353 2210.80371
2503 2196.68898 2228.36068 2196.78707 2207.73104
2504 2196.66835 2227.37598 2196.16225 2212.34082
2505 2196.69768 2229.77051 2195.87633 2211.98210
2506 2196.28585 2228.70052 2196.99289 2210.52702
2507 2196.12171 2229.16406 2197.68919 2206.21940
2508 2196.62079 2228.22135 2197.21171 2210.58944
2509 2195.67947 2227.92676 2196.46168 2209.96191
2510 2196.56703 2227.44987 2196.44609 2209.59049
2511 2196.44012 2227.77051 2196.61290 2207.05501
2512 2196.18639 2226.16667 2196.87381 2210.26465
2513 2196.64583 2226.04362 2196.22658 2208.63802
2514 2196.86824 2226.06348 2195.58287 2207.47998
2515 2195.81915 2225.28548 2196.10472 2204.32340
2516 2195.40267 2224.89193 2196.29149 2208.33301
2517 2195.99643 2225.32161 2196.01120 2208.71322
2518 2196.89322 2225.29818 2195.71110 2206.69889
2519 2196.91288 2225.33138 2195.69815 2203.10156
2520 2196.58436 2224.85547 2195.91545 2207.05339
2521 2196.58683 2226.15039 2196.08895 2206.40951
2522 2196.33186 2224.47493 2196.21399 2204.81217
2523 2196.16891 2225.44661 2195.69226 2200.35791
2524 2196.56402 2224.01628 2195.64344 2205.07975
2525 2196.28228 2224.61230 2196.33096 2205.23665
2526 2195.69286 2223.43522 2196.30424 2203.91846
2527 2196.31769 2223.96973 2195.94364 2200.68734
2528 2195.99749 2222.07161 2195.89872 2207.94238
2529 2196.92179 2223.13151 2196.53739 2208.61393
2530 2196.70744 2222.18962 2196.39396 2207.19303
2531 2196.80215 2222.57454 2196.63783 2203.36418
2532 2196.25264 2222.74870 2196.81111 2206.40332
2533 2195.64166 2222.74349 2196.12138 2206.55176
2534 2197.19934 2222.41569 2196.48493 2205.96126
2535 2195.31399 2222.71257 2196.36861 2202.18392
2536 2195.79102 2222.10677 2196.15776 2206.53027
2537 2195.91298 2221.96484 2196.17523 2205.90039
2538 2194.91362 2221.67871 2195.68592 2203.03483
2539 2195.43587 2220.67318 2196.06502 2198.91032
2540 2194.80869 2220.56974 2196.22039 2201.95378
2541 2195.90106 2220.49837 2196.84169 2201.72510
2542 2196.90478 2219.81079 2195.80354 2201.63704
2543 2195.51362 2219.57292 2196.52917 2198.74886
2544 2195.70616 2217.96322 2196.36963 2201.81673
2545 2195.01492 2219.52311 2196.04464 2200.97363
2546 2195.63860 2217.86361 2195.94677 2201.51790
2547 2197.01785 2219.63639 2196.25321 2197.43237
2548 2196.55422 2218.49349 2195.99539 2199.87923
2549 2195.34478 2218.60905 2195.96724 2200.52083
2550 2195.15747 2217.77734 2196.06429 2200.84635
2551 2195.87704 2217.84180 2195.71903 2197.98470
2552 2196.28518 2217.27767 2196.08185 2200.03158
2553 2196.08736 2217.38200 2196.12202 2198.49186
2554 2195.68509 2216.30794 2195.96089 2198.29167
2555 2196.14584 2216.29036 2196.45038 2195.20443
2556 2196.26349 2216.53581 2196.68457 2200.05729
2557 2195.46028 2216.35938 2196.66506 2199.23169
2558 2196.39692 2216.51831 2196.89074 2197.77865
2559 2195.87166 2215.10075 2196.21948 2196.01188
2560 2196.76051 2213.73079 2196.12023 2204.05363
2561 2196.12846 2215.28158 2196.11332 2207.13216
2562 2196.69647 2214.82479 2195.50340 2206.72624
2563 2196.30539 2214.90951 2196.16821 2207.21842
2564 2196.04662 2213.45052 2196.84555 2204.66935
2565 2196.87258 2214.47949 2196.42361 2202.87826
2566 2196.17083 2212.05697 2196.68681 2204.17773
2567 2196.15724 2213.36466 2197.00933 2205.71810
2568 2195.66499 2212.14714 2197.17249 2200.31673
2569 2196.42044 2213.07650 2196.39852 2200.61825
2570 2196.46441 2211.03841 2196.25199 2200.81673
2571 2195.62545 2211.46159 2196.25723 2203.69303
2572 2195.78727 2211.28385 2196.52393 2199.27962
2573 2195.41441 2211.68750 2196.61469 2200.05664
2574 2196.26795 2211.57064 2195.72459 2199.52181
2575 2195.45060 2211.04134 2195.98316 2201.83984
2576 2195.27726 2210.63403 2196.48354 2198.08569
2577 2195.22261 2210.87109 2196.51405 2198.59961
2578 2196.24764 2211.15462 2196.53847 2199.24577
2579 2196.16022 2210.19629 2196.17712 2200.40690
2580 2196.37430 2210.55046 2196.14015 2195.62858
2581 2196.17612 2210.35059 2195.81084 2196.49544
2582 2196.01557 2209.65047 2196.22805 2196.76009
2583 2196.12700 2209.35059 2195.93525 2197.84261
2584 2196.62996 2208.54102 2196.33673 2193.70508
2585 2197.52648 2209.64811 2195.46188 2192.80306
2586 2196.12305 2207.72038 2195.40557 2193.07520
2587 2197.17286 2209.26823 2195.65114 2196.09798
2588 2197.15857 2207.54728 2196.29365 2191.52409
2589 2196.95562 2208.78735 2196.36406 2192.28288
2590 2197.27687 2207.17155 2196.34868 2194.52018
2591 2197.29342 2207.64844 2196.42686 2196.12272
2592 2197.96275 2206.78019 2197.18349 2193.12305
2593 2196.12737 2205.70443 2197.48012 2194.30371
2594 2195.95532 2205.28158 2197.04504 2194.98730
2595 2197.26371 2206.20573 2197.02968 2196.54134
2596 2197.35622 2206.37858 2197.12155 2190.78711
2597 2197.38886 2205.68408 2196.02886 2191.63965
2598 2196.26757 2204.20256 2195.92017 2193.26660
2599 2196.58711 2205.06120 2196.40307 2195.60742
2600 2197.29122 2204.56087 2196.44189 2191.09473
2601 2195.64783 2204.13249 2196.39762 2191.47949
2602 2196.33459 2203.89290 2196.32823 2191.47526
2603 2196.44826 2204.02279 2195.80332 2193.04883
2604 2197.26950 2203.85913 2195.83359 2188.30729
2605 2196.65962 2204.58268 2196.63373 2190.85319
2606 2197.51200 2203.70508 2196.70214 2193.10156
2607 2197.67710 2204.08854 2196.98202 2193.49316
2608 2195.60737 2201.79053 2197.14019 2189.15690
2609 2195.66984 2202.30306 2197.08169 2189.60514
2610 2195.84786 2201.17188 2196.64597 2190.33529
2611 2197.34124 2202.68652 2197.24085 2192.08008
2612 2197.96137 2200.64551 2197.10686 2186.13932
2613 2197.32197 2201.63965 2197.10828 2189.15332
2614 2196.37939 2199.57422 2197.12810 2189.32454
2615 2196.35546 2200.54321 2196.39304 2191.72819
2616 2196.46584 2199.44922 2196.99237 2185.38770
2617 2196.66738 2200.06608 2196.96365 2186.14746
2618 2196.96539 2200.28613 2196.51179 2188.55924
2619 2197.31863 2199.82080 2196.00619 2190.42122
2620 2196.28065 2199.65007 2197.16129 2185.32259
2621 2195.61658 2198.97982 2197.14537 2184.46159
2622 2195.48989 2197.53548 2197.16333 2184.16211
2623 2196.47327 2198.23307 2196.88075 2186.92025
2624 2197.16952 2196.67350 2196.55485 2186.46647
2625 2196.88710 2197.27498 2195.79039 2186.76465
2626 2196.05720 2195.61426 2196.06190 2187.71712
2627 2197.22088 2196.83203 2197.05247 2190.21777
2628 2196.98246 2196.10352 2197.16100 2184.37638
2629 2196.29024 2196.14323 2196.70152 2186.13672
2630 2196.37039 2195.59261 2196.92337 2187.03760
2631 2196.28569 2196.29785 2196.99309 2188.77523
2632 2196.38766 2194.56055 2196.91772 2183.78125
2633 2195.94056 2194.78288 2196.72195 2185.65592
2634 2196.23546 2193.29818 2197.16872 2187.10059
2635 2197.20696 2194.93587 2196.53651 2188.24414
2636 2196.05235 2192.76237 2195.77792 2181.98210
2637 2196.64563 2193.53809 2195.98293 2183.50098
2638 2196.45475 2192.56315 2195.61720 2185.09928
2639 2196.92725 2192.17708 2195.19438 2187.93783
2640 2195.36262 2190.58887 2195.78295 2182.14421
2641 2195.16117 2191.21680 2196.21062 2181.73242
2642 2196.30306 2192.08561 2196.24347 2182.06348
2643 2196.58692 2191.89681 2195.99288 2184.45671
2644 2196.50955 2191.42448 2196.39377 2180.13867
2645 2195.78810 2191.50033 2195.91474 2181.05143
2646 2195.84539 2190.15462 2195.19850 2182.10026
2647 2196.29718 2191.30273 2196.05989 2184.17253
2648 2197.05064 2190.08073 2196.24641 2179.83561
2649 2196.62143 2190.95475 2196.62469 2180.64583
2650 2196.80927 2188.86165 2196.69824 2181.33236
2651 2195.81094 2189.27572 2196.81701 2182.46615
2652 2195.95503 2187.87630 2196.43915 2176.52734
2653 2196.46479 2188.88770 2196.65262 2177.26042
2654 2195.89372 2187.35319 2197.64122 2179.49023
2655 2196.26561 2187.78711 2197.67656 2180.53451
2656 2195.87253 2186.94336 2196.98251 2179.39714
2657 2196.36910 2187.46973 2196.57062 2180.23112
2658 2195.61298 2186.64486 2196.42431 2182.32259
2659 2195.44862 2187.55632 2196.56624 2183.44889
2660 2197.11917 2187.57861 2196.22433 2176.95833
2661 2195.97510 2186.97624 2196.21734 2178.57031
2662 2196.39137 2186.27409 2196.48608 2179.94157
2663 2195.18132 2186.22526 2197.14756 2181.94531
2664 2195.67334 2185.38118 2196.72945 2177.00586
2665 2195.71056 2184.84375 2195.54891 2177.18229
2666 2195.05733 2183.39030 2195.83025 2178.11816
2667 2196.37214 2183.80330 2196.78891 2180.16276
2668 2196.10572 2183.43262 2197.17676 2175.90430
2669 2196.69079 2183.72917 2196.66543 2177.16732
2670 2196.67389 2182.07585 2196.64748 2179.30306
2671 2194.82019 2182.87272 2196.86329 2181.89811
2672 2195.57267 2182.06022 2197.14583 2175.43164
2673 2195.05555 2183.42122 2196.91074 2176.86068
2674 2195.91988 2181.00911 2197.27261 2177.91341
2675 2196.86533 2183.04102 2196.56300 2179.41471
2676 2196.38505 2181.13428 2196.38426 2173.66439
2677 2196.30080 2181.28158 2196.34324 2174.10905
2678 2195.36060 2179.70671 2196.08596 2176.04834
2679 2196.20820 2179.78874 2196.62162 2178.02100
2680 2196.56233 2179.07780 2195.99333 2171.11979
2681 2196.84120 2179.67741 2196.99429 2172.77018
2682 2196.53069 2178.65853 2197.28909 2174.47852
2683 2196.28272 2178.94499 2196.94416 2176.95768
2684 2196.66119 2178.77018 2196.40272 2168.97135
2685 2195.82242 2178.56934 2195.86352 2170.01530
2686 2196.03866 2177.63835 2196.04578 2171.31340
2687 2195.22995 2177.39746 2196.26955 2174.33398
2688 2196.20309 2177.60286 2195.95284 2172.74805
2689 2196.14360 2177.52604 2196.35013 2174.46257
2690 2195.33631 2176.40397 2196.37807 2175.64062
2691 2195.32933 2177.08073 2196.29099 2176.78255
2692 2195.00125 2175.63892 2195.72353 2171.44889
2693 2195.34598 2176.34831 2195.88023 2174.12695
2694 2196.42284 2175.48120 2196.28752 2175.52734
2695 2196.83848 2175.98657 2196.70656 2177.13379
2696 2197.76929 2175.35514 2196.69221 2169.41439
2697 2197.84965 2176.66081 2196.24170 2171.10905
2698 2196.63501 2174.58903 2196.08387 2174.28320
2699 2196.10325 2174.34880 2195.93566 2176.02336
2700 2195.93231 2173.65519 2196.29227 2170.15007
2701 2195.77664 2173.98340 2196.46624 2171.43685
2702 2195.73083 2173.56771 2196.60577 2174.06315
2703 2194.85678 2173.03516 2196.55885 2176.68717
2704 2195.58694 2172.54313 2196.49337 2170.13770
2705 2196.02348 2172.60026 2197.04426 2172.09277
2706 2196.39528 2172.66471 2196.74152 2172.80729
2707 2196.78309 2172.69564 2196.70065 2175.35612
2708 2197.06979 2171.81380 2196.74693 2167.57161
2709 2196.59847 2170.85775 2196.67411 2169.29264
2710 2196.40726 2169.86458 2196.59388 2171.00260
2711 2197.29270 2171.20443 2196.18152 2173.69531
2712 2197.20982 2170.30436 2196.67818 2166.61580
2713 2196.91237 2171.26953 2197.06022 2169.11995
2714 2196.41536 2169.73047 2196.80068 2170.19043
2715 2196.83584 2171.05273 2196.99761 2173.33952
2716 2196.55708 2168.81445 2196.15369 2164.82194
2717 2196.15430 2170.09049 2195.64937 2165.53809
2718 2197.52441 2169.09993 2196.11804 2165.90267
2719 2196.64286 2169.39355 2196.39576 2167.99674
2720 2197.16027 2167.94434 2196.76021 2164.92676
2721 2196.28036 2168.55241 2196.38899 2165.66195
2722 2197.11794 2167.86882 2196.94002 2167.77214
2723 2197.36109 2167.52572 2196.16861 2169.24707
2724 2195.86471 2166.96322 2194.99501 2161.48763
2725 2196.73633 2166.91895 2196.07728 2164.87565
2726 2196.87077 2166.49935 2196.52891 2166.88647
2727 2196.75868 2166.74520 2196.56804 2170.45736
2728 2197.45590 2166.94466 2195.81284 2162.53776
2729 2196.67910 2166.55436 2196.09147 2164.34766
2730 2196.98095 2166.05436 2196.23772 2165.23763
2731 2196.20285 2166.09538 2196.04264 2167.60612
2732 2196.75976 2165.63411 2195.23652 2161.18587
2733 2197.29830 2165.41113 2195.53436 2162.30729
2734 2196.59428 2164.15723 2195.75455 2164.85742
2735 2196.75862 2164.31510 2196.58591 2168.71224
2736 2196.05197 2163.13835 2197.29039 2163.56087
2737 2196.40917 2164.18880 2196.47643 2164.96908
2738 2196.10324 2162.20964 2196.15587 2165.47949
2739 2196.29875 2163.30599 2196.30823 2168.69938
2740 2197.33037 2161.47103 2196.13784 2162.45117
2741 2195.56023 2161.78711 2196.17012 2164.11719
2742 2195.72937 2161.09082 2195.61223 2164.95898
2743 2196.46352 2162.42090 2196.12846 2166.94857
2744 2196.61662 2160.79875 2196.90013 2160.58008
2745 2197.49547 2161.32031 2196.66863 2162.31030
2746 2196.77934 2161.12923 2196.97540 2164.11523
2747 2197.25334 2160.68490 2196.75571 2166.51855
2748 2198.14849 2161.05078 2196.93856 2158.97201
2749 2197.07523 2159.24316 2196.23670 2158.51042
2750 2196.57215 2158.38167 2196.24978 2158.64876
2751 2195.67733 2158.24967 2196.27468 2162.26790
2752 2196.34290 2157.21826 2196.81746 2159.94368
2753 2197.49656 2158.70410 2196.76712 2162.02344
2754 2195.83239 2157.53809 2196.06689 2163.42253
2755 2196.34647 2158.94954 2196.10152 2165.52962
2756 2196.16554 2157.74316 2195.60661 2159.23885
2757 2196.78334 2157.86068 2196.10495 2160.51139
2758 2196.73216 2157.31771 2196.58559 2161.56852
2759 2196.69628 2157.63086 2196.80520 2163.95532
2760 2196.95682 2155.78581 2196.53013 2156.82975
2761 2196.69481 2156.72070 2195.94084 2158.64388
2762 2196.42034 2154.67155 2196.28051 2160.23698
2763 2197.03423 2155.46419 2196.18780 2163.75358
2764 2196.12919 2154.00399 2195.94688 2156.34342
2765 2196.90290 2154.92350 2195.63642 2157.63021
2766 2196.53863 2154.51497 2195.70775 2160.32340
2767 2197.03324 2154.98275 2196.14837 2163.52767
2768 2196.00522 2153.87695 2196.55149 2155.84505
2769 2196.85640 2154.30501 2196.44082 2157.64518
2770 2196.43709 2153.94076 2196.29094 2159.14811
2771 2196.30392 2153.28939 2196.65321 2163.49870
2772 2197.25126 2154.17969 2196.66863 2154.65299
2773 2197.23882 2154.22201 2196.74259 2157.33236
2774 2197.54599 2153.12760 2196.96701 2158.91854
2775 2197.00256 2153.11523 2196.95092 2161.39990
2776 2197.26076 2152.07617 2196.62731 2154.69336
2777 2197.59465 2152.52441 2197.05023 2157.41992
2778 2197.43765 2150.50033 2196.98785 2159.03288
2779 2196.45184 2151.41325 2196.45913 2161.21159
2780 2196.24201 2149.33529 2195.99869 2152.04785
2781 2197.13451 2150.32324 2196.33726 2154.93945
2782 2196.35719 2149.12598 2196.26279 2155.66960
2783 2196.70893 2150.09505 2196.23735 2160.36816
2784 2195.87704 2148.92611 2197.67815 2154.98210
2785 2195.05127 2148.58073 2197.29716 2156.73177
2786 2195.04382 2147.72754 2197.05017 2158.64486
2787 2195.12670 2148.14974 2195.93493 2163.74382
2788 2196.74272 2147.58464 2195.96212 2153.70768
2789 2195.95888 2147.99536 2195.71783 2155.52572
2790 2196.22878 2146.78158 2196.49917 2157.45752
2791 2195.70690 2146.52116 2196.94712 2160.69987
2792 2196.38631 2145.85677 2196.59850 2152.05013
2793 2196.97813 2145.76823 2196.57149 2153.88997
2794 2195.91735 2145.46126 2197.15736 2156.30599
2795 2195.76478 2144.33903 2197.09970 2161.50195
2796 2195.60777 2143.96354 2196.45151 2150.68685
2797 2195.80606 2144.65137 2196.50029 2152.02018
2798 2195.96377 2144.07454 2197.03027 2156.73503
2799 2195.39622 2144.50456 2196.98244 2161.10352
2800 2196.61274 2143.33944 2197.16340 2150.98535
2801 2195.57572 2144.62695 2197.04345 2152.35970
2802 2196.54051 2142.90495 2196.83044 2154.03288
2803 2197.27165 2143.64307 2196.09274 2158.49609
2804 2195.42598 2140.65885 2196.21122 2148.32129
2805 2196.10577 2140.77344 2196.01086 2151.18555
2806 2196.38207 2140.83154 2196.34337 2152.64453
2807 2197.22588 2141.66154 2196.56045 2156.69718
2808 2197.29789 2140.71680 2197.26032 2146.12394
2809 2196.04053 2139.89941 2197.81179 2148.53776
2810 2196.13636 2138.74870 2197.30573 2153.81527
2811 2196.59662 2140.00000 2197.04325 2157.36296
2812 2196.88453 2140.26270 2196.85654 2145.96484
2813 2197.24035 2140.36068 2196.23706 2148.28288
2814 2196.40611 2139.19930 2195.99737 2151.24837
2815 2196.51091 2138.85547 2196.26255 2155.77539
2816 2196.34172 2137.50716 2195.38596 2140.48600
2817 2195.85796 2137.50081 2195.44875 2140.87663
2818 2195.74345 2136.55664 2196.06181 2138.12500
2819 2195.67696 2137.79102 2195.88603 2132.70215
2820 2196.10129 2135.85384 2195.59471 2138.86068
2821 2196.79404 2136.46680 2195.52596 2137.54655
2822 2197.08056 2135.75741 2196.45653 2137.18587
2823 2196.48887 2136.59302 2197.33444 2133.68294
2824 2196.11631 2135.26497 2196.98329 2140.17318
2825 2195.28577 2135.59863 2196.34467 2139.10425
2826 2196.49338 2134.51668 2195.89720 2136.19629
2827 2195.97858 2135.64453 2196.29521 2132.34440
2828 2196.19231 2134.46322 2196.32987 2139.03678
2829 2196.17039 2134.80339 2195.84318 2138.16667
2830 2196.40712 2133.83984 2195.56175 2135.84798
2831 2196.60074 2133.91561 2195.97607 2130.73503
2832 2196.00072 2132.77726 2196.17636 2137.52083
2833 2195.85668 2131.94824 2195.67074 2135.64217
2834 2195.68289 2131.65202 2195.79429 2133.67936
2835 2195.37097 2131.00456 2195.70956 2127.28548
2836 2194.96111 2130.56576 2194.86844 2134.57031
2837 2195.88530 2131.26628 2195.69976 2133.94043
2838 2196.36932 2130.46134 2195.58757 2131.01595
2839 2195.68013 2131.31673 2196.50195 2127.84342
2840 2196.25809 2130.38184 2196.76594 2135.10352
2841 2196.88844 2130.91732 2196.35174 2131.75260
2842 2197.03160 2129.79297 2196.41661 2129.07422
2843 2196.91044 2130.94596 2195.97529 2123.49349
2844 2196.83667 2129.15104 2196.09773 2131.81283
2845 2196.87514 2129.56348 2196.40520 2129.92578
2846 2197.26210 2127.73600 2196.56634 2127.28516
2847 2196.60801 2128.29720 2196.05331 2121.23828
2848 2196.27687 2127.20345 2196.05683 2130.98633
2849 2196.15392 2127.68001 2196.38154 2130.58757
2850 2196.48770 2126.91569 2196.39099 2127.38607
2851 2197.35488 2126.96257 2196.60399 2122.69629
2852 2195.91689 2125.91081 2196.50279 2130.04915
2853 2196.35317 2126.32780 2197.03228 2128.96777
2854 2196.03629 2125.86540 2196.71653 2127.37467
2855 2195.65709 2126.08626 2196.01869 2122.50618
2856 2196.04495 2125.37500 2196.35940 2129.41341
2857 2195.33843 2124.20996 2196.25962 2128.44857
2858 2196.57961 2124.39062 2196.28999 2124.33561
2859 2195.52201 2124.53418 2195.88930 2119.39681
2860 2195.83435 2122.92188 2196.35452 2125.56868
2861 2197.29202 2122.80046 2195.98247 2123.77018
2862 2196.57163 2121.45475 2196.93338 2123.05819
2863 2197.24447 2122.56738 2196.78489 2118.25423
2864 2196.56415 2121.38216 2196.57292 2125.97103
2865 2196.70204 2122.20638 2196.39850 2124.51204
2866 2196.39378 2121.20475 2196.45523 2122.05827
2867 2196.60761 2122.12020 2196.19168 2117.16276
2868 2196.94245 2119.66243 2196.20465 2125.98210
2869 2196.27049 2120.83854 2196.49650 2124.96908
2870 2197.51082 2120.18880 2197.00950 2121.52897
2871 2196.91002 2120.12598 2196.70788 2116.59603
2872 2197.29673 2119.30078 2196.08414 2122.91121
2873 2196.74717 2118.86230 2195.97369 2122.68685
2874 2196.05861 2118.16374 2196.04499 2120.17839
2875 2196.68654 2118.04720 2197.02247 2115.95215
2876 2196.91292 2118.21582 2197.30353 2122.22127
2877 2195.89301 2116.89966 2196.51067 2119.62337
2878 2196.11841 2116.72396 2195.80988 2116.76855
2879 2195.87801 2117.55794 2195.68106 2112.13322
2880 2196.64645 2116.63704 2195.87082 2122.46029
2881 2196.52998 2116.96191 2196.17356 2120.50456
2882 2195.40303 2115.25098 2196.69193 2118.13444
2883 2197.32523 2117.29655 2196.22229 2112.82227
2884 2197.20422 2116.04541 2196.61957 2119.11523
2885 2196.31086 2114.71517 2195.94847 2117.48112
2886 2196.52661 2114.22233 2196.60185 2113.88802
2887 2196.03673 2114.53841 2196.93117 2109.47982
2888 2196.18605 2113.16862 2197.08063 2118.50814
2889 2196.19092 2113.79484 2195.99815 2117.05013
2890 2195.86897 2111.88639 2196.01906 2114.34310
2891 2196.37670 2113.26693 2196.06372 2108.83626
2892 2196.06986 2111.49251 2195.86079 2116.32747
2893 2195.80074 2111.92448 2196.05242 2116.15039
2894 2194.71206 2111.42480 2196.59794 2113.73242
2895 2195.39075 2112.08724 2196.41507 2108.12923
2896 2197.11382 2112.30273 2195.82448 2113.78646
2897 2197.48361 2112.23730 2196.54988 2113.45703
2898 2196.46337 2111.87435 2196.70000 2111.58008
2899 2196.68072 2110.75684 2196.87034 2106.29460
2900 2197.52587 2110.67904 2196.13530 2114.18717
2901 2196.81596 2109.87118 2195.91731 2113.63607
2902 2197.11200 2108.56706 2196.28493 2110.72819
2903 2197.38171 2109.10547 2196.38726 2104.45898
2904 2197.74955 2107.99740 2196.87813 2110.34473
2905 2197.85858 2108.33757 2197.07262 2110.27702
2906 2196.63097 2106.40332 2196.87755 2108.51986
2907 2196.25858 2107.91536 2196.87374 2103.42578
2908 2195.49935 2106.33854 2196.38418 2108.69076
2909 2195.92406 2106.60710 2196.41152 2107.36230
2910 2195.94684 2106.04948 2196.12725 2105.69629
2911 2196.50182 2106.95605 2196.85880 2100.81380
2912 2196.37119 2106.19637 2197.44662 2108.73478
2913 2196.45814 2106.38151 2196.77567 2107.18522
2914 2196.78780 2105.17643 2196.45232 2105.14681
2915 2196.41280 2104.77588 2196.47844 2100.97526
2916 2196.69696 2104.03613 2196.94785 2107.77246
2917 2196.25993 2103.76888 2196.46437 2106.61589
2918 2195.93897 2102.23438 2195.96788 2103.13053
2919 2195.70152 2102.39779 2196.14960 2098.85384
2920 2195.96694 2101.99967 2195.42762 2105.37891
2921 2196.62880 2102.27311 2195.84452 2105.24316
2922 2195.89158 2102.34668 2195.93183 2102.74121
2923 2195.90658 2101.52816 2196.41515 2098.26074
2924 2195.24608 2100.71224 2196.54423 2105.05176
2925 2196.15048 2100.66243 2197.13566 2104.28003
2926 2196.33800 2099.65527 2197.65936 2104.07943
2927 2196.13855 2100.16374 2197.49314 2100.12760
2928 2197.35667 2099.94010 2197.51661 2105.14746
2929 2196.40456 2100.73861 2197.04234 2103.75472
2930 2196.26264 2097.73893 2195.98087 2100.26921
2931 2196.62388 2098.24349 2195.90350 2096.73730
2932 2195.08932 2096.70475 2196.52295 2103.16016
2933 2195.97802 2097.28190 2196.76871 2101.51758
2934 2196.34924 2096.92448 2196.36789 2098.10181
2935 2196.90742 2097.06641 2196.08009 2092.91992
2936 2197.12133 2096.29590 2196.81841 2097.97135
2937 2197.61947 2097.05330 2196.50921 2097.08618
2938 2196.80082 2095.77637 2195.79845 2094.53027
2939 2196.37713 2095.82292 2195.89893 2089.85938
2940 2196.68109 2094.96338 2195.66227 2095.90194
2941 2197.51107 2095.06803 2196.64423 2096.64518
2942 2198.13404 2094.70996 2197.71921 2095.65332
2943 2196.87936 2093.85425 2196.44337 2089.73047
2944 2196.19758 2092.49870 2195.86845 2097.34570
2945 2197.25608 2092.66862 2196.00064 2098.47949
2946 2196.22758 2091.10938 2195.91641 2096.84635
2947 2195.90882 2091.86532 2196.09494 2091.84766
2948 2195.74175 2090.15820 2195.81834 2095.77409
2949 2196.50420 2091.34928 2196.11657 2094.87533
2950 2195.47396 2089.32780 2196.63898 2093.91992
2951 2196.02192 2090.63281 2196.90057 2090.30046
2952 2195.43531 2089.32292 2196.37031 2094.36491
2953 2195.17559 2089.81868 2196.48295 2093.08919
2954 2195.39452 2088.20215 2196.84847 2091.51921
2955 2195.47801 2088.44678 2197.17369 2087.62695
2956 2196.02951 2087.52018 2196.44567 2093.96973
2957 2196.71774 2088.34668 2196.67053 2093.13867
2958 2197.50027 2087.24089 2196.49139 2090.72282
2959 2197.61463 2087.13477 2196.44911 2086.69434
2960 2197.25370 2085.87467 2196.38850 2090.63900
2961 2196.48996 2085.36686 2196.18955 2091.47949
2962 2196.38953 2084.73600 2195.69282 2089.38021
2963 2196.98317 2084.34041 2195.93991 2085.77523
2964 2197.21993 2084.56250 2196.51183 2090.50488
2965 2197.07627 2084.27026 2196.21330 2089.19206
2966 2197.10902 2082.66764 2196.58551 2088.09082
2967 2196.49970 2082.22363 2196.79666 2083.45605
2968 2195.85288 2080.69694 2195.90072 2089.49740
2969 2195.26804 2080.61816 2195.70124 2088.07324
2970 2196.18912 2079.79785 2196.76111 2085.74821
2971 2196.50956 2080.40430 2197.24548 2081.04785
2972 2197.19408 2077.83822 2196.27399 2085.66471
2973 2196.62176 2078.52507 2196.21170 2084.31022
2974 2196.84544 2076.82845 2196.00683 2081.25163
2975 2196.49954 2077.00781 2196.78040 2075.97461
2976 2196.60753 2075.68197 2195.80535 2084.60189
2977 2195.92115 2075.76074 2194.98817 2083.21647
2978 2196.55799 2074.72884 2195.47640 2079.87793
2979 2196.99686 2074.18424 2196.14449 2074.20931
2980 2196.83913 2073.09823 2196.13603 2080.74186
2981 2197.01937 2072.52051 2196.09576 2080.25065
2982 2196.81132 2071.33138 2196.32851 2077.00033
2983 2195.95478 2070.67122 2196.10693 2071.41349
2984 2196.88176 2069.44466 2196.23362 2077.19010
2985 2195.84166 2068.22949 2197.13014 2076.89095
2986 2197.53841 2067.48307 2196.27239 2073.03743
2987 2197.12769 2066.42871 2195.62529 2067.51432
2988 2196.87135 2065.65723 2196.43927 2073.36165
2989 2197.59499 2065.56478 2196.00445 2072.19466
2990 2196.27173 2063.89714 2195.48288 2070.22819
2991 2197.54153 2064.67839 2195.66765 2063.98918
2992 2196.74815 2063.42383 2196.14867 2071.15072
2993 2197.12135 2063.83374 2195.84298 2070.02051
2994 2197.38257 2061.81510 2195.77980 2066.34082
2995 2196.20043 2062.04850 2195.77830 2062.06120
2996 2196.82236 2059.82194 2196.32770 2068.24577
2997 2195.61923 2059.34310 2196.02390 2066.67098
2998 2197.60752 2057.99349 2195.73860 2063.95573
2999 2197.71609 2057.89811 2195.95996 2058.14421
3000 2197.41651 2056.11556 2195.47843 2065.22493
3001 2197.97265 2055.74772 2195.44196 2064.16634
3002 2195.73268 2054.10286 2196.34494 2061.30306
3003 2195.86719 2052.98991 2196.55545 2055.12533
3004 2195.75496 2052.48535 2196.09313 2061.66406
3005 2196.05586 2051.79199 2195.66393 2061.17025
3006 2196.23750 2051.39974 2195.89086 2058.19824
3007 2195.94231 2051.65918 2196.36937 2053.07259
3008 2196.71920 2050.90592 2196.77478 2061.79883
3009 2196.65809 2051.51497 2196.80087 2059.44792
3010 2197.22430 2049.72607 2196.61649 2056.84578
3011 2197.63979 2049.79427 2195.80677 2049.73893
3012 2197.62682 2047.77865 2195.79706 2055.84993
3013 2196.68728 2046.74837 2196.46492 2054.02539
3014 2196.82077 2045.49642 2196.97346 2050.54622
3015 2196.32312 2044.56510 2196.39208 2045.56144
3016 2195.58018 2042.55729 2196.22516 2051.34993
3017 2196.31797 2043.30241 2196.48184 2050.81445
3018 2197.16882 2041.48787 2196.95379 2047.63607
3019 2197.44970 2042.55794 2196.77074 2042.58936
3020 2196.76000 2040.95768 2196.67380 2048.26172
3021 2197.37971 2041.03418 2196.67967 2047.59049
3022 2196.45381 2039.63070 2196.47068 2046.29199
3023 2196.78255 2039.26725 2196.47027 2040.79606
3024 2197.04138 2037.97095 2196.68388 2046.67936
3025 2195.76999 2036.38379 2196.85336 2046.47363
3026 2197.00750 2036.02091 2196.37337 2044.49414
3027 2197.11989 2034.74186 2195.94334 2040.74707
3028 2196.09676 2032.34701 2195.76293 2045.26009
3029 2196.25262 2032.02702 2195.73331 2043.71680
3030 2196.86018 2031.17993 2196.03719 2041.51367
3031 2196.74617 2031.60319 2195.89446 2036.47819
3032 2197.15104 2030.00618 2196.44725 2040.96810
3033 2197.11771 2030.13151 2196.86160 2038.20312
3034 2196.33300 2027.73047 2197.04521 2035.47949
3035 2196.58554 2028.44564 2196.86905 2030.06087
3036 2196.70592 2026.59408 2196.35838 2035.02279
3037 2196.40489 2026.53906 2195.50811 2033.40007
3038 2195.90476 2024.21159 2195.45244 2028.78158
3039 2196.46725 2023.50846 2196.07110 2024.55208
3040 2196.12617 2021.35286 2196.06325 2029.88639
3041 2195.79095 2020.51823 2197.02006 2026.98763
3042 2196.36007 2018.25944 2197.19471 2022.60124
3043 2195.86147 2017.00260 2197.06775 2015.46061
3044 2195.60400 2015.44727 2197.19146 2018.18164
3045 2196.66429 2015.08464 2196.75385 2015.36523
3046 2196.57640 2013.43392 2196.86296 2009.81087
3047 2196.39126 2012.50456 2196.47103 2001.80534
3048 2196.23522 2011.00684 2197.01839 2001.81999
3049 2196.61912 2010.00358 2197.06496 1995.96159
3050 2196.05673 2008.74349 2197.06365 1987.62565
3051 2196.50200 2007.53581 2196.69672 1976.42057
3052 2196.73689 2006.84831 2196.05706 1973.90788
3053 2195.79369 2006.66146 2196.49966 1966.81966
3054 2195.87533 2006.66764 2196.61803 1958.80241
3055 2195.63704 2008.88346 2196.43262 1945.78678
3056 2196.51245 2008.22721 2196.38344 1939.86426
3057 2195.81202 2004.49414 2196.40384 1923.96647
3058 2196.42841 1991.36068 2196.06087 1908.84245
3059 2196.09227 1966.52897 2195.93140 1909.02409
3060 2195.12336 1889.54753 2196.54079 1893.26465
3061 2195.48360 1656.82780 2197.34317 1724.41439
3062 2196.40348 1461.54395 2197.52011 1397.96842
3063 2197.01208 1304.78288 2197.77195 1240.50358
3064 2197.27064 1189.46354 2198.29303 1166.40072
3065 2195.82554 1081.83431 2198.31389 1075.25553
3066 2196.34608 972.01107 2197.61795 962.58171
3067 2195.05168 822.52181 2198.20292 865.53385
3068 2196.51500 606.33854 2199.40837 700.59635
3069 2198.72650 404.65267 2201.04390 505.41634
3070 2199.84915 331.25163 2203.99176 323.73730
3071 2199.06049 318.99447 2203.23875 323.61068
