# index row_mean_final row_mean_gain_bypassed col_mean_final col_mean_gain_bypassed (ROI A, held-out flat 4)
0 868.55807 266.95508 866.56543 109.46387
1 868.63992 267.43457 866.74049 109.60124
2 868.78793 268.06999 866.87321 109.77734
3 868.89527 268.75065 866.86238 110.01009
4 869.10969 269.62370 866.93214 110.41048
5 869.02503 271.03125 866.85765 111.75000
6 869.15575 273.23242 866.30295 166.43555
7 869.37757 276.88574 866.42292 242.04427
8 869.30967 284.08398 867.38826 309.84928
9 867.24160 301.94889 867.47741 364.12467
10 866.52370 338.99357 867.15986 411.82552
11 867.80505 385.24284 867.50124 451.52344
12 867.25157 415.99740 867.55097 492.47949
13 867.38286 444.43717 867.22460 527.09310
14 867.90390 482.73991 867.17161 629.67155
15 867.08770 566.56901 867.38787 742.87297
16 867.24120 686.22982 867.07507 771.84505
17 867.10828 733.93848 866.96945 777.89193
18 867.09813 749.27799 867.00748 783.70085
19 867.56454 758.03255 867.11226 788.66602
20 867.18266 762.51139 867.26036 791.47217
21 867.31574 765.10091 867.53004 792.47754
22 867.79250 766.31510 867.34123 792.09017
23 867.92123 767.53190 867.35806 792.60807
24 867.13521 766.67090 867.45714 794.04427
25 867.05859 767.67415 867.33533 793.93262
26 867.12003 767.56673 867.06675 793.59863
27 866.84741 768.47559 867.15457 794.26530
28 867.02438 768.31185 867.17027 795.57096
29 866.97329 769.43294 867.18934 795.44173
30 866.96274 769.39844 867.11269 795.67537
31 867.17147 770.17090 867.30870 796.36296
32 867.31420 770.52702 867.28090 797.94531
33 867.50525 771.54264 867.35641 798.28809
34 867.29818 771.57812 867.52718 798.34603
35 867.32340 772.60970 867.58765 798.75911
36 867.27655 772.97884 867.67447 799.85286
37 866.97999 773.77669 867.56316 800.25488
38 867.37100 774.44141 867.34234 800.15479
39 867.49139 775.24642 867.40222 800.60286
40 866.96079 774.68652 867.23961 801.68034
41 866.91663 775.12012 866.89699 801.58529
42 867.14997 775.35319 866.88302 801.63338
43 867.17325 775.94531 866.74988 801.86947
44 867.44906 776.78125 866.64084 802.13379
45 867.50991 777.19043 866.96348 802.70728
46 867.53063 776.82194 867.49336 803.11165
47 867.28329 777.26367 867.71347 803.54655
48 867.30820 776.78353 867.60252 804.30404
49 867.51036 777.58431 867.34359 804.44963
50 867.06595 776.97559 867.14416 804.35091
51 867.17378 778.49902 866.96184 803.95890
52 867.35087 778.44076 867.52015 805.09245
53 867.66553 779.33984 867.39202 805.04232
54 867.72295 779.31934 867.56854 805.41471
55 867.02888 779.36491 867.54089 805.69108
56 867.04321 779.39746 867.47305 805.71842
57 867.21518 779.80566 867.76587 806.26562
58 867.79376 780.37467 867.47935 805.68066
59 867.07273 780.33952 867.43091 805.64518
60 867.43620 780.71126 867.50902 806.85856
61 867.17066 780.90560 867.00916 806.69987
62 867.50103 780.93945 867.21276 806.81934
63 867.85130 781.99479 867.29444 806.83276
64 867.22830 781.60710 867.65853 809.76172
65 866.79019 782.07422 867.83515 810.14844
66 866.95022 782.35677 867.54876 809.83724
67 867.34945 783.31641 867.40839 809.83594
68 868.03119 783.84245 867.30963 810.40723
69 867.47371 783.83431 866.95947 810.50423
70 867.45838 783.72396 867.32792 810.51595
71 867.33266 784.32552 867.63583 810.23926
72 867.25552 783.95312 867.56853 810.84538
73 867.91011 785.50553 867.35266 810.82129
74 867.58770 784.90592 867.16258 810.95312
75 867.37583 785.47396 867.05392 810.37533
76 867.64914 785.99023 866.99942 811.11100
77 867.70056 786.60189 867.12014 811.71810
78 867.29259 786.56152 867.47675 812.24414
79 867.45408 787.10840 867.47327 812.54753
80 867.94194 787.46875 867.46638 812.85059
81 867.76767 787.88997 867.54024 813.38900
82 867.82842 788.11589 867.47776 813.08333
83 867.55610 788.27311 867.57581 812.93490
84 867.95097 788.87760 867.26869 813.86589
85 867.77948 788.91211 867.11581 813.98600
86 867.19951 788.60710 867.22160 814.02311
87 867.21425 789.31999 867.11896 813.87858
88 866.78784 788.99089 867.41781 814.94824
89 866.58934 789.51758 867.09605 815.06217
90 866.68542 789.71484 866.98442 814.77865
91 866.66460 790.81120 867.05588 814.59261
92 866.99006 790.83561 867.18781 814.94727
93 866.89741 791.70085 866.86917 814.60091
94 867.15634 791.62826 867.19670 814.82812
95 867.31265 792.26986 867.64621 815.33691
96 867.63382 792.52930 867.41478 816.87337
97 867.17863 792.86263 867.39010 816.91439
98 867.24722 792.46029 867.10523 817.01961
99 866.95128 792.71354 867.05025 817.59961
100 867.49229 793.23112 867.33021 818.14095
101 867.48844 793.55859 867.28947 818.59147
102 867.25621 793.30339 867.34520 818.11491
103 867.33863 793.73372 867.17169 818.30469
104 867.26514 793.80566 866.91107 818.75130
105 867.86425 794.85938 867.49868 819.72135
106 867.55382 794.60124 867.43271 819.79850
107 867.10015 794.62142 867.19472 819.98438
108 867.29497 794.59212 866.93679 820.57503
109 867.08033 795.13477 867.07792 821.26367
110 866.81411 794.46094 867.25380 821.27360
111 867.18638 795.25456 867.00311 821.33049
112 867.73123 795.42090 867.20059 821.40072
113 867.54753 795.76855 867.52164 822.07487
114 867.38838 795.24902 867.40102 821.68685
115 866.95621 795.69466 866.99488 821.80583
116 867.21055 795.33659 867.00451 821.96647
117 867.06351 796.01725 867.31103 822.14746
118 867.81398 796.55436 867.43359 822.12467
119 867.60136 797.10286 867.46014 822.65275
120 866.56740 795.91927 867.42185 822.23372
121 867.28654 797.04167 867.16605 822.50879
122 867.08245 797.02604 867.17805 822.49894
123 867.27577 797.28125 867.13438 822.58431
124 866.96017 797.21387 866.93668 822.11003
125 866.59435 797.11882 867.21867 822.71452
126 866.93088 797.32812 867.55241 823.36133
127 866.99318 797.83333 867.30735 823.47852
128 866.81222 797.69727 866.95945 824.78516
129 866.90954 798.05046 866.83256 824.39062
130 866.20043 797.24121 866.87426 824.31950
131 867.77872 799.34261 866.62374 824.03581
132 867.73255 799.07357 866.74441 824.03711
133 867.39865 799.33887 866.93039 824.27799
134 867.23230 798.97233 867.22659 824.60661
135 867.42317 799.92936 867.43380 825.13281
136 867.18030 799.73665 867.32540 825.13053
137 866.64582 799.72762 867.37037 825.50553
138 867.08166 799.48828 867.37111 825.72493
139 867.52027 800.35840 866.87075 825.30762
140 867.24184 799.64128 866.90101 824.79948
141 866.96983 799.91211 867.04720 825.78223
142 866.93700 799.98926 866.93226 825.85579
143 866.82612 800.47559 866.87409 826.16406
144 867.16894 800.54175 866.98494 825.72982
145 866.95171 800.76270 867.15685 826.22233
146 866.53989 800.64526 867.50237 826.74032
147 866.93765 801.12630 867.27195 827.19222
148 866.82784 801.27018 867.38252 826.44303
149 867.11117 801.97331 867.47173 826.87614
150 867.34883 801.88477 867.30681 826.49967
151 867.06734 802.19531 867.11650 826.15796
152 866.79145 801.47982 867.07328 826.70410
153 866.96650 802.45020 866.72302 826.84180
154 867.13249 801.98633 867.05271 826.84570
155 867.20414 802.67611 866.64778 826.50684
156 866.67060 801.80924 866.66261 825.79785
157 866.99273 802.79818 867.13150 826.73079
158 867.52436 803.03190 867.21315 826.73145
159 866.82362 803.07780 867.34063 826.29427
160 866.95766 802.99048 867.47325 827.91895
161 867.07042 803.84082 867.49796 828.40137
162 866.85739 803.82975 867.42295 828.27572
163 866.98283 804.43766 867.21335 828.00391
164 866.68122 804.14811 867.39198 828.65918
165 866.99186 804.59831 867.56319 829.59310
166 867.16641 804.60514 867.34299 829.37402
167 867.06361 804.78190 867.19170 829.37109
168 866.99122 804.76123 867.47927 829.56185
169 867.09132 805.04688 867.82535 830.36556
170 866.99327 804.89876 867.55720 830.14038
171 867.59152 805.83789 867.39753 829.78874
172 867.02918 805.35189 867.16820 829.90755
173 867.25766 806.12305 867.18836 829.89616
174 866.74287 805.58203 867.02232 829.98014
175 867.65982 806.85539 866.97628 829.50749
176 868.43144 807.18197 867.02867 830.27083
177 867.62845 807.26009 867.01239 831.02572
178 867.37871 806.71354 867.08208 830.43652
179 866.98324 807.49341 866.82833 830.15072
180 867.44159 807.41764 866.97170 830.70475
181 867.31692 807.52734 867.07467 831.12402
182 867.40727 807.01628 867.15031 830.96061
183 867.08351 807.10905 867.46004 831.09180
184 866.95848 807.12142 867.49215 831.68245
185 867.00849 807.69303 867.48331 831.71680
186 867.54405 808.34896 867.32985 831.41341
187 867.11487 808.34928 867.22651 830.97493
188 867.13003 808.24251 867.31286 831.57585
189 867.13869 808.70369 867.25133 831.79264
190 867.00905 808.52051 867.56438 831.74544
191 867.90416 810.15365 867.79304 831.62956
192 867.52150 809.32715 867.64631 832.79264
193 867.52746 809.58268 867.57453 833.11621
194 867.57333 809.50000 867.34713 832.78743
195 867.54070 809.83659 867.22187 832.61393
196 867.55920 809.79850 867.12003 833.08846
197 867.08183 810.07267 867.34404 833.48014
198 866.88540 809.51562 867.24553 832.91211
199 867.51993 810.74251 867.07362 832.60645
200 867.05959 810.00911 867.27780 833.45638
201 867.87133 811.49642 867.15808 833.24870
202 867.33900 810.63151 867.07359 833.02181
203 867.29482 811.41797 867.23758 832.40267
204 867.72686 811.48698 867.66639 833.47526
205 867.30693 811.55892 867.40258 833.88802
206 867.24814 811.58984 867.41069 834.20443
207 867.13517 811.95866 867.32055 834.21745
208 867.64258 812.16211 867.19199 834.62695
209 867.53438 812.23307 867.23271 834.41667
210 867.39042 812.13281 867.47853 834.68229
211 867.34953 812.41667 867.41237 834.59603
212 867.57166 812.51042 867.32792 834.65845
213 867.12772 812.68978 867.45610 834.65259
214 867.32041 812.70125 867.50302 834.56901
215 867.91116 813.63184 867.13672 834.27083
216 867.60358 813.11393 867.16020 834.57227
217 867.26264 813.65039 867.09504 834.46354
218 868.01458 814.44271 867.24733 834.31543
219 867.32934 814.59961 867.06336 833.93750
220 867.08806 813.83008 867.16772 834.65397
221 867.36149 814.73079 867.35642 835.45117
222 867.53992 814.59408 867.28089 835.24699
223 867.48701 814.91081 867.09046 834.78052
224 867.14648 814.31868 867.05747 836.82959
225 866.86107 814.48568 866.94200 837.22233
226 867.90116 815.33724 867.23932 836.72982
227 867.70411 815.55469 867.29747 836.13607
228 867.18208 815.05501 867.17019 837.08366
229 867.49550 815.76221 867.41552 837.33724
230 867.92934 816.32161 867.44540 837.32324
231 867.75139 816.50407 867.32208 837.00163
232 867.17685 816.09896 867.20344 837.51335
233 867.22020 816.33073 867.09870 837.57992
234 867.22933 816.48568 867.21536 837.68750
235 867.18089 816.86751 867.19924 837.75228
236 867.35151 816.69629 867.20096 837.75195
237 867.35516 816.92936 867.27779 837.83724
238 867.55338 816.54867 867.28800 837.82121
239 867.48938 817.30404 867.47806 837.85352
240 867.80756 817.25651 867.39144 839.16471
241 868.00444 818.25195 866.94723 838.11361
242 867.81452 817.86393 867.10447 838.40104
243 866.98171 817.78971 866.91940 838.01978
244 867.44225 817.69873 867.17443 839.56486
245 867.57431 818.65365 867.08398 839.58626
246 867.40293 818.41374 866.99215 838.84831
247 867.34714 818.98429 866.90110 838.25643
248 866.43184 818.01595 866.91699 838.80103
249 867.52083 819.31445 867.40835 839.40495
250 867.53758 819.25651 867.53511 839.22396
251 867.54823 819.27051 867.33251 838.54378
252 866.92843 818.88444 867.44912 839.50423
253 866.81563 819.04134 867.44479 839.70288
254 867.55034 819.48893 867.37707 839.30013
255 867.67011 819.93587 867.47257 839.67285
256 867.72034 820.05176 867.45010 839.03255
257 867.39729 820.29427 867.46201 838.62695
258 867.07499 820.01270 867.34230 838.84245
259 867.55371 821.33236 867.19020 838.67529
260 867.14285 820.49821 867.05034 839.52352
261 867.49091 821.14518 867.31801 839.30802
262 866.87785 820.50618 867.38052 839.47396
263 866.45885 820.91406 867.58151 839.97168
264 867.31579 821.42627 867.27567 840.51042
265 867.14421 821.52018 867.09680 840.09342
266 867.11689 821.13249 867.48255 839.95898
267 867.32512 821.77686 867.55179 839.96680
268 866.81708 821.11060 867.77558 841.09904
269 866.97228 821.79704 867.66786 841.07275
270 867.49385 821.95508 867.27536 840.38574
271 867.57829 822.82487 867.25635 840.50618
272 867.36528 822.47493 867.31766 840.91960
273 867.63913 823.32780 867.35024 841.17285
274 867.35750 823.33561 867.45618 840.78971
275 867.23484 823.36914 867.40569 840.59538
276 867.13007 823.35384 867.16730 840.87337
277 867.34342 823.74805 866.94611 840.57780
278 867.57693 823.45540 866.88260 840.13184
279 867.25301 823.74561 867.08460 840.30273
280 867.39400 823.82943 867.25123 841.20540
281 866.95361 824.08919 867.36703 841.05534
282 867.76214 824.20378 867.37082 840.75228
283 867.45090 824.68164 867.13739 840.55859
284 867.42057 824.55501 866.67142 841.24618
285 866.44533 824.31934 867.22360 841.20280
286 867.09930 824.76660 866.86012 840.98405
287 867.10469 825.15723 866.59737 840.82617
288 867.02381 825.05827 866.66566 842.65828
289 867.49802 825.91960 867.26922 843.37109
290 866.79792 825.15527 867.43278 842.52563
291 866.65902 825.26562 867.24353 842.34017
292 867.09179 825.40177 867.65685 843.32878
293 867.38008 825.78060 867.45002 843.11426
294 867.98759 826.09408 867.57271 843.06250
295 867.28998 825.88477 867.09843 842.37467
296 866.96401 825.63249 867.03872 843.11686
297 866.83704 825.89876 866.95377 843.16960
298 867.18464 826.34806 867.20697 842.83952
299 866.92041 826.44564 867.04002 842.96468
300 866.65125 826.37891 867.00260 843.11849
301 866.76827 826.74316 866.88434 843.33927
302 866.46850 826.57780 867.21983 843.33887
303 867.01969 827.69108 867.38547 843.42936
304 867.44793 827.69173 867.35071 843.62907
305 867.34281 828.24935 867.55303 843.81934
306 867.23388 827.26383 867.62635 843.51855
307 866.85233 827.63509 867.33647 843.20085
308 867.15180 827.38932 867.42830 844.06226
309 867.13580 827.93001 867.55353 844.26009
310 867.62907 828.21484 867.76627 844.19141
311 867.33742 828.19792 867.38330 843.91178
312 867.11567 828.01823 866.93678 843.67155
313 867.22417 828.63118 867.38512 844.31608
314 867.60328 828.94434 867.14860 844.08822
315 867.08848 829.03092 866.89242 843.72038
316 866.71948 828.81014 867.02987 844.58008
317 866.98374 829.31966 867.09884 844.58203
318 866.99577 829.15592 867.12202 844.51465
319 867.19983 829.86914 867.45778 844.38574
320 866.89525 829.25586 867.12247 845.68001
321 866.97331 829.51953 867.43048 846.22396
322 866.72126 829.19531 867.29473 845.97298
323 867.07059 829.99251 867.26560 846.07064
324 868.07160 830.66732 867.13048 845.99219
325 867.28536 830.44727 867.29301 846.14478
326 866.45548 829.79915 867.18769 845.62012
327 866.60468 830.59896 867.11543 845.55306
328 867.01891 830.35189 867.20368 846.54395
329 867.68711 831.83748 866.76573 846.26758
330 866.90504 830.89681 866.99945 846.31868
331 867.61167 831.94271 866.96773 845.94857
332 867.12823 831.12467 867.12722 846.75977
333 867.28482 831.58919 867.19532 846.89844
334 867.71535 831.98665 867.37649 846.64876
335 867.39195 831.81551 867.45124 846.55729
336 867.46813 831.83952 867.42206 846.88932
337 867.71676 832.25553 867.27537 846.64616
338 867.84040 832.32796 867.32685 846.66960
339 867.19918 831.82023 867.03045 846.56641
340 866.93232 831.65332 867.06936 847.09212
341 866.82981 832.10775 867.23330 847.62793
342 867.18439 832.37272 867.26913 847.17285
343 867.78328 833.59408 867.87154 847.39242
344 867.40178 833.05924 867.88972 847.61361
345 867.56660 833.53939 867.94363 847.93001
346 866.80932 832.85059 867.93103 847.33179
347 867.22942 834.08659 867.56476 847.27214
348 867.71238 834.10938 867.58161 847.69564
349 867.23276 833.90820 867.14482 847.61296
350 867.08596 833.43815 867.35713 847.39355
351 867.57656 834.33333 867.75764 847.57747
352 866.92771 833.81120 867.63845 849.29850
353 867.61782 834.81283 867.37082 849.02344
354 867.76866 834.91113 867.61873 848.81934
355 868.09772 835.84733 867.27160 848.81185
356 868.32819 835.96094 867.38947 848.96615
357 867.48013 835.66504 867.76204 849.53320
358 867.01641 835.24121 867.59812 849.14974
359 867.31687 835.86865 867.54036 849.09383
360 867.35158 835.73120 867.30416 849.57682
361 867.02825 835.62272 867.18204 849.65690
362 867.37810 835.98796 867.36668 849.85449
363 867.46241 836.21549 867.14401 849.88281
364 867.84074 836.41895 867.46148 850.15202
365 867.11531 836.35059 867.58610 850.55957
366 867.43383 836.23861 867.67263 850.95638
367 867.23684 836.85059 867.74398 851.51009
368 867.71606 837.08757 867.49860 851.00472
369 867.56391 837.51172 867.47379 850.91504
370 867.00392 836.90560 867.75720 850.53776
371 866.57148 837.18522 867.58825 850.54134
372 867.46230 837.58203 867.22670 850.81999
373 867.20783 838.20801 867.79882 851.59212
374 867.40068 837.80656 868.10050 851.36784
375 867.16380 837.70410 867.73687 850.57926
376 866.74794 837.15137 867.45853 850.06217
377 867.50425 838.33431 867.33673 850.26270
378 867.53234 838.26774 867.37539 850.15885
379 867.95900 838.84733 867.57428 850.32096
380 867.20415 838.68294 867.62008 850.92122
381 866.66243 838.34017 867.82710 851.77254
382 867.47636 838.92749 867.91492 851.49805
383 867.48857 839.52832 867.50235 850.79980
384 867.38827 839.26790 867.35881 852.27767
385 866.97975 839.37012 867.17401 852.46387
386 866.60734 838.85579 867.17724 852.69238
387 867.42545 840.38346 867.04045 852.44108
388 867.14872 839.66732 867.22117 852.72201
389 867.26194 840.10710 867.36355 852.90104
390 866.64034 839.29590 867.54313 853.22233
391 866.55654 839.62793 867.13248 853.16829
392 867.24914 839.83887 867.14696 853.01660
393 867.44564 840.62443 866.94272 852.98730
394 867.56344 840.44596 867.14675 853.17179
395 867.61261 840.98372 866.99093 852.89128
396 867.59618 840.96745 867.20619 853.61654
397 867.66490 841.63859 867.28071 853.84017
398 867.50711 841.05111 867.44302 854.26530
399 867.00947 841.30794 867.38451 854.23991
400 867.11801 841.20736 867.31524 854.01693
401 867.63764 841.74797 867.03903 854.29525
402 867.57101 842.16439 867.13083 853.99284
403 867.04594 841.51270 867.24663 854.28581
404 867.33000 841.86035 867.33130 854.11784
405 867.29534 841.86361 867.73569 854.82845
406 866.97212 841.56901 867.53653 855.03385
407 866.62382 841.73112 867.24415 854.22526
408 867.33288 841.95345 867.08734 854.48372
409 867.86823 843.22233 867.03615 854.99772
410 867.72672 842.75399 867.03667 855.00879
411 867.37782 843.22233 866.91627 854.45345
412 867.26803 842.78092 866.75423 853.74902
413 867.43606 843.39128 867.14856 854.32259
414 867.41915 843.19434 867.53353 854.15007
415 867.67922 843.70280 867.57646 854.24316
416 867.66686 843.29590 867.61889 855.62760
417 867.82468 843.74707 867.51291 855.81934
418 867.69852 843.34212 867.20991 855.53971
419 867.64471 843.71842 867.53725 855.58236
420 867.32471 843.38314 867.49990 856.44531
421 867.50821 843.97754 867.49099 856.76432
422 867.30756 843.69076 867.27276 856.49609
423 866.75313 843.61328 866.97890 856.09497
424 867.23370 843.94401 866.81005 856.27539
425 866.85423 843.91374 866.93818 856.77409
426 867.54691 844.83675 867.46925 856.26367
427 867.43565 845.09570 867.42121 855.75846
428 867.67536 845.21647 867.23802 856.60742
429 867.52319 845.47689 867.24886 857.20654
430 867.38793 845.03288 867.41021 857.45378
431 867.33620 845.24683 867.60204 856.91504
432 866.92026 844.65007 867.65919 857.50911
433 866.88208 845.07682 867.37733 857.67025
434 866.24034 843.99382 867.59923 857.27246
435 867.00010 845.48071 867.80864 857.06836
436 867.07624 845.22168 867.57256 857.08822
437 867.86483 846.23763 867.59031 857.50244
438 867.74609 845.92253 867.56178 857.51042
439 867.22716 846.02995 867.76234 857.00423
440 867.00138 846.19824 867.23932 856.99259
441 866.86871 846.36947 867.48477 857.17057
442 867.26556 846.64681 867.53862 856.64844
443 867.50872 846.93701 867.44981 856.37533
444 867.02647 846.44629 867.41034 857.21712
445 867.20247 846.84017 867.47007 857.70923
446 867.05631 846.46354 867.36291 857.20540
447 867.67565 847.26432 867.30346 856.99023
448 867.36667 846.64486 867.10447 858.55273
449 867.70073 847.28678 867.36823 858.88053
450 867.51219 846.85612 867.56782 859.03483
451 867.67900 847.40324 867.43290 858.49202
452 868.40605 848.19466 867.43511 859.53451
453 867.40416 847.84277 867.44364 859.78548
454 867.36491 847.53353 867.59213 859.68945
455 866.87129 847.88802 867.48147 859.40015
456 866.98414 847.29980 867.02853 859.17155
457 867.71111 848.78613 867.36119 859.49935
458 867.57086 848.01953 867.19819 859.50195
459 867.71912 848.64518 867.42522 859.47428
460 867.58170 848.31803 867.21074 860.07845
461 867.37294 848.17090 867.28829 859.97746
462 868.05616 848.84147 867.14572 859.92318
463 867.62957 848.74935 867.66246 860.25033
464 867.41306 848.41992 867.83380 861.09180
465 866.92790 848.29818 867.86385 860.69108
466 867.39792 849.07357 867.63684 860.29232
467 867.89479 850.05566 867.18914 859.89583
468 867.15025 849.33822 867.07110 860.78288
469 866.94304 849.34147 867.12989 860.71842
470 867.22220 849.48372 867.37655 860.34342
471 867.36259 849.92904 867.02874 860.05436
472 867.49696 849.71875 867.19607 860.52051
473 867.65242 850.16439 867.07453 860.06543
474 867.67353 849.72005 866.91142 859.33171
475 867.61437 850.48340 866.67998 859.12500
476 867.23211 849.50977 867.10731 860.22754
477 867.16406 850.02018 866.92855 860.22721
478 867.13777 849.56478 866.93032 860.28581
479 866.98003 850.02702 867.10481 860.40234
480 867.18116 850.04883 867.28544 862.39323
481 867.53491 850.99219 867.15503 862.29850
482 867.51166 850.67220 867.22597 861.92839
483 867.13495 850.68424 866.99041 861.33919
484 867.13705 850.83024 867.14142 862.32812
485 866.78416 850.83260 866.96444 861.81901
486 867.30059 851.00846 867.21558 861.92578
487 867.14897 851.06738 867.48824 862.06510
488 867.34319 850.86914 867.41974 863.13086
489 866.84845 850.69499 867.72135 863.55599
490 867.02640 851.08789 867.87614 863.45443
491 866.69318 851.00228 867.49998 862.74772
492 867.16791 851.52669 867.52555 863.28581
493 867.09364 851.92822 867.84927 863.25749
494 867.58881 852.08952 867.82139 863.31185
495 867.12567 852.30046 867.81799 862.60213
496 867.23187 852.19678 867.42788 863.53906
497 867.72793 853.01815 867.60583 864.15137
498 867.58412 852.61230 867.24621 863.29915
499 866.94670 852.77474 867.55904 863.33431
500 867.58690 852.89583 867.70827 864.43359
501 867.49543 853.08008 867.31622 864.04720
502 867.59585 852.72428 867.14228 863.00594
503 867.24768 853.10547 867.07673 863.01562
504 866.95627 852.35514 867.54650 863.67773
505 867.25706 852.94206 867.26711 863.44295
506 866.75943 852.18685 867.40519 863.31950
507 867.03783 852.55436 867.32361 863.52246
508 867.17384 853.26823 867.23619 864.20020
509 866.93353 853.66113 867.47503 863.88802
510 867.74826 854.10579 867.13279 862.61719
511 867.23360 854.13737 867.24576 863.49316
512 867.61712 853.51530 867.26336 872.99967
513 867.44741 854.32397 867.51155 874.01986
514 866.94966 853.61133 867.63886 874.16634
515 867.11198 854.10026 867.23838 873.05013
516 867.24108 853.82812 867.33993 872.96598
517 867.33720 854.47965 867.29975 873.02767
518 867.26508 854.21159 867.32298 873.86808
519 866.56649 854.33268 867.36653 873.16211
520 867.33518 854.30477 867.21220 871.79386
521 867.04651 854.72835 867.43368 872.53613
522 867.40847 854.78483 867.09696 872.36426
523 867.60022 855.49967 866.99478 872.36621
524 866.34082 854.02279 867.49232 872.11523
525 867.81733 855.62337 867.44728 872.46159
526 867.65196 855.37760 867.50499 872.73503
527 867.34435 855.56641 867.02178 871.78516
528 867.24398 855.21029 867.17571 871.85775
529 867.65224 855.76367 867.32226 871.89201
530 867.70317 855.74967 867.50801 872.00879
531 867.62198 855.53158 867.64447 872.50684
532 867.36084 855.52539 867.10587 871.87174
533 867.39128 855.79785 866.59502 871.69661
534 867.43983 855.72005 866.75405 871.07951
535 867.32174 856.50098 867.16962 871.10905
536 867.07285 855.88379 867.02698 871.11784
537 867.06087 856.44840 867.58786 872.19792
538 867.45755 856.31641 867.83937 872.40853
539 867.77331 857.44556 867.60103 871.96696
540 867.55821 856.86613 867.31400 871.93783
541 867.22645 857.37174 867.35510 872.09049
542 867.42508 857.11141 867.11406 871.62988
543 867.03002 856.99056 867.40930 871.52832
544 867.49619 856.78996 867.24490 872.47135
545 867.18748 857.18099 867.29585 872.80501
546 867.54340 857.24569 867.13164 872.44401
547 867.61728 857.92188 867.47055 872.42708
548 867.11263 857.22656 867.55391 872.58366
549 867.19859 857.72656 867.18109 872.45345
550 867.88523 858.21777 867.18792 872.49089
551 866.80993 857.77051 867.18614 872.36068
552 866.93146 857.60449 867.18761 872.80762
553 867.20760 858.16724 867.11656 873.20540
554 867.88911 859.09660 867.64630 873.63379
555 867.57173 858.82487 867.30303 872.91569
556 867.35723 858.33398 867.63730 872.67676
557 867.47214 858.66048 867.79141 873.53353
558 867.22638 858.12793 867.84649 874.35156
559 866.98110 858.46940 867.23360 873.50391
560 867.78094 858.87402 867.31004 873.55013
561 867.02549 858.92643 867.29936 874.02189
562 867.44719 858.71159 867.29995 873.93587
563 867.74423 859.69141 867.21746 872.92830
564 867.83705 859.27148 866.94521 872.66374
565 867.03778 859.49512 867.31955 873.26921
566 866.88438 859.07975 867.42911 873.40267
567 867.48359 860.03158 867.31567 873.10124
568 867.29464 859.44010 867.38926 872.76009
569 867.60816 860.19206 867.31313 873.23958
570 867.45345 859.80729 867.26869 873.64062
571 867.13504 859.74316 867.41884 873.30664
572 867.29426 859.73047 867.48515 873.86100
573 866.94560 859.88118 867.68025 873.25553
574 866.77360 859.27930 867.67839 873.23812
575 867.36546 860.30306 867.44406 872.81885
576 867.27790 859.85677 866.73672 874.43978
577 867.53175 860.41992 867.25683 875.31868
578 867.43866 860.43783 867.38978 874.49837
579 867.58459 861.15951 867.38574 874.02767
580 868.31830 861.64290 867.26086 874.36361
581 867.76557 861.74186 867.49429 874.75944
582 867.87657 861.38770 867.11307 874.54980
583 867.44172 861.70833 867.18568 874.43132
584 867.58353 860.89095 867.58476 875.62386
585 867.82399 861.78418 867.48603 875.41146
586 867.44967 860.72754 867.73171 875.43066
587 867.24341 861.12557 867.44193 874.37533
588 867.80109 861.39909 866.98570 874.34147
589 867.61708 861.71126 867.26631 874.51725
590 867.84180 861.92806 867.03600 874.50553
591 867.43623 861.95312 867.12763 874.11393
592 867.54908 861.80827 867.45630 874.71452
593 867.61219 862.19466 867.31007 874.43343
594 868.18662 862.68359 867.48205 874.36751
595 868.53736 863.17301 867.26891 873.48568
596 867.29866 861.75195 867.03770 874.39730
597 867.23995 861.97168 867.09316 874.33333
598 867.09663 861.39811 866.66514 873.48893
599 867.26057 861.90332 867.06459 873.36922
600 867.18808 861.56543 867.33766 874.07202
601 867.15294 862.31934 867.06395 873.76042
602 866.83527 861.71712 867.13639 873.68587
603 867.20079 862.55046 867.22388 873.45475
604 867.71793 862.18783 867.22659 873.70540
605 867.46991 862.75846 867.44376 874.07422
606 867.32788 862.42855 867.49310 873.64323
607 867.13277 862.86133 867.35925 872.64746
608 867.09976 862.61947 867.69704 875.13053
609 867.02945 863.21875 867.23965 874.73112
610 867.54375 863.21191 867.14308 875.03646
611 867.34533 863.38965 867.07869 874.24593
612 867.54309 863.36076 867.10837 874.51619
613 867.26396 863.59928 867.49450 874.70443
614 867.42976 863.28158 867.49224 874.84831
615 867.52582 863.75749 867.46069 874.40234
616 867.67868 863.82161 867.40681 875.44759
617 866.75738 863.33659 867.59638 875.70703
618 867.20790 863.59538 867.34987 875.39616
619 867.58284 864.20117 867.64139 875.62956
620 867.55756 863.98112 867.53187 876.74284
621 868.01701 864.73991 867.59101 876.17904
622 867.49271 863.93783 867.16027 875.46224
623 867.25222 864.47135 867.12328 875.27824
624 867.62000 864.44784 867.28061 875.69108
625 867.26660 864.64388 867.32020 875.26579
626 867.40649 864.15885 867.31361 875.04036
627 867.33308 864.85221 867.01389 874.62142
628 867.52841 864.47127 867.19479 875.90592
629 867.36800 864.96094 867.25285 875.89746
630 867.39826 864.46452 867.25882 875.61947
631 866.98047 864.51888 867.31012 875.26790
632 866.92916 864.39225 867.43793 875.80615
633 866.79950 864.57845 867.64906 876.33333
634 866.90816 864.80469 867.72650 876.35319
635 867.75382 865.74479 867.52165 875.46981
636 867.39598 865.43286 867.09411 875.74577
637 866.70887 865.06706 867.47116 876.11882
638 867.16417 865.14681 867.80176 876.01270
639 866.94436 865.27344 867.65143 875.02083
640 867.19799 865.07747 867.34101 877.46810
641 866.97041 865.33293 867.23390 876.92822
642 866.83850 864.75529 867.23996 876.84603
643 867.11200 865.64388 867.14188 876.51758
644 867.70641 865.80998 867.27924 877.00301
645 867.74916 866.45638 867.39119 877.16593
646 867.38833 866.06787 867.51165 877.30729
647 866.50973 865.97917 867.54728 877.00293
648 867.21119 865.99382 867.43195 877.24609
649 867.55731 866.82324 867.75161 877.44010
650 867.07105 866.12988 867.75104 877.53060
651 867.25758 866.73275 867.45328 876.81608
652 866.90029 866.04264 867.32003 877.59587
653 867.68487 867.17505 867.38263 878.06380
654 866.99684 866.23421 867.49363 877.77832
655 867.06952 866.87044 867.60434 877.40332
656 867.34163 866.62109 867.43126 877.60677
657 867.62725 867.13314 867.37409 877.71029
658 867.52223 867.47005 867.65000 877.74089
659 866.86753 867.02311 867.57194 877.55371
660 866.99472 867.15007 867.58952 877.84961
661 867.39451 867.65592 867.76864 877.70605
662 867.55374 867.60612 867.40845 877.18424
663 867.40654 868.13867 867.11135 876.23145
664 867.56852 867.82910 867.28434 877.99341
665 867.10529 867.84993 867.84850 878.27669
666 867.53931 867.57096 867.68178 877.67546
667 867.56995 868.48535 867.28927 876.82910
668 867.62415 867.97135 867.37696 877.69238
669 867.59174 868.33854 867.28116 877.60091
670 867.72883 868.06934 867.43676 877.31641
671 867.95676 868.64160 867.52362 876.56966
672 867.61644 867.89811 867.75041 878.79460
673 867.77448 868.97461 867.16994 878.33594
674 867.36473 868.39714 866.99043 877.88053
675 867.16584 868.71159 867.42250 877.45866
676 867.26240 868.36466 867.62160 879.09408
677 867.35601 868.75716 867.31617 878.58171
678 867.12287 868.55208 866.65393 877.84928
679 867.18191 869.04443 866.79966 876.62012
680 867.40851 868.92676 866.90519 878.15365
681 867.42337 869.09831 867.15655 878.78678
682 868.03895 869.65267 867.17000 878.45801
683 867.62108 869.33040 867.17789 877.32747
684 867.42898 868.70736 866.93885 878.96745
685 867.66961 869.48307 866.99540 879.35604
686 867.63535 869.29858 867.36502 879.46501
687 867.42488 869.82161 867.57045 878.67969
688 867.23037 869.30794 867.60386 880.52637
689 867.59165 870.58464 867.08306 879.73958
690 867.22911 869.64551 867.13290 879.57487
691 867.17476 870.14779 867.56797 878.78451
692 867.37327 869.64819 867.74740 880.06901
693 867.55888 870.45931 867.66856 880.00326
694 867.78056 870.29688 867.45789 879.73307
695 867.36513 870.29525 867.74562 878.40926
696 867.40424 869.96680 867.50759 879.46517
697 867.73208 870.57617 867.45810 879.49284
698 867.64433 870.54738 867.26822 878.50488
699 867.64126 870.61117 866.95940 877.40137
700 867.40053 870.68327 866.77058 878.82780
701 867.27092 871.07259 867.07390 879.39657
702 867.60271 871.41423 867.27201 878.95703
703 867.75666 871.65674 867.14610 877.89551
704 867.48405 871.15438 867.35293 880.96842
705 866.87597 870.94824 867.85322 881.59017
706 866.99065 871.18522 867.51628 880.97144
707 867.22877 871.89209 867.45412 879.95996
708 868.04187 871.81250 867.56096 881.76294
709 867.27960 871.42773 867.31853 881.31217
710 867.29760 870.96419 867.41617 880.70736
711 867.27049 871.64583 867.45234 879.95443
712 867.64159 871.37240 867.51550 881.79980
713 868.02404 872.43237 867.13111 881.48926
714 867.38713 871.24178 867.16763 880.96647
715 867.31153 871.90267 867.14016 879.39844
716 867.15665 871.78060 867.00354 880.91211
717 867.52146 872.32812 867.33633 881.03874
718 867.65005 872.36035 867.44049 881.42839
719 867.19271 872.35026 867.28600 879.45190
720 867.19547 872.17912 867.26203 880.73698
721 867.39774 872.45703 867.41694 880.34147
722 868.03171 872.91748 867.21635 880.46354
723 868.71034 873.95369 867.52574 880.01497
724 867.54998 872.44238 867.66546 881.05013
725 867.60319 872.76416 867.75446 880.93717
726 867.66635 872.39258 868.09592 881.67334
727 867.44171 872.59285 867.63125 880.22396
728 867.19578 872.42448 867.43667 881.59115
729 867.25732 873.09375 867.66796 881.48600
730 867.48319 873.02148 867.85194 881.65381
731 867.52902 873.65771 867.46658 879.93620
732 867.79798 873.19694 867.30575 880.96208
733 867.67126 873.95345 867.92498 881.85319
734 868.01410 873.93392 867.71747 881.20809
735 867.41052 873.83691 867.43174 879.70703
736 867.06819 873.17188 867.13142 881.91016
737 867.29969 873.50749 867.21092 882.19686
738 867.16687 872.98381 867.24655 881.95898
739 867.56266 873.78939 867.13432 880.48372
740 867.62875 873.79948 867.23494 882.27832
741 867.33892 873.86060 867.48407 882.68457
742 867.84551 874.04354 867.17292 881.84408
743 867.37138 873.96908 866.84832 880.40202
744 867.23761 873.92383 866.86541 881.36035
745 867.54386 874.41146 867.01987 882.62891
746 867.60782 874.56087 867.17494 882.61589
747 867.44874 874.84473 867.32608 881.84538
748 867.35305 874.46517 867.27958 882.47689
749 867.82358 875.35400 867.39973 882.61816
750 867.91433 874.93555 867.47476 882.46322
751 867.38748 874.97396 866.89388 881.27148
752 867.31534 874.16992 867.30527 883.05762
753 867.83027 875.46908 867.38273 883.62956
754 867.71026 874.70605 867.19144 882.61263
755 867.48071 875.14193 866.94708 881.12012
756 867.57493 874.79395 867.36865 882.96680
757 867.51647 875.68294 867.58949 884.04622
758 867.20574 874.94629 867.69814 882.86198
759 867.23028 875.20085 867.80371 881.69759
760 867.23624 874.83822 867.54722 883.29167
761 867.22473 875.38688 867.23651 883.22396
762 867.36471 875.80306 867.54933 883.05794
763 867.55722 875.90853 867.70394 882.19629
764 867.77835 875.93620 867.70017 883.42546
765 867.00058 875.43652 867.43387 883.94727
766 867.00094 875.10254 867.10262 883.35091
767 867.15377 875.67611 867.30592 882.26855
768 867.60625 875.58919 867.25155 877.05762
769 867.86927 876.32764 867.26626 876.69238
770 867.02679 875.59115 867.13635 876.28996
771 867.52137 876.76139 867.07886 874.93717
772 867.29828 875.97746 866.99460 876.52995
773 867.69120 876.52441 867.41788 876.35645
774 867.55384 876.49121 867.92079 876.58561
775 866.94340 876.36418 867.29271 874.63314
776 867.47791 876.34701 867.23185 876.54460
777 867.53338 876.89355 867.20302 876.33865
778 867.34294 876.64811 867.23316 875.98568
779 867.33121 876.95719 867.15476 874.65723
780 867.07763 876.12728 866.91446 876.80371
781 867.91801 877.03849 866.98591 876.89518
782 867.41713 876.35156 867.27127 876.80208
783 867.43056 877.01261 867.15248 874.57731
784 866.89204 876.34440 867.49500 877.76139
785 866.76093 876.35645 867.52636 878.32878
786 867.20455 876.99121 867.45934 877.56413
787 867.00740 876.75716 867.07067 875.11100
788 867.22917 877.08301 866.99090 877.48633
789 866.92002 876.87565 867.62085 877.87663
790 867.12007 876.86393 867.74812 877.07520
791 867.26961 877.46354 867.44086 875.04232
792 867.40785 877.25944 867.42470 877.61328
793 867.45217 878.03678 867.38119 877.16113
794 867.40659 877.13672 867.31330 876.12305
795 867.77026 878.07096 867.36155 874.59538
796 867.21156 877.02637 867.31316 877.39119
797 866.92195 877.56152 867.34179 876.56055
798 867.34066 877.69922 867.83610 876.14844
799 867.31701 877.71240 867.87788 874.85059
800 867.60064 877.57845 867.59350 879.05143
801 867.32797 878.07682 867.41585 878.72884
802 867.24635 877.86174 867.53609 877.41821
803 867.25091 878.53158 867.01216 875.57585
804 867.69847 878.61914 867.12808 878.92025
805 867.67576 878.77897 867.22166 878.56738
806 867.07994 878.12467 867.43257 877.39323
807 867.41529 878.57096 867.21611 875.75684
808 867.34755 878.12891 867.38118 878.83822
809 866.71454 877.38835 867.71852 879.03174
810 867.75778 878.66284 867.82957 878.22396
811 867.77359 879.04948 867.46382 876.27181
812 867.47450 878.56283 867.23216 878.34668
813 867.34642 878.70247 867.30462 877.77686
814 867.01159 878.18815 867.25777 876.93880
815 867.58365 879.27799 867.57079 875.71517
816 867.50823 878.76562 867.62355 878.68726
817 867.22294 879.08333 867.13813 877.66439
818 867.26165 878.60547 866.93398 877.20508
819 867.69082 879.85449 866.88129 875.61784
820 867.70932 879.16862 867.30725 878.66569
821 867.28484 879.18913 867.24404 878.16276
822 867.28933 878.83529 866.79239 876.76107
823 867.32927 879.20378 866.93003 875.42057
824 867.14201 878.92611 867.14927 878.26042
825 867.40476 879.52799 867.33326 877.59570
826 867.28267 879.24642 867.30660 876.55249
827 867.32301 879.43424 867.33439 874.92212
828 867.00935 879.26725 867.29903 877.67220
829 866.47913 878.99121 867.33299 877.51888
830 867.34420 879.54134 867.31006 876.94466
831 867.30566 879.78971 867.54075 875.35669
832 867.56839 879.75911 867.81530 880.16276
833 867.69765 880.18457 867.82412 879.50684
834 867.70235 880.15365 867.48156 878.88403
835 867.21413 880.03190 867.23254 877.40820
836 867.47646 879.75033 867.37875 879.65495
837 866.96639 879.45280 867.76225 879.36157
838 867.05449 879.24089 867.53638 878.50521
839 866.73972 879.62598 867.43082 876.18001
840 866.86200 879.19824 867.55189 879.38607
841 867.53029 880.54655 867.36238 879.26090
842 867.13988 879.50977 867.72455 879.10547
843 867.21326 880.12638 867.56067 877.03101
844 867.07085 880.00130 867.35390 879.54720
845 867.39345 880.19987 867.36345 879.33683
846 868.25591 881.24674 867.65098 878.81478
847 867.02142 880.31217 867.36340 876.68595
848 867.21458 880.11947 867.16789 878.86393
849 867.64056 880.56445 867.36934 878.68750
850 867.80119 880.64421 867.42708 877.75326
851 868.10223 880.77799 867.64998 876.18522
852 866.79178 879.96387 867.47343 878.92716
853 867.21875 880.64771 867.22590 878.47982
854 867.46347 880.38672 867.50398 878.23828
855 867.63839 881.09896 867.16371 876.16536
856 868.38752 881.77409 867.07994 878.20378
857 867.68647 881.57292 867.42451 878.43783
858 867.80979 881.06315 867.54312 877.92741
859 868.05984 881.97428 867.41740 876.13965
860 867.84738 881.23869 867.32795 878.23177
861 867.30663 881.24089 866.93210 877.31999
862 867.03016 880.60482 867.06439 877.02311
863 867.02867 881.19173 867.06813 876.01758
864 867.35292 881.06087 866.85291 879.47087
865 867.79845 881.46419 867.28123 879.08797
866 868.01217 881.46061 867.16055 878.27116
867 867.38746 881.53255 867.54292 877.46159
868 867.28304 881.55371 867.56763 879.58887
869 867.29290 881.71077 867.24045 878.81901
870 867.07715 881.43001 866.97477 878.41927
871 867.43849 882.26465 867.23901 877.60295
872 867.78638 882.24414 867.35267 879.89811
873 867.58984 882.18457 867.63790 880.34701
874 867.63384 882.37500 867.26803 880.05990
875 867.48572 882.35449 866.98965 878.08105
876 867.68881 882.22852 866.88599 879.48324
877 867.41302 882.24219 866.87658 879.24023
878 867.41457 881.85742 866.74455 878.63118
879 867.51630 882.41602 866.87339 877.92879
880 867.47459 882.23828 866.89845 879.20638
881 867.45094 882.70996 867.39015 879.87533
882 867.57144 882.24577 867.53361 879.90177
883 868.09396 883.44434 867.06994 878.33366
884 868.06611 882.69979 867.19473 880.23193
885 868.23400 883.36230 866.59699 879.53776
886 868.13465 882.80241 867.16738 879.47168
887 867.81926 883.10286 867.23570 878.62793
888 867.35329 882.50130 867.05247 879.88680
889 867.32407 882.81095 867.41635 879.97201
890 867.51212 883.06795 867.18589 878.52441
891 867.97531 883.23177 867.05895 877.27181
892 867.78837 883.26628 866.98621 879.28190
893 867.06194 882.70801 867.05654 879.16878
894 867.09084 882.41634 867.29446 878.27637
895 867.88046 883.83431 867.08832 876.97103
896 868.33595 883.71810 867.01519 880.63208
897 867.43934 883.42090 867.16086 880.52881
898 866.88163 882.57121 867.27142 880.89811
899 867.70809 884.05143 866.58368 878.81901
900 867.39668 883.37118 866.74441 880.59058
901 867.84459 884.22103 867.13571 880.99186
902 867.73452 884.07357 866.97026 880.30859
903 866.41515 883.20312 867.01489 879.47640
904 867.60786 883.60059 867.21057 881.26823
905 867.55706 884.25553 867.36632 881.20801
906 867.97296 883.98372 867.07969 880.34570
907 868.01669 884.48730 867.11181 878.93392
908 867.38791 883.73145 867.58825 881.31600
909 867.89117 884.50879 867.39162 880.83203
910 867.38971 883.95703 867.46322 880.47811
911 867.55162 884.58838 867.56058 879.69499
912 867.97169 884.54989 867.55116 881.64876
913 867.00940 883.77441 867.01839 881.12337
914 867.75095 884.80436 867.02120 880.52507
915 867.57022 884.61865 867.31186 879.93424
916 867.64828 884.90234 867.02293 881.36296
917 867.80767 884.93717 866.89212 881.03125
918 867.37492 884.20215 867.54731 880.55794
919 867.22647 884.56348 867.42497 879.18685
920 867.54822 884.47493 867.33628 881.35254
921 867.54272 885.21737 867.31622 881.17472
922 867.30962 884.36296 867.60036 880.74512
923 867.91350 885.70312 867.25512 879.17806
924 867.80996 885.35742 867.31285 881.24674
925 867.43225 885.54460 867.18425 880.51986
926 867.19859 885.00163 867.59256 880.19238
927 866.83111 884.78638 867.48417 878.53971
928 868.03998 885.75529 867.53122 882.08285
929 868.04338 886.22201 867.29639 881.86556
930 867.33811 885.03223 867.01976 881.35059
931 867.32346 885.13704 866.78922 879.22591
932 867.26380 884.85742 867.41854 881.97852
933 867.81638 885.66634 867.43645 882.23999
934 867.84319 885.51562 867.58800 881.80599
935 867.40524 885.45150 867.16024 879.85775
936 867.30256 885.63802 867.41253 882.49544
937 867.10199 885.71419 867.44150 882.31844
938 867.64716 886.04102 867.58415 881.61296
939 867.83567 886.54720 867.29560 879.44206
940 866.71412 885.57471 867.23644 881.64225
941 867.17511 886.10938 867.41585 882.18164
942 867.19266 885.78206 867.31816 881.71387
943 867.45897 886.24935 867.48773 880.08333
944 867.51887 886.22363 867.16137 882.07454
945 867.20838 886.51432 866.91564 882.20573
946 867.40520 885.88053 866.95583 881.71126
947 867.03848 886.33626 867.19887 880.47648
948 867.24687 885.94108 867.17200 882.11263
949 866.92882 886.39388 866.88878 881.99707
950 867.29591 886.52083 867.27226 882.15299
951 867.98566 887.32682 867.31110 880.69173
952 867.31189 886.64095 867.27176 882.86686
953 867.04732 886.78223 867.38499 882.55892
954 867.44328 886.98275 867.61947 881.95280
955 867.46728 887.06999 867.02354 879.78678
956 867.27708 887.05729 867.35275 882.70378
957 867.70408 887.90658 867.44320 882.50130
958 868.17594 888.06771 867.10982 882.05737
959 867.44218 887.74837 867.34993 880.35449
960 867.35743 887.37565 867.72134 884.00488
961 867.10248 887.42188 867.06837 883.18913
962 867.47792 887.41341 867.10085 882.73893
963 867.57579 888.04622 867.31450 881.20109
964 867.68169 887.75488 867.04384 883.34440
965 867.27200 887.70980 867.32552 883.91764
966 867.23039 887.21908 867.32159 883.15332
967 867.44692 887.96354 867.05704 881.19141
968 867.32240 887.44588 867.40220 884.08822
969 867.85873 888.64469 867.46880 883.63346
970 867.64912 887.78353 867.41929 883.28516
971 867.22927 887.76921 867.54587 882.05632
972 867.50665 887.84701 867.64696 884.48454
973 867.77339 888.28418 867.27395 883.82747
974 868.02728 888.51855 867.20885 883.63965
975 867.52555 888.45540 867.02511 881.84391
976 867.80016 888.29004 867.11809 884.80436
977 867.28496 887.94889 867.53007 884.61922
978 867.37029 887.77897 867.54351 883.63379
979 867.96591 888.56055 867.43942 882.03288
980 867.36031 888.03320 867.59418 884.52604
981 867.18630 888.35319 867.64188 884.16178
982 867.68953 888.22949 867.56005 883.45280
983 867.51150 888.38224 867.50678 881.90495
984 867.81729 889.09033 867.46052 884.71680
985 867.37848 889.17904 867.19552 884.17253
986 867.55838 888.67139 867.22434 883.97298
987 867.30682 888.99186 867.04435 881.58659
988 867.69681 888.58171 866.79857 883.49414
989 867.63626 889.05013 867.27116 884.28841
990 867.10719 888.26172 867.42160 883.88314
991 866.86353 888.45638 867.60124 882.07454
992 867.31401 888.49544 867.63813 886.01400
993 868.04057 889.43758 867.25625 885.19458
994 866.86146 888.52743 867.57298 884.74609
995 867.26108 889.17025 867.32460 883.12004
996 867.71148 889.47168 867.51952 885.88379
997 867.76359 890.03711 867.55803 885.75293
998 867.48544 889.59245 867.40128 885.12370
999 867.44769 889.59440 866.77574 883.70280
1000 867.30433 889.06250 867.14714 886.55103
1001 867.30057 889.35059 867.32186 886.68132
1002 867.57742 889.77376 867.11195 885.97493
1003 867.17992 889.51432 867.18735 884.21094
1004 867.21893 889.20020 867.03228 885.78939
1005 866.77982 888.93652 867.45048 886.05632
1006 867.11155 888.99056 867.44575 885.59538
1007 866.98454 889.39355 867.45960 883.61523
1008 867.21415 889.26790 867.47774 886.47591
1009 867.42301 889.80697 867.53900 886.23861
1010 867.23345 889.06934 867.44745 885.51009
1011 867.49606 890.17554 867.41153 883.80640
1012 867.47623 889.34635 867.61830 886.51074
1013 867.11918 889.78092 867.88809 887.23633
1014 867.58653 889.90202 867.86411 886.60775
1015 867.41941 890.37500 867.61329 885.09635
1016 867.82623 890.33789 867.57614 887.22054
1017 867.87621 890.60384 867.37100 887.05990
1018 867.69315 890.30086 867.69971 886.56055
1019 867.42517 890.01953 867.77636 885.09098
1020 867.17868 889.99731 867.48646 887.78035
1021 866.80209 890.02799 867.28933 887.22656
1022 866.82793 889.76579 867.16695 886.27767
1023 866.75190 889.92969 867.55554 885.33301
1024 867.41103 889.84180 867.19933 889.32487
1025 867.35928 890.42155 867.14896 889.09115
1026 867.26614 890.06055 867.38280 889.56315
1027 867.88787 891.22689 867.37899 888.62874
1028 867.19545 890.36068 867.38413 888.94434
1029 867.26859 890.39844 867.23560 888.63184
1030 867.56358 890.02930 867.52718 889.18164
1031 866.81245 890.12598 867.43406 887.96647
1032 867.40286 890.34147 866.98563 887.86523
1033 867.47541 891.15169 867.40343 887.59399
1034 867.75255 890.75814 867.63719 887.70345
1035 867.26950 890.86784 867.81601 887.54329
1036 866.47657 889.89909 867.23738 887.74837
1037 867.34388 891.19727 867.00586 887.75260
1038 866.94813 890.36035 867.20555 888.03743
1039 867.19512 891.09635 867.48629 887.08659
1040 867.65698 891.28874 867.90607 888.84440
1041 867.30952 890.89551 867.88492 888.88900
1042 867.84044 891.66130 867.56727 888.39185
1043 867.47658 891.29720 867.08266 887.39486
1044 867.20318 891.24967 866.97390 887.78418
1045 867.46374 891.27214 867.10452 887.89225
1046 866.94277 890.63932 867.09774 887.63501
1047 867.21840 891.36165 867.17341 886.52930
1048 867.70930 891.45540 867.47852 887.92969
1049 867.75822 892.23177 867.39573 887.50065
1050 867.66790 891.29785 867.18813 886.82975
1051 868.07567 892.33203 867.49858 886.21452
1052 868.21722 892.33561 867.37437 887.83431
1053 867.57045 892.10148 867.48359 887.36849
1054 867.40687 891.55990 867.40024 887.03678
1055 867.60114 891.92806 867.76767 886.69108
1056 867.62612 891.83822 867.46312 888.72038
1057 867.52840 891.94401 867.42889 888.71973
1058 867.42685 891.22982 867.17658 888.40983
1059 867.30704 891.37402 866.48251 886.93815
1060 867.15484 891.14486 867.08667 888.31901
1061 867.39059 891.68986 867.47520 888.32454
1062 867.41112 891.67188 867.10313 887.98535
1063 867.38426 891.63281 866.85499 887.12044
1064 866.89408 891.40592 867.09472 888.37565
1065 867.95730 892.44092 867.40941 888.43905
1066 868.16740 892.73926 867.22490 887.73372
1067 867.22650 892.03247 866.72578 886.97550
1068 867.34908 891.89225 866.80834 888.05176
1069 867.36827 892.29850 867.38696 888.74219
1070 867.40733 891.70182 867.47389 888.59627
1071 866.93195 891.85189 867.65284 888.61849
1072 867.16668 891.53581 867.43671 889.64030
1073 867.63980 892.47331 867.52940 889.45280
1074 868.08936 892.53849 867.33906 889.35482
1075 867.85531 893.20736 867.39351 888.15137
1076 867.47480 892.04069 867.14966 888.89941
1077 867.58776 892.40202 867.05607 888.22331
1078 867.37834 892.36548 867.49845 888.36296
1079 867.22965 892.49447 867.41989 887.40951
1080 867.01491 892.14551 867.38047 888.51139
1081 866.61568 892.17057 867.50813 888.91870
1082 867.26671 892.68368 867.24933 888.67448
1083 867.76835 893.10514 867.12079 887.43457
1084 867.46200 892.74544 866.93498 888.46517
1085 867.75148 893.14974 867.16023 888.48698
1086 867.64752 892.77702 866.91073 887.97689
1087 867.94523 893.58838 866.93437 887.49479
1088 867.41862 893.07699 867.32306 890.60938
1089 867.39481 893.11751 867.56751 890.66634
1090 867.48525 893.23568 867.31563 889.15560
1091 867.52391 893.67090 867.27669 889.14095
1092 866.65860 892.48112 867.08498 890.07845
1093 867.04506 893.18327 867.32649 890.06706
1094 867.81158 893.41536 867.41628 889.90365
1095 867.01288 893.36873 867.53522 889.46810
1096 867.34066 893.42090 867.59001 890.76497
1097 868.21071 894.60905 867.67197 890.78874
1098 867.79805 893.70638 867.44122 890.46908
1099 867.45146 893.69466 867.36946 889.66634
1100 867.68888 893.63468 867.32464 890.53255
1101 867.37561 893.65918 867.16512 890.12077
1102 868.39371 894.39453 866.89229 889.52018
1103 867.67620 893.93099 867.15166 889.21647
1104 867.72402 893.87533 867.49490 890.01204
1105 867.64397 894.01131 867.78755 890.02767
1106 867.66191 893.79004 867.30423 889.48568
1107 868.33116 894.51660 867.68680 889.29313
1108 867.96243 894.36491 867.44536 889.93066
1109 867.82455 894.22852 867.25519 890.06673
1110 867.41265 893.72005 867.38628 889.65658
1111 867.97062 894.57129 867.53392 889.15356
1112 867.78975 894.13542 867.23684 889.73706
1113 867.01540 893.70093 866.98993 889.58398
1114 867.49008 893.88444 867.00543 889.34733
1115 868.19673 895.16992 867.11307 889.19759
1116 867.93533 894.03092 867.48442 889.72266
1117 868.65295 895.35742 867.38985 889.62077
1118 867.70682 894.08073 867.60507 889.38607
1119 867.79035 894.76335 867.43060 889.13444
1120 868.14106 894.97168 867.33625 891.09570
1121 867.55290 894.79329 867.08744 890.47624
1122 866.81255 893.67546 866.89231 890.03874
1123 867.43145 894.24219 866.96435 889.56543
1124 867.52484 894.58724 867.08864 890.35254
1125 867.29528 894.66602 867.43622 890.67578
1126 867.20301 894.22298 867.21880 890.34440
1127 867.13823 894.40820 867.18943 890.04167
1128 867.31882 894.25781 867.17456 891.29069
1129 867.58872 894.49186 866.67493 890.90853
1130 867.85364 895.32454 866.61117 890.40975
1131 867.65736 895.56283 866.69157 889.75391
1132 867.84585 895.17025 867.19829 891.07259
1133 867.62882 894.86784 867.34443 891.54720
1134 867.55270 894.83529 867.32427 891.27376
1135 867.56550 895.40885 867.32343 891.12956
1136 867.34656 894.78060 867.23799 890.76172
1137 867.12687 894.96973 867.25473 890.81641
1138 867.71879 894.81934 867.33049 890.48535
1139 867.41233 894.96354 867.01599 889.97030
1140 867.64911 894.61068 867.24229 890.93783
1141 867.47928 895.04134 867.25794 891.18530
1142 867.66255 894.76888 867.13694 891.42350
1143 867.43872 894.89062 866.78773 890.28288
1144 867.37846 894.69116 866.99099 890.22852
1145 866.85782 894.51595 867.12263 890.96598
1146 866.92765 894.72135 867.45052 891.12500
1147 867.74500 895.67708 867.47277 891.05762
1148 867.27234 895.25016 867.46242 890.74414
1149 867.10394 895.05265 867.34250 890.76628
1150 867.50668 895.30957 866.93726 890.27995
1151 867.41584 895.45833 867.17497 890.30819
1152 867.81062 895.47266 867.06550 891.69499
1153 867.65861 895.72616 867.40268 891.96061
1154 867.27169 895.10921 867.36529 892.03613
1155 867.26386 895.64128 867.49545 891.71094
1156 867.17886 895.20736 867.09109 891.53809
1157 867.78133 895.84570 867.49911 892.67708
1158 867.62277 895.69889 867.29323 892.22135
1159 867.24262 895.92546 867.07470 891.46517
1160 867.34592 895.60417 867.22397 891.87956
1161 867.04485 895.70996 866.90277 891.73991
1162 867.62735 895.71908 867.69798 892.13249
1163 867.30501 896.05436 867.92499 891.87093
1164 866.46365 894.85514 867.40627 891.83333
1165 867.08210 895.76001 867.31205 892.47485
1166 866.93302 895.33122 867.10339 891.94661
1167 867.65468 896.33268 866.98396 892.56868
1168 867.07233 895.70964 867.04963 892.37484
1169 866.97277 895.47493 867.58323 893.55859
1170 867.36665 896.31510 867.87011 893.49740
1171 867.46301 896.31836 867.28388 893.11361
1172 867.42137 896.36922 867.21858 892.83903
1173 867.45303 896.41569 867.36801 892.78027
1174 866.84759 895.59831 867.42818 892.25749
1175 867.29375 896.35579 867.57602 892.17090
1176 867.20161 895.87109 867.50640 892.69271
1177 867.20336 896.55566 867.64123 892.69238
1178 867.21647 896.13810 867.11119 891.93587
1179 867.61443 896.98242 866.94893 892.00521
1180 867.71257 896.85400 867.08587 891.69108
1181 867.25122 896.49121 867.05333 891.47982
1182 867.48865 896.52962 867.12275 891.34049
1183 867.25641 896.40983 867.41941 891.48112
1184 867.60074 896.56055 867.26222 893.09277
1185 867.89355 897.33675 867.23273 893.52051
1186 867.58120 896.67253 867.37384 893.39160
1187 867.09317 896.53613 867.59401 893.17700
1188 867.64511 896.89453 867.25627 893.18522
1189 867.87900 897.41146 867.40396 893.44303
1190 868.15760 897.66252 867.35319 893.51693
1191 867.50814 897.19401 867.16157 892.66569
1192 867.59508 897.02539 867.05298 893.12435
1193 867.45492 896.70182 867.00126 893.05859
1194 867.62845 897.24341 867.22024 892.50911
1195 867.24823 897.15137 867.27961 892.16960
1196 867.39872 897.25163 867.18258 892.97778
1197 867.62168 897.70801 866.93420 893.22689
1198 867.58330 897.13477 867.13899 893.24032
1199 867.83991 897.79036 867.28840 892.84310
1200 867.76880 897.42806 867.06852 893.27816
1201 867.37711 897.40535 867.66146 894.17505
1202 867.29705 896.94889 867.47295 893.74479
1203 867.33715 897.59408 867.32850 893.42497
1204 867.50494 897.27181 867.18616 893.59538
1205 867.08609 897.50798 867.25768 893.45768
1206 866.72466 896.78223 867.43371 893.31966
1207 867.12435 897.36914 866.87061 891.68294
1208 866.94564 897.01855 866.96626 892.60579
1209 867.31849 897.24447 867.20517 893.12891
1210 867.37796 897.51367 867.49450 893.52474
1211 867.74657 897.97754 867.46212 892.47591
1212 867.17202 897.77702 867.30780 893.80990
1213 867.23752 897.63216 867.32868 893.80363
1214 867.72775 897.89551 867.39252 893.59115
1215 867.37629 897.85417 867.31916 892.78499
1216 867.43799 897.74447 867.05401 894.68254
1217 867.58364 898.00423 866.56254 894.23145
1218 867.40586 897.61751 866.81003 893.89714
1219 867.56948 898.13216 867.48244 893.72168
1220 866.95550 897.42879 867.19803 894.56348
1221 867.26100 898.13118 867.21420 894.54696
1222 867.38299 897.81315 867.22326 893.69076
1223 867.85836 898.85742 867.12842 893.12891
1224 867.57100 897.98722 867.02580 894.12533
1225 867.80300 898.70020 866.84317 894.34155
1226 867.19056 897.80802 867.31215 894.48242
1227 867.13473 898.01335 867.12364 893.65072
1228 867.43861 897.87492 866.94662 894.00977
1229 867.06910 897.77962 866.96009 894.69938
1230 868.15627 898.56087 867.04517 895.06022
1231 867.66405 898.34147 866.63916 893.88542
1232 867.04995 897.64844 866.92833 895.05339
1233 867.01779 897.83724 866.97593 895.06185
1234 867.16348 897.70410 866.91493 894.29753
1235 867.92930 898.87533 866.94073 893.70573
1236 867.54762 898.39868 866.83379 894.25798
1237 867.27018 897.83724 866.98934 894.57340
1238 867.27222 897.70369 867.08470 894.60319
1239 867.45431 897.94002 866.83715 894.04549
1240 867.84359 898.25000 867.27321 895.02311
1241 867.32176 898.08529 867.17362 894.90658
1242 867.70597 897.97461 866.65362 894.55273
1243 867.49556 898.75317 866.66905 893.49251
1244 867.13946 898.07674 867.02821 894.69889
1245 868.28636 899.74544 866.85334 894.59896
1246 867.78024 898.54386 867.07335 894.09277
1247 867.05212 898.44499 867.08358 893.62109
1248 867.63176 898.58830 867.30401 896.34440
1249 867.85617 898.71940 867.18575 896.03060
1250 868.09896 899.02995 866.89808 895.13118
1251 867.18713 898.20841 866.96459 894.53792
1252 867.38441 898.28743 866.98188 896.06063
1253 867.13150 898.30241 867.16881 895.92122
1254 867.11245 897.96362 866.96717 895.55111
1255 866.81300 898.06608 867.27726 895.43864
1256 867.52992 898.75106 867.22465 896.66081
1257 867.24963 898.46029 867.76527 897.61589
1258 867.59160 898.93359 867.76539 896.66211
1259 867.26493 898.46427 867.68942 896.24512
1260 867.53398 898.70964 867.74895 896.47982
1261 867.23378 898.60514 867.67089 896.33594
1262 867.50235 898.65267 867.15720 895.27287
1263 867.04332 898.55721 867.09489 894.87467
1264 867.47957 898.54785 867.39780 896.56413
1265 867.25614 898.66992 867.17099 895.85417
1266 867.55096 898.48665 867.28102 895.13086
1267 867.35828 899.00228 867.44848 895.17839
1268 867.43576 898.68587 867.76315 897.35718
1269 867.50518 899.13770 867.29461 897.15365
1270 867.31657 898.49805 867.20693 896.54232
1271 867.52311 898.81958 867.27105 895.63607
1272 867.32695 898.71973 867.28517 896.44368
1273 867.09531 898.64421 867.54456 896.12663
1274 867.20865 898.72005 867.52081 896.20247
1275 867.48176 898.96680 867.74742 895.60026
1276 867.63437 899.21094 867.68024 896.93717
1277 867.47532 899.23462 867.59261 896.60840
1278 867.33015 899.27018 867.27203 895.53320
1279 867.73326 899.56486 867.34893 895.37752
1280 867.56251 898.70833 867.33648 896.94466
1281 867.15337 898.48600 867.49701 896.52507
1282 867.07217 898.63314 867.80151 896.67773
1283 866.92414 898.99251 867.27432 896.07617
1284 867.61166 899.28027 867.53426 897.15234
1285 867.51372 899.28190 867.17439 896.51164
1286 867.34857 899.08301 867.41970 896.72135
1287 866.67452 898.80534 867.43189 896.61426
1288 867.77274 899.38477 867.63432 897.23405
1289 867.47301 899.66895 867.03479 896.26790
1290 867.52971 899.38542 866.91465 895.52116
1291 867.41499 899.55697 867.06226 895.54492
1292 866.53882 898.22819 867.49785 897.03158
1293 867.59756 899.44010 867.44714 896.45833
1294 867.22011 898.81348 867.07645 895.32161
1295 867.92719 899.16797 867.43750 896.18709
1296 867.33323 898.80347 867.37568 896.86491
1297 866.53049 898.11263 867.73570 897.34985
1298 867.35189 899.04199 867.21624 896.44629
1299 867.19576 898.61751 866.85869 896.15788
1300 867.00922 898.91081 867.19195 896.69824
1301 867.37155 899.23698 867.18180 896.54460
1302 866.46583 897.88835 867.49255 896.28158
1303 867.34955 899.00537 867.15878 896.31966
1304 866.85434 898.22070 867.40709 896.80436
1305 867.94197 899.98438 867.55049 896.19043
1306 867.49706 899.19271 867.23354 894.85059
1307 866.91404 899.03776 867.43818 894.91634
1308 867.98450 899.53499 867.63004 896.32300
1309 867.47753 899.54427 867.75725 896.01400
1310 867.14780 899.06234 867.85868 895.18913
1311 867.70372 899.61263 867.75362 894.92383
1312 867.81444 899.70605 867.46490 896.52604
1313 867.18318 899.70312 867.53628 897.07878
1314 867.03527 899.34871 867.69985 896.43880
1315 866.79212 899.22371 867.74785 896.60417
1316 866.77843 899.00033 867.68796 897.64909
1317 867.24503 899.63477 868.03719 897.74121
1318 867.26856 899.63574 867.55896 896.83171
1319 866.80201 899.39062 867.52078 896.65137
1320 867.12123 899.51139 867.27625 897.39258
1321 867.36752 899.34733 867.16661 896.77148
1322 867.89112 899.97624 867.09513 896.27083
1323 867.72232 899.84928 866.85306 895.71077
1324 867.42735 899.25033 866.96431 896.46061
1325 867.51331 899.97249 867.31256 896.92961
1326 867.35118 899.46354 867.43896 896.66927
1327 868.11911 900.55078 867.85461 896.85254
1328 867.71598 899.95150 867.80357 897.81999
1329 867.39717 900.04102 867.54213 896.94718
1330 867.35375 899.41276 867.64513 896.62972
1331 867.41293 900.17773 867.32484 896.21191
1332 867.80812 899.91699 867.45729 897.21517
1333 867.57518 900.25057 867.75167 897.20150
1334 867.58692 899.93433 867.47223 896.49512
1335 867.66971 900.31250 867.48430 896.36751
1336 867.87049 900.43457 867.47161 896.62858
1337 867.71107 900.25098 867.27908 896.66585
1338 867.43684 900.01107 867.19482 896.30933
1339 867.26674 899.89355 867.40788 896.16650
1340 867.23430 899.82064 867.35882 896.80208
1341 867.52008 900.20394 867.09822 896.27051
1342 867.55527 900.43945 867.43957 896.34538
1343 867.05041 900.30046 867.25471 895.69564
1344 867.18713 900.16797 866.99758 897.86833
1345 867.31031 900.27767 867.20011 898.00065
1346 866.61510 899.52580 867.08771 897.28125
1347 867.37765 900.54036 867.12432 896.87044
1348 867.31049 899.80013 867.03896 897.12467
1349 867.74248 900.56217 867.41611 897.33683
1350 867.57094 900.04883 867.04572 896.52344
1351 867.58025 900.73145 867.05020 896.22786
1352 867.42916 900.28418 866.92770 897.12305
1353 867.55348 900.81095 867.16562 897.55371
1354 867.48001 900.45540 867.22784 897.61719
1355 867.40367 900.58219 867.53990 897.43197
1356 867.14968 900.22689 867.40376 898.16732
1357 867.18453 900.47461 867.28554 898.09017
1358 867.31833 900.74544 867.05365 897.86133
1359 867.21601 900.81901 867.41596 897.33789
1360 867.39013 900.92513 867.19097 896.83341
1361 867.21387 900.54232 867.41924 897.23633
1362 867.28769 900.40885 867.35050 896.87598
1363 867.89738 901.07422 866.98003 895.85156
1364 867.70245 900.85913 867.35008 897.09375
1365 867.49650 900.60254 867.38358 897.65234
1366 867.06940 900.38704 867.27153 897.21875
1367 866.99256 900.35840 867.52487 897.03841
1368 867.80627 901.23503 867.56825 897.06234
1369 866.99819 900.67415 867.40929 897.23771
1370 867.00769 900.25586 867.61207 896.97461
1371 867.37059 900.95475 867.21007 896.17318
1372 867.33002 900.23828 867.62364 896.54818
1373 867.46207 901.34082 867.53412 896.26921
1374 867.41252 901.08252 867.59299 896.80566
1375 867.41842 901.44694 867.49639 895.80436
1376 867.47543 900.89486 867.26937 897.35872
1377 867.85487 901.29232 867.65355 897.45443
1378 868.64846 901.96777 867.79013 897.72428
1379 867.56162 901.10840 867.59030 897.08285
1380 867.39925 901.13672 867.27709 897.48503
1381 867.38620 901.12834 867.13223 897.36165
1382 867.89641 901.41634 867.15552 897.93750
1383 867.70009 901.79850 867.13723 897.75944
1384 867.63443 901.70768 867.11992 897.83293
1385 867.66761 901.58757 867.28807 898.08854
1386 867.64034 901.70768 867.50636 898.20508
1387 867.49251 901.51359 867.36109 897.84025
1388 866.79455 900.75130 867.62912 898.16602
1389 867.00295 901.24259 867.66079 898.25977
1390 867.17589 901.10221 867.29722 897.96289
1391 867.58322 901.51628 867.18937 898.02214
1392 867.09274 900.79012 867.33932 897.49186
1393 867.63054 901.98047 867.45110 897.48242
1394 868.27929 901.99202 867.46718 897.58073
1395 867.96125 902.26986 867.15360 897.44499
1396 867.31043 901.46842 867.36340 897.52734
1397 866.97542 901.49284 867.04696 897.41699
1398 867.65403 901.82454 866.86343 897.19141
1399 867.66471 902.07267 866.95948 897.47070
1400 867.25723 901.75488 867.26510 896.70793
1401 867.58907 901.99642 867.33518 897.55827
1402 867.44503 901.82585 867.34096 897.06803
1403 866.89812 901.05697 867.33561 897.38249
1404 867.09234 901.50553 867.60031 896.88607
1405 867.47069 901.56592 867.96734 897.09115
1406 867.85314 901.72396 868.13996 897.34212
1407 867.50725 901.73535 867.99788 897.05827
1408 867.78932 901.72461 867.70439 897.87858
1409 867.19878 901.68978 867.46999 897.92578
1410 867.35568 901.70182 867.30967 897.71582
1411 866.93733 901.63900 867.16426 897.87337
1412 867.08463 901.72591 867.44852 897.83032
1413 867.31090 902.17480 867.80538 898.52409
1414 867.05467 901.59831 867.82498 898.78524
1415 866.54795 901.44775 867.48553 898.78939
1416 867.62505 902.10807 867.01024 897.73991
1417 867.30582 902.40169 867.20545 897.95125
1418 867.31466 901.41602 867.74504 898.05754
1419 866.85787 901.45402 867.59965 897.57324
1420 866.35863 900.60059 867.78207 898.19727
1421 867.47289 901.93327 867.65278 898.10352
1422 867.28945 901.82259 867.44227 897.60742
1423 867.29468 902.00521 867.33739 898.20443
1424 867.38847 902.02539 867.36176 897.68913
1425 867.27366 901.83496 867.08602 898.08105
1426 868.24852 902.96257 867.47571 897.97363
1427 867.19239 902.00163 867.50511 897.88493
1428 867.64156 902.32650 867.33785 897.53743
1429 866.98290 901.69425 867.61753 898.07031
1430 866.84476 901.50358 867.16155 897.85067
1431 867.27109 902.35661 867.31540 897.18034
1432 867.47552 902.15234 867.32803 896.89307
1433 867.54282 902.88965 867.72760 897.53418
1434 867.72170 902.52930 867.44677 897.42188
1435 867.00988 902.14290 866.98121 897.21908
1436 867.90372 902.66406 867.42690 896.77181
1437 867.63159 902.67676 867.62630 897.33854
1438 867.58212 902.44710 867.49429 896.91146
1439 867.17532 902.39583 867.44305 896.36035
1440 867.24901 902.36426 867.45960 897.94889
1441 866.89007 902.24080 867.33699 897.71842
1442 867.12828 902.27181 867.38426 897.56250
1443 867.08742 902.34245 867.60423 897.92008
1444 866.73854 901.92448 867.74202 898.37256
1445 867.24964 902.73828 867.81693 898.58659
1446 867.14326 902.57227 867.51567 897.85840
1447 866.89583 902.56673 867.42818 897.45711
1448 867.03059 902.42057 867.68765 898.02604
1449 867.73349 902.58984 867.64109 898.43132
1450 867.93684 903.42521 867.63139 898.08643
1451 867.56086 903.49422 867.81389 897.80241
1452 867.45751 903.15853 867.45823 897.77604
1453 867.18528 903.29867 867.22202 898.01921
1454 867.22813 902.82227 867.15017 898.11165
1455 867.50555 903.69645 866.70184 896.77197
1456 867.37016 903.35954 867.22261 897.14941
1457 867.39987 903.75008 867.14958 897.48861
1458 867.15685 903.10970 867.17593 897.06445
1459 867.32873 903.72396 867.04413 896.98698
1460 867.76915 903.50846 867.23681 897.07194
1461 867.12096 903.23600 867.41391 897.57796
1462 867.67082 903.73275 867.49686 897.44206
1463 867.08487 903.42643 867.57471 896.76302
1464 866.58235 902.68783 867.38698 896.73275
1465 867.21058 903.64746 867.52835 896.31266
1466 867.76553 904.40625 867.72294 896.39583
1467 867.27322 903.75789 867.74438 897.15658
1468 867.26985 903.85010 867.36385 897.54199
1469 867.41607 904.03060 867.29882 897.48242
1470 867.55439 903.96517 867.31668 896.67773
1471 867.06259 903.55078 867.30559 896.68050
1472 867.86076 903.90226 867.22201 898.66048
1473 867.69911 904.00716 867.33303 898.68978
1474 867.45847 903.56657 867.47345 898.62866
1475 867.21524 903.46973 867.65080 897.94466
1476 867.75665 903.57943 867.22062 898.02051
1477 867.83172 904.02344 867.40662 897.81152
1478 867.76731 903.62427 867.83788 897.76335
1479 867.72844 904.07878 867.59696 898.11003
1480 868.17214 904.48438 867.51714 898.53044
1481 867.91768 904.53353 867.44261 898.49666
1482 867.70636 903.82422 867.17685 898.14648
1483 867.70631 904.52637 867.53706 897.77734
1484 866.98431 903.94710 867.73330 898.53044
1485 867.09932 904.18262 867.65965 898.22005
1486 867.38309 903.99251 867.12135 897.75228
1487 867.00480 903.67871 867.01790 897.67000
1488 867.14098 903.65625 867.46976 898.41960
1489 867.39818 903.99186 867.26649 897.99772
1490 867.41847 903.92611 867.07462 897.65788
1491 868.14479 904.68815 867.16522 897.52913
1492 867.15359 903.86621 867.54439 898.13826
1493 867.34448 904.06738 867.78100 898.46191
1494 867.42036 903.99862 867.35949 897.93677
1495 867.30603 904.02441 867.14629 897.52507
1496 867.85662 904.55729 867.30388 898.55078
1497 867.34461 904.50228 867.77974 898.42065
1498 867.73159 904.55892 867.27373 897.45540
1499 867.67943 905.16471 867.17540 896.85677
1500 867.61044 904.57096 867.32069 897.70573
1501 867.48883 904.88184 867.14312 897.74837
1502 867.55267 904.13574 867.20635 897.43066
1503 867.67726 904.63395 867.45994 897.61296
1504 867.67628 904.63118 867.33453 898.74821
1505 867.10950 904.26432 867.75683 898.92700
1506 868.00252 905.31803 867.60845 898.43294
1507 867.08684 904.39827 867.38167 898.10221
1508 867.18902 904.66602 867.11151 899.05501
1509 867.11272 904.89193 867.12940 898.42546
1510 867.73332 905.11947 867.12777 898.08171
1511 867.77976 905.58171 867.10330 897.75553
1512 867.24279 904.56104 867.39969 899.23958
1513 866.99265 904.23478 867.48190 899.83366
1514 867.24295 904.70028 866.97274 898.42253
1515 867.57395 904.68905 866.84329 897.39282
1516 867.83553 904.79362 867.37160 898.27604
1517 867.69515 904.70508 867.80979 898.77832
1518 867.75264 904.47526 867.49138 898.23275
1519 867.71608 904.78451 867.90088 898.15462
1520 867.95847 904.56673 867.81601 899.28849
1521 867.15467 904.85091 867.55140 899.14876
1522 866.81309 903.76921 867.54537 898.73828
1523 867.12329 904.48014 867.17554 897.94564
1524 867.15031 904.19076 867.31244 899.23079
1525 867.34459 904.82715 867.51817 899.87760
1526 867.03993 904.17912 867.69091 898.76888
1527 867.45381 904.78158 867.33386 898.36882
1528 867.36174 904.70117 867.23282 898.92350
1529 867.14214 904.36556 867.46861 898.32292
1530 866.82568 904.01693 867.81886 898.61621
1531 867.20301 904.51172 867.80002 897.94857
1532 868.08412 905.33464 867.06774 898.12337
1533 867.83158 905.20150 867.29067 898.23438
1534 867.42164 904.93156 867.30464 897.17708
1535 867.57540 905.01107 867.28814 897.46265
1536 867.94173 904.25651 867.57184 910.82357
1537 868.06949 905.30062 867.27445 910.97982
1538 867.85477 905.10449 867.31834 911.97070
1539 867.37391 905.11816 867.54020 913.27148
1540 867.07349 904.37882 867.62292 910.41146
1541 867.13099 904.79753 867.71189 910.55957
1542 867.26426 904.66903 867.26774 910.73372
1543 867.58991 905.32690 867.44651 911.95752
1544 867.44076 904.48372 867.62996 909.28678
1545 867.46168 905.34416 867.56763 909.77214
1546 867.88166 905.25936 867.80533 910.65788
1547 867.69876 905.65234 867.41350 911.31380
1548 867.28993 905.04167 867.72680 908.92383
1549 867.59807 905.80306 867.55546 909.18132
1550 867.31805 905.46680 867.67117 910.07585
1551 867.41815 905.76302 867.72115 911.58464
1552 867.82274 905.87044 867.38970 908.64168
1553 867.29177 904.81600 867.37819 909.05697
1554 867.55221 905.18424 867.04634 909.42855
1555 867.15015 904.99243 867.47614 910.44954
1556 867.65115 905.43099 868.08865 907.88672
1557 867.41800 905.60645 867.74461 908.46549
1558 867.40979 904.97624 867.63335 908.63249
1559 867.75924 905.58105 867.43979 909.87077
1560 867.28437 904.93327 867.17328 907.10970
1561 867.55933 905.90267 867.17349 907.41374
1562 867.41182 905.39258 867.44776 907.88379
1563 866.85377 905.19694 867.62695 909.15430
1564 867.93378 905.91610 867.30780 906.39274
1565 867.71224 906.16439 867.31178 907.49837
1566 867.21099 905.78027 867.19299 908.36100
1567 867.22801 905.81380 867.26819 909.49837
1568 867.19257 905.33659 867.60036 908.44629
1569 867.88201 906.39128 867.56876 908.83691
1570 867.35400 905.63639 867.51617 909.56958
1571 867.78417 906.04818 867.06375 909.91536
1572 867.70129 905.75789 867.10946 907.30078
1573 867.86874 906.44922 867.45472 908.02018
1574 867.49763 906.08545 867.50088 908.22982
1575 867.20580 906.23763 867.55048 909.23796
1576 867.38545 906.44368 867.94407 907.77612
1577 867.66902 906.20597 867.84049 908.21476
1578 867.53437 906.24121 867.18172 908.72461
1579 867.68777 906.56177 866.67774 909.09277
1580 867.47020 906.22689 866.84772 906.96224
1581 867.20860 906.44824 867.27780 908.11759
1582 867.45092 906.29948 867.23709 909.19466
1583 867.39052 906.65267 867.20530 909.12240
1584 867.58385 906.76953 866.96328 907.21191
1585 867.32936 906.92928 867.18154 907.77311
1586 866.89988 906.31966 867.07228 908.23405
1587 867.59048 907.50334 867.24173 908.76424
1588 867.29395 906.58236 866.88267 906.21094
1589 867.14621 907.06673 867.21581 906.65658
1590 866.93833 906.58691 867.65129 907.79329
1591 867.06673 907.00407 867.64125 908.68034
1592 867.75710 907.09180 867.64647 906.35384
1593 867.49193 907.28060 867.73388 907.20654
1594 867.32353 907.21582 867.41341 907.45036
1595 867.29673 907.01465 867.37226 908.40430
1596 867.56355 907.48079 866.98302 906.15462
1597 866.86687 906.95768 867.40136 906.61320
1598 867.11670 906.67008 867.68253 907.11296
1599 866.91782 906.83171 867.36614 907.49512
1600 867.00472 906.54199 867.33087 906.99447
1601 867.68246 907.25553 867.53915 907.57674
1602 867.56041 907.05379 867.67127 907.95312
1603 866.98697 906.89714 867.56391 908.15137
1604 867.35855 906.91829 867.00458 905.71452
1605 867.53731 907.54720 867.18254 906.65072
1606 867.18248 907.09847 867.80667 907.52637
1607 867.08709 907.48014 867.57364 907.80436
1608 867.26349 907.58171 867.46922 906.59993
1609 867.10727 907.84375 867.58923 907.04557
1610 867.10855 907.06022 867.32378 907.36979
1611 866.71224 907.05501 867.13272 907.98145
1612 866.98993 906.86947 867.10901 905.68522
1613 867.56807 907.56877 867.26520 906.51107
1614 867.77318 907.74870 867.30867 906.58268
1615 867.67557 908.16048 867.40563 907.75163
1616 867.73571 907.82747 867.63065 905.50391
1617 867.55008 907.69694 867.11453 905.11979
1618 867.30510 907.83626 866.59336 905.15690
1619 867.95015 908.38949 867.02783 905.67415
1620 867.74198 908.29036 866.97975 904.24089
1621 867.38392 907.96289 866.88015 905.07096
1622 867.40707 908.01986 867.15200 906.05501
1623 867.31307 908.07194 866.76755 905.95256
1624 867.95765 908.36263 867.56892 905.33683
1625 867.43701 908.16162 867.53159 905.64933
1626 867.11428 907.06657 867.30609 905.33390
1627 867.38355 907.76758 866.95020 905.52865
1628 867.78713 907.73600 867.20802 903.51725
1629 868.30490 909.00879 867.50502 904.24935
1630 867.48165 907.90576 867.33665 904.63118
1631 867.41207 908.03320 867.24686 904.60775
1632 867.47694 907.90788 867.48705 904.71810
1633 867.32837 908.04753 867.39300 905.31348
1634 867.66987 908.75456 867.29302 905.71224
1635 866.92542 907.97852 867.42247 906.25480
1636 867.45813 908.46419 867.43853 904.74284
1637 867.19881 908.30957 867.22462 904.59757
1638 867.55500 908.51953 867.17719 905.52018
1639 867.99934 909.37402 867.21305 906.06836
1640 867.29722 908.18766 867.00326 904.53833
1641 867.76178 908.40177 866.84715 904.89242
1642 867.48877 908.24992 867.02366 906.06380
1643 867.68703 908.43783 866.69251 905.28971
1644 867.44811 908.33333 867.54627 905.08854
1645 867.57535 909.12598 867.74089 905.10189
1646 867.85381 909.03646 867.55595 905.66081
1647 867.33288 909.11198 867.26947 906.00391
1648 867.28397 908.27832 867.30222 904.58887
1649 867.47190 908.98340 867.26777 904.55444
1650 867.13771 908.20508 867.66792 905.65063
1651 867.25261 908.86947 867.60596 906.14233
1652 867.35463 908.52148 867.10307 903.98470
1653 867.04360 908.33008 866.62866 904.44889
1654 867.76657 908.28353 866.74200 904.67415
1655 867.74829 908.92472 867.16029 905.18302
1656 867.12518 908.02637 867.28574 903.29728
1657 867.40158 908.42253 867.43352 903.94303
1658 867.34864 908.44279 867.36143 904.25065
1659 867.39122 908.31893 867.31663 905.12988
1660 867.16128 908.27637 868.01513 902.86784
1661 867.06337 908.55111 867.87305 903.42253
1662 867.43538 908.55981 867.68848 904.02441
1663 866.78725 908.22135 867.79053 904.95638
1664 867.37198 908.53646 867.89504 905.61491
1665 867.29335 908.93359 867.65299 905.81185
1666 867.36416 908.78996 867.77587 905.90397
1667 867.43449 909.21582 867.81254 906.61589
1668 867.72916 908.82943 867.34469 904.07943
1669 867.69971 908.81250 866.95783 904.56934
1670 867.40501 908.38314 867.11779 904.56315
1671 867.51893 909.00277 867.46020 905.56055
1672 867.42875 908.51465 867.62174 903.77108
1673 867.59037 909.34725 867.89410 904.79468
1674 867.17637 908.12793 867.55948 905.56022
1675 867.02546 908.60653 867.31908 905.16960
1676 866.63753 908.13574 867.45364 904.30729
1677 867.15710 908.91374 867.61292 905.06673
1678 867.63030 908.96582 867.23262 905.05998
1679 867.43781 908.92871 867.37218 905.25944
1680 867.12463 908.58968 867.75552 904.41187
1681 866.83252 908.08854 867.33902 904.32389
1682 867.37450 908.76156 867.33436 904.87500
1683 867.39831 908.47949 867.52470 905.10360
1684 867.69977 908.36947 867.76123 904.24349
1685 867.25187 908.17904 867.85109 904.08097
1686 866.93399 907.57031 867.69846 904.32585
1687 867.72408 908.84766 867.46391 904.04297
1688 867.30083 908.30176 867.72885 903.63802
1689 867.19545 908.61751 867.57128 903.72762
1690 867.47596 908.53963 867.62032 904.71159
1691 866.58868 908.28776 867.49496 904.52018
1692 867.21290 908.69499 867.40425 903.34310
1693 867.07825 909.07202 867.56226 903.61296
1694 867.10849 908.68978 867.36616 903.68758
1695 867.48539 909.27897 867.29780 902.92220
1696 867.09128 908.45508 867.23733 903.57129
1697 867.75914 909.36214 867.24451 903.74707
1698 867.41444 908.62012 867.33506 904.31576
1699 867.31919 908.59017 867.19072 904.29956
1700 867.42399 908.63672 867.37530 903.61035
1701 867.50872 908.94751 867.47460 903.61117
1702 867.75009 909.26107 867.25212 903.86035
1703 867.30921 909.04712 867.46912 904.38509
1704 867.27028 908.72201 867.23589 903.29850
1705 866.75955 908.08366 867.34232 903.64030
1706 867.44258 908.89469 867.49429 904.22135
1707 867.74499 909.50391 867.37076 904.00684
1708 867.37076 908.96029 867.09532 903.36068
1709 867.37774 909.13281 867.00542 903.75431
1710 867.41681 908.21427 867.13165 904.00602
1711 867.85280 909.22461 867.02437 904.54980
1712 867.77446 909.22754 867.52905 903.77083
1713 867.05659 908.71517 867.20378 904.10596
1714 867.02637 908.32031 867.30761 904.16797
1715 866.71361 908.61849 867.07493 904.33683
1716 867.53220 908.88672 867.03844 902.60010
1717 867.51007 909.26196 867.06423 903.10645
1718 867.11707 908.61515 867.14617 903.45671
1719 867.30855 909.32031 867.18184 904.14437
1720 867.43367 909.39486 866.84724 902.66862
1721 866.87163 908.71802 867.45606 903.40999
1722 867.53010 908.93522 867.38376 903.27450
1723 867.33143 908.52767 867.34218 903.25521
1724 867.38727 909.15267 867.36508 901.79622
1725 867.67394 909.05306 867.16757 902.70280
1726 867.64130 908.88737 867.04217 903.11263
1727 867.39078 908.94108 867.35509 903.53841
1728 867.22109 908.86686 867.21015 903.24137
1729 866.99855 908.83171 867.30168 903.86589
1730 866.81918 908.77962 867.54172 904.46647
1731 867.29779 909.58659 867.55070 904.43197
1732 867.94373 909.54590 867.60895 903.59147
1733 867.84632 909.90169 867.31828 903.54655
1734 867.65773 909.30990 867.32904 903.97070
1735 867.23957 909.27002 867.69657 904.63672
1736 867.62396 909.17415 867.23863 903.65381
1737 867.56215 909.43750 867.29636 904.15527
1738 867.05163 908.76562 867.62850 904.49544
1739 867.20772 909.32129 867.80158 904.49219
1740 866.98020 908.89551 867.40452 903.02108
1741 867.49134 909.42122 866.97586 902.76270
1742 867.30244 908.78939 867.37243 903.31543
1743 867.32076 909.31722 867.51738 903.59212
1744 867.78295 909.75553 867.28905 902.15625
1745 867.35887 909.30404 867.36715 902.54590
1746 867.03996 909.00260 867.18948 902.91406
1747 867.04743 908.92057 866.97799 903.23503
1748 867.12369 909.09082 867.51912 902.61068
1749 867.64505 909.65397 867.51765 903.53288
1750 867.57850 909.47713 867.54702 903.57943
1751 867.15942 909.21387 866.97145 903.21745
1752 867.32659 909.03288 867.27013 902.86125
1753 867.02348 909.14421 867.31344 903.35124
1754 867.33188 909.06055 867.32731 903.50065
1755 867.13135 909.42480 867.34240 903.42000
1756 867.21121 908.60173 866.94920 901.67708
1757 867.80999 909.55436 867.41428 902.23014
1758 867.14656 908.57454 867.51679 902.26034
1759 867.25372 909.00000 867.54763 902.48535
1760 866.89083 908.88216 867.45908 902.75586
1761 867.31535 909.31315 867.66237 903.76432
1762 867.60644 909.42432 867.79706 903.86027
1763 867.49127 909.20117 867.88272 904.53898
1764 867.99969 909.87907 867.56055 902.98991
1765 867.63902 909.17334 867.53886 902.78328
1766 868.04377 909.42025 867.58940 903.14445
1767 868.23914 909.98828 867.52031 903.80127
1768 867.59316 909.19792 867.66976 903.64079
1769 867.67432 909.48600 867.57064 903.92188
1770 867.28190 909.44303 867.39427 903.28906
1771 867.18382 909.32064 867.50734 904.18490
1772 868.26851 910.18099 867.20867 902.25423
1773 868.05555 910.09635 867.18274 902.33464
1774 867.45882 909.40348 867.51813 903.20264
1775 867.67822 910.15007 867.50689 903.66081
1776 867.58787 909.57682 867.12077 901.92651
1777 867.20272 909.62891 867.40990 902.32723
1778 867.17143 909.02962 867.31987 902.67057
1779 867.03589 909.27832 867.17847 903.27604
1780 867.14236 908.66089 867.41290 902.20312
1781 867.41869 909.22103 867.56922 902.97933
1782 867.53909 909.24894 867.11366 902.09928
1783 867.31855 909.21973 866.91457 902.50716
1784 867.41059 909.11133 867.39756 901.20052
1785 867.67702 909.46810 867.45605 901.70060
1786 867.44693 909.48047 867.41375 902.23926
1787 867.14656 909.13517 867.47561 902.25179
1788 867.46496 909.65186 867.54331 900.96712
1789 867.05313 909.10417 867.60078 901.77344
1790 867.14660 909.02018 867.84248 902.32878
1791 866.87794 909.11068 867.41670 902.27051
1792 867.17808 908.86328 867.16177 898.38704
1793 867.66530 909.43262 867.30075 899.17033
1794 867.26074 908.94792 867.30918 899.01986
1795 867.10818 909.36947 867.36548 897.55176
1796 867.61384 909.61491 867.36271 898.13493
1797 867.53173 909.61955 867.24953 898.60938
1798 867.35908 909.11296 867.43383 898.66300
1799 867.44485 909.73958 867.37880 897.42074
1800 867.39290 909.43978 867.70901 898.15234
1801 867.66418 910.25260 867.68954 898.67253
1802 867.74724 909.31982 867.66654 898.73958
1803 867.56759 909.68913 867.38505 897.35417
1804 867.32129 909.40788 867.39985 898.03646
1805 867.03529 909.35254 867.70296 898.71810
1806 867.51655 909.13184 867.50534 898.09115
1807 867.71427 909.36719 867.18810 897.68433
1808 867.35479 909.10254 867.23771 897.60514
1809 866.93913 908.82910 867.59005 898.69043
1810 867.47938 909.71029 867.52787 898.52507
1811 867.22363 909.10319 867.59160 897.39567
1812 867.66198 909.53752 867.12758 897.24186
1813 867.13576 909.39388 866.90126 897.42871
1814 866.17160 908.32715 867.30606 897.89746
1815 867.42086 909.81185 867.40463 896.77214
1816 867.53801 909.57983 867.39010 897.39128
1817 867.35269 909.66040 867.10736 897.27409
1818 867.17511 909.30469 867.06845 896.89193
1819 866.38358 908.73519 867.31561 896.11743
1820 866.92346 908.78158 866.99413 896.54102
1821 866.95802 908.90169 867.36602 897.00456
1822 867.01679 908.83138 867.43601 896.84342
1823 867.25619 909.50456 867.64613 895.82194
1824 867.02681 909.04688 867.48652 897.47982
1825 867.33236 909.67806 867.67110 898.05404
1826 866.92757 909.11589 867.37211 897.44531
1827 867.55859 909.81185 867.56427 896.63867
1828 867.22504 909.44539 867.38414 897.23210
1829 866.57037 908.74129 867.72725 897.81559
1830 867.47416 909.58366 867.53574 897.43197
1831 867.68563 910.15527 867.44129 896.32975
1832 867.46132 909.75293 867.58599 897.06152
1833 867.25720 909.46021 867.84651 898.12109
1834 867.87224 909.90007 867.45485 897.67350
1835 867.39678 909.27279 867.32227 896.19857
1836 867.29968 908.94108 867.03808 896.53662
1837 866.98379 908.95085 867.36317 896.73893
1838 867.42796 908.97363 867.23700 897.02604
1839 867.27672 909.56771 867.01224 895.74707
1840 866.92499 908.72786 867.08646 897.07804
1841 866.95589 909.11230 866.95126 896.90072
1842 867.23199 909.35579 867.10346 896.78581
1843 867.22920 909.78646 867.52351 895.77734
1844 867.09010 908.92025 867.25640 896.01595
1845 867.34557 909.61369 867.24590 895.98128
1846 867.14857 909.30371 867.39229 896.23177
1847 867.27206 909.74064 867.45796 895.78027
1848 867.18051 909.15397 867.87903 897.04818
1849 867.53407 909.60938 867.76704 896.71151
1850 867.44620 909.81022 867.49577 896.22689
1851 867.46541 909.52336 867.34214 894.18164
1852 866.98923 909.47135 867.36423 895.25651
1853 867.25119 909.53906 867.66640 895.70345
1854 867.48882 909.71761 867.37032 895.33138
1855 867.37913 909.71859 867.21461 894.23926
1856 867.30164 909.31283 867.17964 896.24512
1857 866.40838 908.75651 867.35410 896.67350
1858 867.14550 909.22949 867.60694 897.15430
1859 867.11478 909.57878 867.79563 896.37500
1860 867.15543 909.23242 867.60581 896.55957
1861 867.34440 909.59505 867.72803 896.60612
1862 867.13900 908.71680 867.83000 896.67871
1863 866.97149 908.96354 867.86925 895.23861
1864 867.43941 909.11377 867.40567 895.87150
1865 867.47617 909.60807 866.62838 895.37435
1866 867.83137 909.43001 866.75155 895.95605
1867 866.79094 909.19531 867.00883 895.16764
1868 867.19168 909.64062 867.39586 895.87817
1869 867.43870 909.75944 867.51292 896.18140
1870 867.18487 909.08301 867.53824 896.14160
1871 867.17488 909.53874 867.21068 894.66602
1872 867.35928 909.62207 867.33605 894.99032
1873 867.26253 909.29134 867.50798 895.53158
1874 867.05736 909.10327 867.82986 896.05273
1875 867.71661 909.37826 867.43514 894.57389
1876 867.30308 909.34766 867.53229 895.14876
1877 867.56781 909.37630 867.59005 895.03890
1878 867.41087 909.22363 867.52922 895.65723
1879 867.30259 909.34692 867.47858 894.18978
1880 867.91000 909.53353 867.08321 893.85905
1881 867.55295 909.79199 867.22427 894.78385
1882 867.55891 909.50814 867.96067 895.49935
1883 867.49383 909.76562 867.56115 894.00163
1884 867.23696 908.98250 867.34716 893.48372
1885 867.70597 910.22070 867.32797 893.57454
1886 867.12230 909.35547 867.28822 894.04915
1887 866.97432 909.34326 867.40019 893.11458
1888 867.33659 909.43327 867.39212 895.19694
1889 867.52611 909.55273 867.62213 895.59220
1890 868.16797 910.04932 867.14667 895.04395
1891 866.95637 908.56868 867.37896 894.80599
1892 866.99840 908.44922 867.92332 895.36133
1893 867.48361 909.46810 867.68052 895.46826
1894 867.89780 909.54297 867.51922 895.85742
1895 868.33742 910.15299 867.48807 894.44434
1896 867.88325 909.50505 867.71910 894.83854
1897 868.05450 909.47298 867.71338 895.34147
1898 867.89333 909.22526 867.37592 895.33887
1899 867.44037 908.78027 867.28065 894.14006
1900 868.38428 910.06413 867.28696 894.71484
1901 867.23718 908.87435 867.17857 894.00749
1902 867.64201 908.78483 867.73742 894.67253
1903 867.14080 908.67985 867.40446 894.25505
1904 868.04499 909.04395 867.62863 894.58911
1905 867.51073 908.94181 867.52127 894.21867
1906 867.16412 907.93522 867.93725 894.89193
1907 867.41269 908.94466 867.99869 894.19694
1908 867.58008 908.74089 867.56175 894.44922
1909 867.75682 909.28027 867.38428 894.65527
1910 867.39872 908.81966 867.45219 894.55111
1911 867.55557 909.02083 867.62293 894.05241
1912 867.57217 908.93359 867.76154 894.30208
1913 867.37507 908.70190 867.30191 894.30924
1914 867.34594 908.40910 867.47516 894.22559
1915 866.89899 907.90299 867.56998 893.57975
1916 867.38225 908.42839 867.63903 893.81266
1917 866.90438 907.94596 867.47912 894.17969
1918 867.07043 907.87858 867.44105 894.42318
1919 867.29173 908.46216 867.48269 893.57593
1920 867.57805 908.50293 867.18654 894.62858
1921 867.34607 908.31535 867.27984 894.97461
1922 867.40728 908.19987 867.20972 895.14616
1923 867.46952 908.79297 867.61560 894.54110
1924 867.43230 908.42839 867.45067 894.35767
1925 867.45452 908.63802 867.19623 894.66992
1926 867.65700 908.58407 867.24553 894.64616
1927 867.56410 908.95020 867.40135 894.15999
1928 867.24037 908.07357 867.54188 893.90218
1929 867.15802 908.18034 867.50719 894.58398
1930 867.65216 908.34880 867.86460 895.20378
1931 867.47099 908.37744 867.28394 894.43815
1932 867.67479 908.09619 867.34385 894.61751
1933 867.39634 908.14323 867.43224 894.45833
1934 867.48771 908.15365 867.58578 894.87370
1935 867.50552 908.23698 867.90240 894.85872
1936 867.40455 908.11662 867.58807 894.50065
1937 867.35927 908.01270 867.45368 894.42285
1938 867.26744 908.18034 867.37804 894.01603
1939 867.01247 907.62874 867.19731 893.46940
1940 866.97156 907.55046 867.61023 893.43652
1941 867.24460 908.16602 867.57949 893.77767
1942 866.85760 907.32845 867.33211 894.02474
1943 867.11623 907.77767 867.16191 892.91797
1944 867.50582 907.74577 867.28765 892.55013
1945 867.79338 907.94596 867.13326 893.45443
1946 867.65594 907.38900 867.50364 894.24414
1947 866.75438 906.95866 867.74136 893.67904
1948 867.12363 906.89583 867.53988 892.66309
1949 866.82800 907.24023 867.34116 892.16797
1950 866.88849 907.02702 867.34440 892.13053
1951 867.35122 907.71647 867.27637 891.07227
1952 867.08923 907.24056 867.48118 892.52441
1953 867.51998 907.94922 867.36541 892.84505
1954 867.35881 907.61255 867.42332 893.31283
1955 867.15914 907.70020 867.38061 892.25391
1956 867.76766 908.18327 867.39967 892.54720
1957 867.21212 907.47298 867.50824 893.33594
1958 867.70592 908.33431 867.59865 893.33789
1959 867.11755 907.53573 867.42092 892.45215
1960 867.10834 907.19824 867.43891 892.15983
1961 867.41482 907.28475 867.73302 893.15365
1962 867.59138 907.73991 867.53590 893.58789
1963 867.43512 907.75944 867.64701 892.77246
1964 867.63691 907.69214 867.57751 892.98763
1965 867.34673 907.76725 867.43086 892.75521
1966 867.07880 907.20540 867.35642 893.16243
1967 867.52079 907.97461 867.40993 892.41764
1968 867.25557 907.59017 867.83033 892.85938
1969 867.27578 908.10848 867.50081 892.28223
1970 866.90659 906.97005 867.52449 892.58984
1971 866.82999 907.21354 867.60438 892.53158
1972 866.95847 906.83008 867.30321 892.43294
1973 866.67091 907.10319 866.99334 892.46647
1974 867.00014 906.90063 867.03188 892.85742
1975 866.93493 907.07878 867.67278 892.90169
1976 867.04793 907.23275 867.60150 892.17904
1977 867.64271 907.88770 868.02257 892.48145
1978 867.83254 907.89811 867.45136 892.01302
1979 867.33329 907.29997 867.67499 891.75553
1980 867.49717 907.87402 867.72570 891.17708
1981 867.16002 907.42090 867.66058 891.92936
1982 867.15175 907.15951 867.65338 891.25033
1983 867.54486 907.60059 867.86524 891.52083
1984 867.48854 907.08171 867.79690 892.49414
1985 867.92886 907.77344 867.49810 892.81966
1986 867.53491 907.38737 867.22081 893.19173
1987 867.26303 907.33333 867.01447 892.05827
1988 867.43974 906.95573 867.34900 892.54167
1989 867.33001 907.04036 867.20291 892.63867
1990 867.52898 907.05339 867.32501 893.07487
1991 867.31551 907.03662 867.31698 892.89388
1992 867.12024 906.60254 866.92431 892.36719
1993 866.92253 907.20312 866.90752 892.25098
1994 867.10187 906.53548 867.30990 892.85482
1995 867.02219 906.76660 867.51005 892.58626
1996 866.77137 906.45117 867.71157 892.56242
1997 867.05252 906.84440 867.85494 892.42253
1998 867.25083 906.83268 867.59603 892.88078
1999 867.16714 906.83529 867.16334 891.79980
2000 867.52581 906.95964 867.22486 891.49674
2001 867.31788 906.55868 867.24923 891.66243
2002 867.84479 907.08529 867.40948 892.24740
2003 867.69144 906.55330 867.28988 891.87956
2004 867.25465 906.52799 867.41108 891.11198
2005 867.99753 907.21834 867.01098 891.40430
2006 867.86740 906.90723 867.58854 892.07585
2007 867.41140 906.88900 867.60448 891.99854
2008 867.58306 906.89689 867.76080 891.29590
2009 867.57876 907.33049 867.77058 891.33431
2010 867.28641 906.47656 867.29752 891.54297
2011 867.68661 907.22624 867.05948 891.14583
2012 867.71545 906.70923 866.77030 890.16406
2013 868.18684 907.44954 867.05895 891.07324
2014 868.11159 907.02669 867.01685 891.14714
2015 867.70529 906.94238 867.20181 891.23926
2016 867.40099 906.38534 867.47103 891.55697
2017 867.56547 906.57454 867.52859 891.98494
2018 867.68425 906.73600 867.61935 892.78687
2019 866.92986 906.28711 867.45249 892.79525
2020 867.06676 906.46940 867.33204 891.63477
2021 867.08878 906.61979 867.36570 891.59212
2022 867.21037 906.10189 867.25400 891.97119
2023 867.50685 906.69759 867.24459 891.75602
2024 867.59326 906.54525 867.51485 891.46517
2025 867.49886 906.22591 867.66005 892.04980
2026 867.38947 906.26400 867.69070 892.30339
2027 867.14907 905.83138 867.98848 892.01595
2028 867.76351 906.22982 867.45635 889.71875
2029 867.51858 906.03451 867.56137 890.92513
2030 867.09167 905.30534 867.53043 892.04525
2031 867.01034 905.60254 867.30269 891.83366
2032 867.44980 905.61165 867.38547 890.93424
2033 868.00377 906.76986 867.33069 891.44051
2034 867.61113 905.77409 867.66907 892.18099
2035 867.46858 906.16211 867.73482 891.60189
2036 867.31399 905.49316 867.75564 890.57772
2037 867.49166 906.14551 867.42064 891.27083
2038 867.12393 905.54655 867.50146 891.98958
2039 866.60683 905.16634 867.46063 891.16667
2040 866.96138 905.08984 867.43150 889.78092
2041 867.48975 905.63509 867.45109 889.71029
2042 868.01775 905.75260 867.36603 890.91895
2043 867.39779 905.04102 867.41670 890.99284
2044 867.20086 905.07227 867.24277 890.48210
2045 867.15730 905.11157 867.42481 890.47925
2046 867.58153 905.35352 867.41629 891.50716
2047 866.96093 904.78223 867.39434 891.40072
2048 867.42548 904.51660 867.33239 897.23210
2049 867.06980 904.82227 867.49511 897.18343
2050 867.69898 905.19792 867.44619 897.20215
2051 867.30396 905.41968 867.72593 897.19019
2052 867.25908 905.01107 867.62839 896.38745
2053 867.31633 905.45964 867.06689 895.70508
2054 867.67472 905.19043 867.01324 895.78792
2055 867.47995 905.24251 867.07450 895.42741
2056 867.00344 904.35645 867.41187 894.90495
2057 867.55595 905.20329 866.68403 894.38802
2058 867.88288 904.71200 866.89001 894.60677
2059 867.56062 904.88281 867.36322 895.60286
2060 867.97383 904.98470 867.66260 894.80859
2061 867.27909 905.12956 867.51744 894.52214
2062 867.33294 904.65430 867.09333 894.30827
2063 867.61655 904.96680 867.09507 894.41927
2064 867.40255 904.62207 867.12634 893.52311
2065 867.36509 904.63094 867.34789 893.24544
2066 866.98122 904.20996 867.59441 893.35189
2067 867.37034 904.38143 866.97119 893.48079
2068 867.78564 904.36979 867.13763 893.05697
2069 867.48541 903.85482 867.73139 893.70329
2070 867.19130 903.62370 867.60697 893.52832
2071 867.11308 903.95475 867.37911 893.10124
2072 867.71167 903.91618 867.30675 892.18359
2073 867.89345 904.28516 867.41715 892.55273
2074 868.40314 904.59180 867.66418 893.07812
2075 867.08740 904.07780 867.55011 892.96257
2076 867.72247 904.27832 867.39306 892.90788
2077 866.94816 904.17017 867.26873 892.57161
2078 867.05788 903.58757 867.15515 892.74544
2079 867.40999 904.29655 867.13638 892.86100
2080 866.68257 903.18555 867.32830 893.33374
2081 867.15409 904.12240 867.03558 892.76693
2082 867.55966 904.02214 867.34049 892.97290
2083 867.64901 904.10221 867.69210 894.12760
2084 867.27627 903.42155 867.98840 893.65007
2085 867.33638 903.49154 867.18983 892.89193
2086 867.23157 903.17513 867.36278 893.81217
2087 867.37274 903.90299 867.16867 893.81120
2088 867.18111 903.31860 867.14254 893.21289
2089 866.59091 902.88216 867.15372 893.16797
2090 865.86387 902.34741 867.44658 893.20247
2091 866.43590 903.15137 867.11351 892.99935
2092 866.97147 903.20573 867.35710 892.55029
2093 867.02420 903.64355 867.40187 893.10124
2094 867.23864 903.55241 867.29649 893.13477
2095 867.25748 903.86882 867.47745 893.19271
2096 867.35735 903.27702 867.58448 892.86328
2097 866.97187 903.30404 867.58844 893.17480
2098 867.13738 902.93880 867.79886 893.55892
2099 866.81558 902.95964 867.70480 893.03288
2100 867.56833 902.96159 867.91079 892.76953
2101 867.43302 903.27897 867.83392 892.72884
2102 867.14538 902.66667 867.84863 892.67611
2103 867.03847 903.05363 867.70653 893.01921
2104 867.27360 902.57161 867.43640 892.02287
2105 867.60692 903.43311 867.56073 892.22949
2106 867.44776 903.37956 867.43824 892.78353
2107 867.05350 902.93229 867.53923 892.56478
2108 867.36793 903.49967 867.78693 892.54069
2109 867.15512 903.15853 867.86891 892.45280
2110 866.79048 902.32780 868.00061 892.47949
2111 867.37880 903.13957 867.84665 892.63127
2112 867.18154 902.54199 867.75308 892.97852
2113 867.51051 902.96549 867.71715 892.85026
2114 867.87859 902.64510 867.47341 892.70312
2115 867.43909 902.71745 867.63467 892.85482
2116 867.31787 902.36035 867.50767 892.15462
2117 867.15548 902.71224 867.44647 892.35197
2118 867.13783 902.22168 867.60996 892.19531
2119 867.66116 903.09798 867.54352 892.29948
2120 867.43181 902.51530 867.23313 892.26302
2121 867.42216 902.81934 867.27987 892.08203
2122 867.10495 901.92220 867.08698 892.29818
2123 867.53748 902.80762 867.25611 892.54069
2124 867.34814 902.28158 866.95285 891.53776
2125 867.13641 902.14681 867.51479 891.58936
2126 867.03836 901.74382 867.93172 892.37972
2127 867.66246 902.40389 867.58700 892.30241
2128 867.70752 901.91178 867.78993 891.87077
2129 867.31743 901.81803 867.31648 891.41211
2130 867.37242 901.84505 867.21899 891.06226
2131 867.77787 902.17961 867.31636 891.33529
2132 867.88687 902.41016 867.82774 891.20345
2133 867.43559 902.01237 867.71289 890.96126
2134 867.06190 901.35905 867.47563 890.95947
2135 867.35038 901.95475 867.39046 890.78410
2136 867.74360 902.06380 867.40019 890.43945
2137 867.43241 902.00252 867.04818 890.07812
2138 867.24128 901.20801 867.59197 890.82910
2139 867.41455 901.93783 867.44756 890.60319
2140 867.31290 900.64551 867.33592 889.78223
2141 868.00337 901.74642 867.62784 889.95964
2142 867.49334 901.08659 867.56495 890.29834
2143 867.62375 901.75187 867.63565 889.99609
2144 868.05705 901.78125 867.58728 891.04069
2145 867.77308 901.79069 867.47642 891.18978
2146 867.97581 901.83431 867.61110 891.39185
2147 867.25730 901.35319 867.93583 891.43164
2148 867.12406 901.20996 867.95824 890.64762
2149 867.04353 901.29785 867.58299 890.50618
2150 867.77475 901.51074 867.39918 890.88281
2151 867.94459 901.97201 867.01050 890.65560
2152 867.01345 900.69922 867.04998 890.23861
2153 866.72667 900.19531 867.48354 890.83268
2154 867.19782 900.68831 867.29344 890.60677
2155 867.60006 900.82227 867.41649 890.66862
2156 867.79972 901.05469 867.17071 889.88924
2157 867.80431 901.04321 867.30006 889.89941
2158 867.60644 900.40820 867.43049 890.50098
2159 867.61211 900.82088 867.53718 890.91895
2160 867.62360 900.50423 867.81923 890.35026
2161 868.22114 901.67936 867.31002 889.56836
2162 867.58760 900.21289 867.26603 889.48405
2163 867.43634 900.72656 867.50725 889.98470
2164 867.30561 900.02604 867.51717 889.59603
2165 867.60465 900.42350 867.69356 889.88281
2166 867.50118 900.04720 867.41154 890.15527
2167 867.45108 900.02246 867.50117 889.66536
2168 867.06713 899.43717 867.28043 888.78483
2169 867.25997 899.69206 867.03903 888.60710
2170 867.09622 899.28385 867.27438 888.51855
2171 866.96864 899.28678 866.98363 889.06551
2172 867.60431 899.70345 867.46991 888.71484
2173 867.99548 900.19434 867.72443 888.63371
2174 867.64570 899.86589 867.90350 889.05501
2175 867.29846 899.74967 867.72391 888.85742
2176 867.59574 899.33984 867.48926 889.87736
2177 867.44533 899.45654 867.49983 890.15202
2178 867.56251 899.69368 867.30414 890.21354
2179 867.13369 899.47542 866.89575 889.78190
2180 866.98623 898.84082 867.09956 889.21908
2181 866.87116 898.82487 867.31786 889.80094
2182 866.93062 898.33691 867.34971 889.81901
2183 867.26153 899.04818 867.02933 889.43783
2184 867.48699 898.87956 867.12970 889.45540
2185 867.39745 899.27116 867.39794 889.86816
2186 867.68078 898.89160 867.75259 890.52148
2187 867.51732 898.92798 867.69761 890.13151
2188 867.43347 898.61198 867.70486 889.41797
2189 867.98802 899.21208 867.66856 889.15430
2190 867.53718 898.70898 867.61832 889.53149
2191 867.54101 898.67220 867.50893 889.92806
2192 867.46808 898.45418 867.28015 888.98535
2193 867.21589 898.34814 867.17060 888.90682
2194 867.25187 898.32161 867.52165 889.28939
2195 866.92079 898.05469 867.89395 889.63477
2196 867.52482 898.11589 867.78206 889.03743
2197 867.65045 898.30371 867.80500 888.81380
2198 867.24625 897.87533 867.50045 888.87142
2199 867.43681 898.41667 867.25215 888.60612
2200 867.67713 898.17936 867.04637 888.19824
2201 867.31223 898.37012 867.09148 887.86491
2202 867.64467 898.48405 867.09695 888.27604
2203 866.67613 898.00684 866.94799 888.24544
2204 867.25888 897.87988 867.38964 888.00423
2205 867.05562 897.87109 867.41101 887.83952
2206 867.60360 897.87891 867.28551 887.74219
2207 867.08945 897.97656 867.59580 887.96452
2208 866.46495 896.68034 867.59981 888.91276
2209 867.26267 897.87191 867.74182 888.54061
2210 867.21256 897.55632 867.71059 889.04036
2211 867.64632 897.83333 867.44259 888.58797
2212 867.68982 897.67155 867.46881 888.24902
2213 867.02581 897.06641 867.61706 888.85954
2214 867.23026 897.22884 867.63315 888.97526
2215 866.76569 897.01204 867.49047 889.07943
2216 867.08465 897.19857 867.59922 888.50846
2217 867.03833 897.08659 867.40546 888.18547
2218 866.81845 896.69824 867.06023 887.88509
2219 867.45470 897.56527 867.34263 888.06413
2220 866.97366 896.49447 867.41236 887.71940
2221 866.85324 896.84505 867.31377 887.65503
2222 867.00213 896.34603 867.52184 888.58789
2223 867.35126 896.93262 867.55420 888.37207
2224 867.69123 896.76693 867.58326 888.01139
2225 867.86225 897.43970 867.43653 887.67708
2226 867.57208 896.77271 867.35699 888.02637
2227 867.32806 897.14225 867.07643 888.34172
2228 867.87582 897.01660 867.62779 887.99414
2229 867.25191 897.05046 867.65159 888.01009
2230 867.67837 896.93197 867.56151 887.99316
2231 867.76868 897.34115 867.70583 888.22949
2232 867.71917 896.82064 867.39755 887.20312
2233 867.58898 896.97038 867.15622 887.12305
2234 866.85160 896.57161 867.32790 887.38314
2235 867.37091 896.74512 867.55363 887.61556
2236 867.40319 896.75911 867.56264 886.94238
2237 867.15973 896.50293 867.28828 886.80111
2238 867.25084 896.52083 867.37795 887.06934
2239 867.45712 897.00781 867.21174 886.63346
2240 867.50778 896.78548 867.14518 887.24577
2241 867.30658 896.80534 867.45229 887.63346
2242 867.03737 896.05859 867.45828 887.91243
2243 867.07109 896.46379 867.36496 887.45866
2244 867.28562 896.34416 867.49295 887.75846
2245 867.41366 896.56901 867.20389 887.74642
2246 867.34224 896.12402 867.36781 887.34806
2247 867.64706 896.66081 867.44351 887.24740
2248 867.79526 896.19019 867.26277 886.74943
2249 867.81615 896.75260 867.21461 887.51986
2250 867.66471 895.95117 867.23065 887.69238
2251 868.18858 896.68115 867.32436 887.94987
2252 867.80362 896.01888 867.74148 887.81315
2253 867.66886 896.45345 867.74938 887.87109
2254 867.52617 895.95557 867.77703 888.71126
2255 867.38221 896.14616 867.89475 888.41211
2256 867.29695 895.86719 867.60830 887.89030
2257 867.23299 895.88639 867.63476 887.99154
2258 867.22335 896.07544 867.80942 888.00326
2259 867.32312 896.11873 867.49308 887.81510
2260 867.17077 896.01237 867.61166 886.69824
2261 867.38829 896.27767 867.38783 886.51074
2262 867.64154 896.17008 867.23269 886.60091
2263 867.43967 896.06152 867.58942 887.24723
2264 867.06626 895.41439 867.93923 887.25195
2265 867.68796 896.28092 867.58482 887.09310
2266 867.70272 895.57780 867.47506 887.49642
2267 867.34619 896.21940 867.49196 887.17057
2268 867.06468 895.39714 867.51023 886.61035
2269 867.52377 896.05469 867.03914 886.53743
2270 867.22575 895.33529 866.80074 886.49479
2271 867.28829 895.71549 867.05381 886.80762
2272 867.25371 895.51660 866.70047 886.99512
2273 867.35607 895.84001 866.76121 886.87174
2274 868.12967 896.29639 866.89689 886.98730
2275 867.58854 896.08366 867.18724 887.47070
2276 867.04383 895.41016 867.04562 886.86426
2277 867.27246 895.39811 866.62890 886.26790
2278 867.63623 895.45671 867.15254 887.19434
2279 868.09854 896.30192 867.20974 887.40462
2280 867.88866 895.85319 867.31156 887.11629
2281 867.60531 895.47965 867.61585 887.28410
2282 867.57534 895.96973 867.38693 888.04622
2283 867.65207 895.88965 867.45836 888.46094
2284 867.63907 895.87174 867.19944 886.99064
2285 867.45120 895.84733 867.17477 887.10319
2286 867.59220 895.65885 867.04697 887.38639
2287 868.27998 896.58236 867.39183 887.55892
2288 867.67488 895.79989 867.32246 886.79590
2289 867.75333 896.62728 867.54040 887.58431
2290 867.31646 895.35189 867.42742 887.75293
2291 867.34591 895.83138 867.54057 887.80859
2292 867.39992 895.19954 867.35540 886.88411
2293 867.03671 894.95272 867.47643 887.67554
2294 867.67772 895.22038 867.20537 887.61393
2295 867.25540 895.21842 866.83687 886.68091
2296 867.41432 895.03613 866.96261 885.43522
2297 867.45269 895.05664 867.26607 886.14583
2298 867.78423 894.92806 867.17463 886.50260
2299 867.42318 894.80436 867.64526 886.83398
2300 867.00647 894.56152 867.72371 886.35970
2301 867.47543 894.70540 867.55340 886.29232
2302 867.33743 894.47461 867.31249 886.38639
2303 867.31822 894.79590 867.02338 886.30957
2304 867.50393 894.86361 867.34349 887.41536
2305 867.40803 894.54435 867.49201 887.28931
2306 867.45890 894.23014 867.25766 886.12598
2307 867.36766 894.45573 867.16281 884.28971
2308 867.31487 894.02767 867.61042 887.18132
2309 867.39171 894.22990 867.75567 887.30892
2310 867.40201 894.06510 867.51731 886.06006
2311 867.73403 894.85482 867.84599 884.47331
2312 867.84330 894.70182 867.81548 886.41528
2313 867.33348 894.42025 867.44052 886.30599
2314 866.90124 893.39095 867.05998 885.41927
2315 867.45096 894.36719 867.57839 883.94043
2316 867.29876 894.07747 867.85249 886.25358
2317 867.08896 893.80990 867.57621 885.47233
2318 867.48108 893.81901 867.47720 884.68652
2319 867.83279 894.04850 867.49343 883.08057
2320 867.49064 893.59017 867.27948 885.45703
2321 867.79205 893.96875 867.44269 885.77018
2322 867.49000 893.67643 866.96724 884.49642
2323 867.31361 893.35246 867.00740 883.01888
2324 867.52823 893.31120 866.94618 884.88835
2325 867.14441 893.44743 867.04489 884.75732
2326 866.87860 892.88997 867.15890 884.11296
2327 866.84526 893.17529 867.29571 882.78516
2328 867.16054 893.18685 867.27076 884.88802
2329 867.48716 893.79899 867.46347 884.43132
2330 867.18451 892.99674 867.25863 883.40104
2331 866.18328 892.62712 867.08639 881.47664
2332 866.85975 892.49674 867.16842 884.34733
2333 867.38282 892.88704 867.38887 883.92448
2334 868.17003 892.83073 868.03392 883.83073
2335 868.12003 893.13379 867.72336 882.02116
2336 867.09525 891.90007 867.46279 884.94824
2337 867.66676 892.60059 867.55705 885.12630
2338 867.04319 891.93945 867.74978 884.38314
2339 867.37534 892.16699 867.44820 882.41569
2340 867.38016 892.42383 867.25229 884.86621
2341 866.76755 891.89095 867.56991 884.85807
2342 867.40439 892.36328 868.00475 884.40690
2343 867.14035 892.21501 867.74214 882.28955
2344 867.29984 892.21094 867.55467 883.83382
2345 867.56938 892.37565 867.54897 883.16699
2346 867.16695 891.92090 867.60479 882.96436
2347 867.71665 892.32585 867.66617 881.68286
2348 867.46817 891.85913 867.47471 883.56283
2349 867.06572 891.76172 867.62663 883.60758
2350 867.47968 891.55762 867.56351 883.20182
2351 867.26280 891.82943 867.44343 881.69434
2352 868.18252 892.57064 867.77228 883.47811
2353 867.30296 892.17619 867.51113 883.36784
2354 867.44269 891.81120 867.50962 883.09180
2355 867.65487 892.32129 867.74135 881.36458
2356 867.51833 891.93783 867.77645 883.25846
2357 867.59394 892.48730 867.79484 882.57812
2358 867.33389 891.43229 867.49108 881.93392
2359 867.41334 891.61393 867.41244 880.49056
2360 867.23055 890.98258 867.38070 882.35905
2361 867.93878 891.52962 867.36948 882.33529
2362 867.54296 891.29167 867.50874 881.59212
2363 867.18944 890.90462 867.36426 879.81576
2364 867.35285 891.20508 867.48858 882.22266
2365 866.85827 890.64681 867.75557 882.38509
2366 867.51942 891.13477 867.66124 881.43905
2367 867.23159 891.07682 867.36646 879.53369
2368 866.87258 890.39844 867.71336 882.81673
2369 867.25041 890.97363 867.69003 882.90365
2370 867.24577 890.75065 867.64928 882.37956
2371 867.63510 891.23763 867.39463 880.66838
2372 867.31924 890.26562 867.27038 882.29883
2373 866.68526 890.02897 867.36053 882.27279
2374 866.77389 889.86068 867.32548 881.35921
2375 867.36564 890.61458 867.25736 879.79248
2376 867.60991 890.29557 867.38505 882.08675
2377 867.41254 890.42578 867.30032 881.75065
2378 867.17947 889.70540 867.21789 880.65169
2379 867.88936 890.77352 866.91399 878.75977
2380 867.36351 890.08594 867.05111 881.18750
2381 867.44500 890.39388 867.20729 881.20361
2382 866.95084 889.63867 867.59519 880.53613
2383 866.95763 889.86328 867.62682 879.11751
2384 867.09139 889.50098 867.52400 880.26562
2385 867.52313 889.76986 867.30204 880.19466
2386 867.09514 889.26733 867.13113 879.31999
2387 867.61428 889.66764 867.43540 877.77832
2388 867.43921 889.42090 867.55569 880.17228
2389 867.44058 889.54069 867.70253 880.36784
2390 867.11374 888.78906 867.19143 879.33350
2391 867.50404 889.59928 867.78222 877.98242
2392 867.37225 888.91602 867.59396 879.30371
2393 867.19162 889.07845 867.73818 879.79622
2394 867.07540 888.66447 867.83999 879.21712
2395 867.52722 889.69434 867.73516 877.69661
2396 867.56569 889.31478 867.44096 878.71663
2397 867.56129 889.57943 867.52674 878.69108
2398 867.32035 888.58952 867.32910 878.72363
2399 867.50201 889.09049 867.13283 877.11816
2400 867.52180 888.90934 867.34816 879.97396
2401 867.62204 889.17025 867.72741 879.65202
2402 867.85076 888.80404 867.47015 878.63802
2403 867.55669 888.07104 867.29382 877.67074
2404 867.64668 888.18229 867.63885 879.49007
2405 867.32559 888.12435 867.38053 879.19987
2406 866.97918 887.48869 867.40045 878.72982
2407 867.65078 888.00594 867.45441 877.19076
2408 867.61877 887.87207 867.31002 878.69922
2409 867.60436 887.85677 867.22062 879.07031
2410 866.99552 887.44727 867.39155 879.34473
2411 867.28020 887.37069 867.54996 877.55924
2412 867.94756 888.11426 867.45438 878.88379
2413 867.19612 887.70540 867.49857 879.02474
2414 867.12207 887.00488 867.42497 878.43034
2415 867.40911 887.46712 867.54953 877.70736
2416 867.72224 886.94987 867.67451 878.68685
2417 867.95524 887.65430 867.49090 878.59212
2418 867.23898 886.24967 867.31947 877.87630
2419 866.89388 886.37760 867.36638 876.60417
2420 867.52525 886.43132 867.32082 877.63997
2421 867.40360 886.56380 867.23949 877.31803
2422 867.90783 886.81901 867.29522 877.25521
2423 867.40068 886.21257 867.55316 876.35221
2424 867.56960 886.23535 867.53398 877.33577
2425 867.75052 886.47461 867.07060 877.60384
2426 867.66271 886.17969 867.54511 877.63672
2427 867.41375 886.04297 867.45745 876.53841
2428 867.60889 886.25057 867.47187 877.14185
2429 867.35779 886.01465 867.78643 877.43294
2430 867.69978 885.89941 867.70996 876.99186
2431 867.72007 885.73055 867.63561 875.25431
2432 867.25740 885.17871 867.82796 877.83659
2433 867.38789 885.60213 867.87709 877.91154
2434 867.49523 885.55208 867.58762 877.70117
2435 867.82697 886.10718 867.49736 876.71281
2436 867.49737 885.35628 867.74769 878.27344
2437 867.85705 885.78825 867.60625 878.30013
2438 867.45092 885.22770 867.48554 878.35783
2439 867.10104 885.29395 867.37345 876.87272
2440 867.00071 884.83626 867.18998 876.97070
2441 866.95776 884.99219 867.40748 877.30111
2442 867.45946 884.91243 867.57959 877.33789
2443 867.76287 885.17155 867.51415 876.01953
2444 867.80748 884.76595 867.63753 878.10124
2445 867.40171 884.71745 867.71732 877.65527
2446 866.95507 884.02572 867.47352 877.06510
2447 867.56566 884.75415 867.76165 876.14160
2448 867.92017 884.63965 867.76484 877.08594
2449 867.73320 884.45736 868.10406 878.01595
2450 867.52174 884.39779 868.05605 876.95646
2451 867.50579 884.26530 867.77722 875.54785
2452 867.61415 884.19857 867.35308 876.48535
2453 867.69921 884.51302 867.32900 876.84505
2454 867.68869 884.34245 867.45344 876.96615
2455 867.83394 884.87272 867.60546 875.59408
2456 867.92051 884.50163 867.55348 876.48153
2457 867.98801 884.52441 867.80392 876.19238
2458 867.38083 883.26953 868.17273 876.21940
2459 866.37481 882.94401 868.00420 875.01009
2460 867.10454 882.86784 867.76313 875.22201
2461 866.99203 883.21810 867.55873 874.78800
2462 867.50649 883.34928 867.73515 874.67448
2463 867.59394 883.70443 867.37518 873.17871
2464 866.74589 882.71126 867.06943 875.38867
2465 867.34973 883.68457 866.96962 875.33431
2466 867.58384 883.41699 866.88173 874.58464
2467 867.62851 883.19987 867.15351 873.37728
2468 867.35363 883.09896 867.42916 875.25952
2469 866.89005 882.39160 867.69245 875.50228
2470 867.21821 882.56087 867.59349 875.18587
2471 867.20640 882.74447 867.25393 873.35417
2472 867.33490 882.38346 867.75370 875.01595
2473 867.87350 882.80078 867.85587 875.36483
2474 867.05002 882.13151 867.91124 874.56022
2475 867.93456 883.14258 867.33594 872.54167
2476 867.60310 882.47038 867.05221 873.82454
2477 867.44305 882.82064 867.43618 874.62598
2478 867.20713 882.17578 867.40372 874.94173
2479 866.28795 881.50798 867.38895 873.36637
2480 867.17643 882.15983 867.66612 875.09342
2481 866.84051 882.32064 867.65034 874.70573
2482 867.15691 881.91732 867.68002 873.85417
2483 867.35771 882.30664 867.51102 872.46159
2484 867.56456 881.96867 867.50396 873.48340
2485 867.44622 882.12720 867.29346 873.56022
2486 867.44585 881.50521 867.61866 873.96452
2487 866.87804 881.10286 867.59960 872.73568
2488 867.75666 881.13574 867.25997 873.90885
2489 867.64990 881.31152 867.56435 873.96126
2490 867.60052 881.31185 867.61309 873.28516
2491 867.25935 880.85384 867.66449 871.47786
2492 867.65750 881.51562 867.70037 873.42057
2493 867.74551 881.33691 867.19845 873.30827
2494 867.99004 881.36019 867.10778 872.46712
2495 867.22874 881.12695 867.78232 872.02669
2496 867.11488 880.61556 868.13620 874.24805
2497 866.95703 880.69271 868.31715 874.75098
2498 867.27928 880.64941 868.03935 874.30306
2499 867.09150 880.65755 867.67952 872.65820
2500 867.27441 880.23275 867.66116 873.97331
2501 867.15243 880.44759 867.69175 873.67741
2502 867.03307 879.90039 867.58356 873.28874
2503 866.91160 879.65397 867.23879 871.71745
2504 867.39113 879.62793 867.59683 873.97624
2505 867.52395 880.68555 867.37684 873.71322
2506 867.26396 880.12760 867.01456 872.59896
2507 867.43950 880.53703 866.84883 870.63216
2508 867.51139 880.08659 867.12659 872.63224
2509 867.48991 880.09896 867.38374 872.76758
2510 866.96975 879.31624 867.28753 872.57389
2511 867.07135 879.54460 867.48767 871.70508
2512 867.44573 879.28288 867.65572 873.04069
2513 867.26456 878.97819 867.66989 872.51400
2514 866.92781 878.62044 867.77392 872.26904
2515 867.62412 879.11458 867.86983 871.01074
2516 867.52891 878.94987 867.85123 872.52799
2517 867.04444 878.62272 867.78621 872.69368
2518 866.93476 878.32031 867.83810 871.99089
2519 867.47910 878.79753 868.00936 870.69792
2520 868.05029 879.16667 867.92639 872.11523
2521 867.58583 879.27181 867.90477 871.81999
2522 867.37607 878.50684 867.54517 870.90983
2523 867.37130 878.92057 867.73865 869.39429
2524 867.43008 878.27604 867.67487 871.22168
2525 867.29349 878.47917 867.36098 870.90853
2526 867.41858 878.25130 867.35334 870.36450
2527 867.14043 878.13118 867.52407 869.23730
2528 866.75088 877.14062 867.44921 872.05534
2529 867.10203 877.65983 867.54629 872.31217
2530 867.33233 877.52897 867.41027 871.71354
2531 867.09795 877.46712 867.07136 869.89209
2532 867.36384 877.85384 866.71263 870.76986
2533 866.80062 877.50065 867.05028 871.22233
2534 866.96555 877.19987 867.19496 871.04818
2535 867.97649 878.49357 867.15624 869.52930
2536 867.11635 877.41471 867.56119 871.66309
2537 867.60433 877.75765 867.33552 871.26050
2538 867.64499 877.88607 867.66626 870.44792
2539 867.24435 877.03385 867.63465 868.67904
2540 868.24848 877.91561 867.74303 869.93620
2541 867.64412 877.24512 867.47155 869.52507
2542 867.59890 876.72355 867.62028 869.81217
2543 867.62943 876.95085 867.66362 868.56364
2544 867.44843 876.11515 867.62345 869.80599
2545 868.02506 877.35156 867.78203 869.67839
2546 867.62548 876.25423 867.59814 869.74902
2547 867.32766 876.43229 867.33070 867.83512
2548 867.61390 876.29647 867.30268 868.81250
2549 867.87502 876.78288 867.36836 869.13607
2550 868.20358 876.75033 867.57217 869.36426
2551 867.54684 876.12826 867.94649 868.63379
2552 867.76705 876.00407 867.75484 869.20345
2553 867.53272 875.87516 867.73553 868.56453
2554 867.58727 875.55794 867.84969 868.61230
2555 867.87798 875.66960 867.43435 866.96029
2556 867.58654 875.50586 867.37108 868.75586
2557 867.63208 875.66471 867.45323 868.49756
2558 867.64687 875.59676 867.42940 867.86776
2559 867.43701 874.95703 867.45608 867.33398
2560 867.18207 874.01400 867.25805 870.38444
2561 867.50620 875.04590 867.30083 871.64551
2562 866.94660 874.26066 867.35153 871.65137
2563 866.99456 874.40202 867.47742 871.81478
2564 866.96314 873.88607 866.94715 870.23844
2565 866.97686 874.11263 867.07544 869.75944
2566 867.15135 873.48698 867.32856 870.44889
2567 867.74477 874.53092 867.24187 870.88704
2568 867.83179 874.19556 867.57141 868.99512
2569 867.75251 874.31250 867.52210 869.21566
2570 867.10457 872.96924 867.64797 869.42773
2571 867.29108 873.45898 867.83235 870.71549
2572 867.36975 873.43392 867.64444 868.77214
2573 867.17957 873.51440 867.33700 868.82048
2574 867.12249 873.23682 867.63126 869.03743
2575 867.30451 873.34408 867.52913 869.81356
2576 867.29122 873.19613 867.66900 868.31014
2577 867.72943 873.66439 867.63353 868.46777
2578 867.32053 873.24772 867.39981 868.51725
2579 867.47480 872.97852 867.37954 869.01530
2580 867.85188 873.41797 867.41087 867.18034
2581 867.56986 873.15885 867.18766 867.42546
2582 867.72709 873.05688 867.22652 867.46680
2583 867.52474 872.73112 867.21599 867.98584
2584 867.50344 872.29785 867.51577 866.50521
2585 867.77118 872.77572 867.26573 866.09440
2586 868.12726 872.56771 867.48078 866.37500
2587 867.62686 872.55143 867.86077 867.83138
2588 867.29495 871.55664 867.77576 865.84961
2589 867.16246 872.01465 867.54370 865.99316
2590 867.91958 871.89648 867.35636 866.67676
2591 867.17770 871.52669 867.25343 867.18066
2592 865.96820 870.09652 867.11086 865.75065
2593 866.95479 870.83724 866.99481 866.05135
2594 867.34805 870.96419 867.18298 866.57878
2595 867.40893 871.15763 867.32688 867.34310
2596 867.24885 871.10091 867.27838 865.02995
2597 866.72599 870.39518 867.49643 865.72624
2598 867.41262 870.58651 867.23415 866.13843
2599 866.91182 870.46354 867.13545 866.88997
2600 867.16260 870.36654 867.46431 865.36458
2601 867.56397 870.83854 867.47783 865.54329
2602 866.55637 869.79785 867.46234 865.58561
2603 867.19120 870.30859 867.42797 866.27702
2604 866.90311 869.81315 867.50547 864.43717
2605 867.43086 870.61068 866.98825 864.86328
2606 867.14934 869.86100 866.79030 865.59766
2607 866.83210 869.75098 867.14547 865.97005
2608 867.70620 869.98389 867.29278 864.33700
2609 867.87675 870.29753 867.04177 864.32731
2610 867.53486 869.50488 867.20862 864.86890
2611 866.96728 869.34180 867.19036 865.41243
2612 866.40285 868.01074 867.08641 862.97624
2613 867.21512 869.17122 867.30811 864.29655
2614 867.48443 868.78418 867.15448 864.26790
2615 867.64736 869.30176 867.40750 865.55339
2616 867.54750 868.76619 867.58627 863.07682
2617 867.79782 869.15983 867.66208 863.46191
2618 867.46370 868.90365 867.70959 864.56803
2619 867.06757 868.33993 867.37109 865.10059
2620 867.86401 869.10775 867.02289 862.61426
2621 867.80037 868.93652 867.46019 862.66764
2622 868.17637 868.69824 867.34609 862.46354
2623 867.63195 868.33952 867.48262 863.70996
2624 867.34808 867.35742 867.60165 863.64746
2625 867.29793 867.57731 867.69878 864.01693
2626 867.12606 866.96126 867.44211 864.10026
2627 867.47970 867.47949 867.20613 864.70508
2628 867.55605 867.31152 867.07842 862.26310
2629 867.18888 867.16829 867.39182 863.29427
2630 866.97322 866.74308 867.11196 863.37410
2631 867.35401 867.37077 867.52391 864.31852
2632 867.60833 866.88477 867.68440 862.54590
2633 867.30755 866.79004 867.80182 863.41211
2634 867.49033 866.32161 867.44130 863.59049
2635 866.89982 866.28678 867.43329 864.23340
2636 867.32892 866.01107 867.80238 862.17546
2637 867.30603 866.15007 867.58119 862.54818
2638 867.79539 866.22917 867.58757 863.23340
2639 867.14425 865.47721 867.68850 864.54492
2640 867.74767 865.64095 867.56005 862.03223
2641 867.42929 865.66276 867.59350 861.79102
2642 867.46181 865.81543 867.44391 861.77409
2643 867.42948 865.63444 867.26002 862.65397
2644 867.14269 865.21973 867.35836 860.95768
2645 867.22508 865.44368 867.37615 861.42220
2646 866.88647 864.62760 867.31648 861.95540
2647 867.07919 865.12305 867.19443 862.44857
2648 867.14175 864.58333 867.13201 860.62760
2649 867.47028 865.22884 867.40294 861.09505
2650 867.35810 864.31812 867.48290 861.43945
2651 867.91078 865.14583 867.53295 861.93783
2652 867.68304 864.40820 867.69537 859.78743
2653 868.03080 864.94889 867.19330 859.62695
2654 867.66885 864.18001 866.80829 860.00651
2655 867.23496 863.94010 866.89543 860.48999
2656 866.98616 863.47876 867.41987 860.62533
2657 867.43044 863.95443 867.48642 861.06836
2658 867.55061 863.83724 867.36693 861.83822
2659 867.68892 864.34831 867.59383 862.43099
2660 867.19176 863.62500 867.76640 860.11328
2661 867.08504 863.54427 867.53261 860.52832
2662 867.07039 863.18327 867.41660 860.93742
2663 867.41455 863.71387 867.33845 861.51953
2664 867.48608 863.27507 867.80563 860.00358
2665 867.37090 862.94759 867.86389 860.33236
2666 867.79407 862.85490 867.76107 860.55664
2667 867.18562 862.27165 867.48535 860.97070
2668 867.66917 862.58626 867.42114 859.18783
2669 866.76064 861.83057 867.73615 860.02930
2670 866.85295 861.28516 867.45630 860.69141
2671 867.19015 862.24837 867.48599 861.70687
2672 867.61054 862.10547 867.48232 859.06348
2673 868.14308 863.19661 867.08602 859.32617
2674 867.12702 861.24805 867.14153 859.73665
2675 867.02329 861.75358 867.41878 860.70605
2676 867.27281 861.29574 867.68980 858.70150
2677 867.31115 861.41927 867.90437 859.04199
2678 868.24685 861.71143 867.71901 859.73275
2679 867.72705 861.16309 867.50168 860.24552
2680 867.45098 860.59733 867.87891 857.89779
2681 867.41866 860.78125 867.55931 858.11458
2682 867.28191 860.32454 867.27310 858.49544
2683 867.74973 860.84351 867.28685 859.60677
2684 867.13742 860.22266 867.74082 856.89844
2685 867.61652 860.69173 868.00639 857.61230
2686 867.20997 859.90918 867.97245 858.05005
2687 867.43270 860.15299 867.71361 858.99056
2688 867.65085 860.20996 867.46901 858.24479
2689 867.46781 860.05859 867.58333 858.91634
2690 867.86902 860.11100 867.24341 859.10124
2691 867.90094 860.38314 867.09409 859.48177
2692 868.33677 860.24471 867.26782 857.59180
2693 867.56720 859.84115 867.54718 858.83887
2694 867.48968 859.21143 867.40469 859.21484
2695 867.11759 859.06128 867.34431 859.72754
2696 866.85701 858.41341 866.99152 856.37923
2697 867.15574 859.12077 867.37853 857.45247
2698 867.98177 859.22078 867.53698 858.85645
2699 867.69706 858.99992 867.69395 859.70524
2700 867.67245 858.69702 867.61498 857.20833
2701 867.31158 858.59733 867.78682 857.85514
2702 867.24198 858.41732 867.19582 858.37142
2703 867.43246 858.52799 867.31241 859.50684
2704 867.87254 858.50586 867.56333 857.14225
2705 867.39414 858.04883 867.59456 857.84603
2706 866.84235 857.57715 867.39181 858.04720
2707 867.35779 857.92806 867.64695 859.26359
2708 867.26352 857.41829 867.75265 856.23665
2709 867.25140 857.15885 867.57758 856.83626
2710 867.00307 856.58919 867.26740 857.30436
2711 866.92294 856.95573 867.28651 858.48079
2712 867.19016 856.80697 867.03743 855.36271
2713 867.55916 857.54915 867.19226 856.38436
2714 867.42445 856.91569 867.92366 857.46582
2715 867.39730 857.35840 867.63508 858.41203
2716 867.42467 856.55827 867.58042 855.15169
2717 867.42454 857.15039 867.73268 855.67415
2718 867.37643 856.41699 867.33296 855.40234
2719 867.10843 856.47526 866.87875 855.80176
2720 867.27747 855.94076 867.23685 854.78670
2721 867.79445 856.73926 867.85725 855.62891
2722 867.37872 856.05371 867.74167 856.29102
2723 867.61314 856.00000 867.69849 856.99089
2724 867.40906 855.91895 867.77716 854.22233
2725 867.13082 855.52376 867.33920 854.98893
2726 867.91647 855.92611 867.30554 855.65723
2727 867.39002 855.62793 867.66873 857.33105
2728 867.76264 855.84147 867.74638 854.43783
2729 867.19699 855.41341 867.31105 854.80827
2730 866.69069 854.79915 867.40804 855.14681
2731 867.52208 855.61816 867.23717 855.98340
2732 867.18716 855.09408 867.57534 853.86979
2733 867.54050 855.12533 867.90247 854.49837
2734 867.15656 854.46452 867.67528 855.26237
2735 867.18095 854.47103 867.21116 856.22428
2736 867.48346 854.40039 866.93616 853.86458
2737 867.25627 854.56868 867.51312 855.03776
2738 867.08575 853.70703 867.69505 855.48747
2739 867.15100 854.15251 867.64205 856.67301
2740 866.47642 852.71289 867.68755 854.24740
2741 867.54685 854.05632 867.53108 854.77897
2742 867.62534 853.79199 867.39109 855.11125
2743 867.13954 853.78548 867.22567 855.68066
2744 867.60941 853.48665 867.37287 853.12988
2745 868.05259 853.90299 867.59618 854.07251
2746 867.58553 853.58203 867.29709 854.50130
2747 867.26836 853.07487 867.50759 855.67285
2748 866.97311 852.81803 867.35230 852.53092
2749 867.05639 852.38802 867.48219 852.60124
2750 867.18749 852.26619 867.37115 852.58854
2751 867.82148 852.87077 867.22230 853.90983
2752 867.42222 851.97925 867.00012 852.69857
2753 867.28356 852.26237 867.43609 853.86361
2754 867.64059 852.41406 867.56984 854.61328
2755 867.60704 852.82975 867.80507 855.60840
2756 867.34667 852.18197 867.88460 853.27336
2757 867.18444 851.95117 867.67805 853.56217
2758 867.66917 852.10905 867.59559 853.82275
2759 867.63401 852.22070 867.58385 854.67334
2760 867.26835 851.17904 867.51650 851.85319
2761 867.18797 851.55078 867.44314 852.64421
2762 867.18229 850.77376 867.32026 853.08398
2763 867.06710 850.88477 867.20629 854.41927
2764 867.23942 850.61401 867.79348 852.02734
2765 867.41800 851.00651 867.91845 852.71322
2766 867.64872 851.05306 867.72734 853.57536
2767 867.13084 850.72982 867.20937 854.30924
2768 867.43527 850.74414 867.23592 851.20671
2769 867.21545 850.57747 867.41015 852.06519
2770 867.37055 850.64844 867.21060 852.51367
2771 867.20696 850.23438 867.11995 854.08203
2772 866.41107 849.80534 867.25406 850.72428
2773 866.81909 850.17546 867.49816 851.95117
2774 866.61856 849.53613 867.23935 852.31364
2775 866.47568 849.50879 867.27788 853.33545
2776 866.73998 849.24837 867.48831 850.91764
2777 867.05320 849.60286 867.34536 851.80339
2778 867.04759 848.80078 867.52066 852.61491
2779 867.15020 849.44971 867.57215 853.63574
2780 868.00055 849.33659 867.94747 850.41732
2781 867.44450 849.14518 868.07258 851.63151
2782 867.59824 848.90234 867.73550 851.62728
2783 867.42936 849.08659 867.65046 853.43490
2784 867.27705 848.68587 867.20036 850.67562
2785 868.01429 849.29004 867.26277 851.48730
2786 867.77150 848.77376 867.25829 852.30697
2787 867.94104 849.08431 867.57571 854.78434
2788 867.11216 847.89583 867.66285 850.86621
2789 867.28213 848.28914 867.65337 851.62533
2790 867.40809 847.85710 867.25878 851.92790
2791 867.52903 847.96159 867.40298 853.25228
2792 867.23573 847.34245 867.38458 849.89388
2793 866.90233 846.87858 867.48431 850.73112
2794 867.25195 847.23275 867.54153 851.56315
2795 867.79263 847.23047 867.55440 853.65592
2796 867.75433 847.10482 867.66858 849.61426
2797 867.66190 847.24902 867.20697 849.77116
2798 867.46357 846.81510 866.84210 851.25195
2799 867.39708 847.10059 866.88948 853.00098
2800 867.12744 846.21908 866.99582 849.06152
2801 868.00556 847.61523 867.20299 849.77767
2802 867.13948 846.06934 867.57631 850.79720
2803 867.14222 846.24642 867.66686 852.75358
2804 867.16569 845.45964 867.40087 848.50684
2805 866.84377 845.15495 867.41608 849.70768
2806 867.25537 845.40918 867.51636 850.26953
2807 867.15617 845.47534 867.54004 851.84359
2808 867.65758 845.51400 867.57117 847.55029
2809 867.79867 845.55436 867.48348 848.32129
2810 867.48307 844.81966 867.40189 850.42391
2811 867.76072 845.41797 867.45841 851.92122
2812 867.57549 845.29167 867.27788 847.28646
2813 867.39356 845.15202 867.12441 848.22038
2814 867.50664 844.95549 867.28089 849.59342
2815 867.17539 844.52962 867.29925 851.31836
2816 867.69594 844.42871 867.70558 845.75977
2817 867.47365 844.32625 867.93265 846.07194
2818 867.43769 844.00529 867.83538 844.78190
2819 867.62398 844.64290 867.93413 842.76204
2820 867.39142 843.60254 867.95942 845.27661
2821 867.55095 843.86621 867.93860 844.76530
2822 867.40844 843.41357 867.63308 844.24935
2823 867.62272 844.00334 867.34038 842.48861
2824 867.55102 843.46582 867.78526 845.48698
2825 867.51970 843.70605 867.96939 845.32381
2826 867.46536 843.02409 867.88884 844.17773
2827 867.79228 843.84961 867.65063 842.39274
2828 867.65288 843.21908 867.49325 844.91699
2829 867.63186 843.33268 867.77710 844.85970
2830 867.19997 842.55371 868.07655 844.22005
2831 867.23392 842.57747 867.62942 841.76009
2832 867.71340 842.63802 867.50580 844.28776
2833 867.50050 842.14486 868.01577 844.07072
2834 867.55362 842.09147 867.91816 843.19368
2835 867.76600 842.08203 867.64084 840.45085
2836 867.83756 842.02897 867.87909 843.67350
2837 867.72996 842.07845 867.60939 843.03743
2838 868.04011 841.88167 867.29332 841.66504
2839 867.99021 842.29785 867.49259 840.40788
2840 867.35983 841.32259 867.25335 843.04297
2841 867.14790 841.30111 867.28099 841.80957
2842 866.88090 840.62728 867.21930 840.70052
2843 866.96333 841.15202 867.11013 838.50423
2844 867.12172 840.57845 867.40941 841.96680
2845 867.30415 840.86654 867.51665 841.25684
2846 867.87107 840.47689 867.42090 840.10970
2847 867.64039 840.69336 867.44739 837.84375
2848 867.74470 840.39062 866.99826 841.35677
2849 867.55135 840.46615 867.12880 841.22754
2850 867.44539 840.01408 867.11010 839.94466
2851 867.72070 840.07585 866.90227 837.90462
2852 867.35716 839.66439 866.82323 840.78190
2853 867.07173 839.49837 866.98149 840.34440
2854 867.52958 839.75651 867.67630 840.32552
2855 867.34392 839.76888 867.71487 838.55990
2856 867.40640 839.46875 867.68279 841.20988
2857 867.38093 839.13477 867.69550 840.84993
2858 867.18384 838.84180 867.51675 839.12760
2859 867.62761 839.43188 867.35407 837.12793
2860 867.85960 838.90397 867.62401 839.68197
2861 867.84705 838.56836 867.54520 838.97884
2862 867.61115 837.99089 867.11555 838.15462
2863 866.66049 837.56868 867.47566 836.53743
2864 867.41203 837.81478 867.47205 839.62142
2865 867.10700 837.84603 867.37795 839.03019
2866 867.32861 837.69564 867.55398 838.15723
2867 867.34104 838.04769 867.60877 836.33496
2868 866.82495 836.57422 867.42086 839.71029
2869 867.65977 837.82227 867.13386 839.05762
2870 867.01322 836.86263 867.26330 837.66178
2871 867.10377 837.00944 867.59977 836.01042
2872 867.29576 836.75618 867.80783 838.77254
2873 866.83215 836.32520 867.72842 838.65234
2874 867.22770 836.51758 867.47944 837.44727
2875 867.23355 836.33854 867.08408 835.29492
2876 867.00690 836.18229 867.48679 838.01229
2877 867.29927 836.07682 867.59827 837.22428
2878 867.38657 836.04557 867.53429 836.21224
2879 867.52235 836.47656 867.45793 834.35213
2880 867.24249 835.73568 867.49997 838.40169
2881 867.10193 835.82682 867.27834 837.40137
2882 867.46045 835.69727 867.33390 836.42480
2883 867.01681 835.78361 867.78937 834.78516
2884 867.12550 835.40934 867.47586 836.95378
2885 867.69800 835.47038 867.41878 836.34993
2886 867.63839 835.16960 867.06000 834.53483
2887 867.47637 835.25553 867.27086 832.90430
2888 867.40818 834.62956 867.11564 836.32096
2889 867.21839 834.73055 867.19627 835.99870
2890 867.29750 834.10286 867.85545 835.43685
2891 867.15551 834.43685 867.63229 833.07357
2892 867.01334 833.73047 867.69796 836.10547
2893 868.09447 834.77409 867.74915 836.03711
2894 867.74211 834.53678 867.47726 834.75846
2895 867.66304 834.56413 867.53127 832.65299
2896 867.29915 834.02279 867.66436 835.12467
2897 867.20136 833.86589 867.35742 834.64779
2898 867.18593 833.90234 867.26738 833.80046
2899 867.17524 833.40332 867.28223 831.70866
2900 866.78839 832.90690 867.32919 835.01074
2901 866.97259 832.84367 867.31135 834.79232
2902 867.07223 832.37858 867.61162 833.83171
2903 867.03835 832.50920 867.50689 831.27637
2904 867.51828 832.37174 867.49681 833.49251
2905 867.16226 832.20215 867.55959 833.47591
2906 867.30215 831.77311 867.36494 832.65299
2907 867.02304 832.22786 867.20334 830.50586
2908 867.26779 831.93717 867.40877 832.83789
2909 867.57703 832.20369 867.64168 832.44564
2910 867.41461 831.82511 867.78804 831.94173
2911 866.96790 831.74056 867.06702 829.33268
2912 867.00408 831.53589 866.73470 832.05656
2913 867.02849 831.61100 866.81988 831.62044
2914 866.83617 830.91211 867.31039 831.27441
2915 866.89708 830.87036 867.37803 829.69499
2916 867.17799 830.76855 867.33481 832.23991
2917 867.09299 830.67415 867.38368 831.90918
2918 867.35587 830.31348 867.35156 830.64290
2919 867.51441 830.54069 867.63592 829.14518
2920 867.56748 830.38053 868.08965 832.19173
2921 867.18036 830.04427 867.93794 831.97298
2922 867.11960 830.18034 867.79409 830.82650
2923 867.46292 830.10701 867.33668 828.60482
2924 867.72394 830.12923 867.15301 831.14998
2925 867.06173 829.42090 867.11963 830.73885
2926 867.23847 829.10156 867.09074 830.50586
2927 866.71471 828.95833 867.26253 829.09538
2928 866.81565 828.69238 867.16599 831.01367
2929 867.55199 829.75358 867.29961 830.64144
2930 867.44525 828.56055 867.19050 829.37533
2931 867.46014 828.65894 867.11093 827.92936
2932 867.11203 828.06185 867.04610 830.31217
2933 867.36531 828.32780 867.31053 829.82194
2934 868.22400 828.77051 867.52658 828.70044
2935 867.15372 827.91732 867.45555 826.64355
2936 867.46353 827.80859 867.14089 828.24902
2937 867.17729 827.80428 867.18016 827.99479
2938 866.65899 827.04036 867.70098 827.51481
2939 867.38436 827.68587 867.69991 825.63900
2940 866.64566 826.72306 867.95130 828.27856
2941 867.11675 826.98177 867.53201 828.06120
2942 866.83013 826.50944 867.02674 827.07780
2943 867.09282 826.57910 867.26510 825.16919
2944 868.03324 826.94238 867.58027 828.52507
2945 867.51650 826.40234 867.72157 829.06868
2946 867.70237 826.15267 867.76019 828.44694
2947 867.38838 826.28003 867.59680 826.34505
2948 867.43189 825.68262 867.61619 827.94889
2949 867.30000 825.87174 867.37654 827.37695
2950 867.39570 825.34212 867.56604 827.03320
2951 867.51975 825.83757 867.50286 825.51660
2952 867.77101 825.60059 867.39829 827.14909
2953 867.80618 825.90430 867.17277 826.44141
2954 867.68117 825.11589 867.17860 825.78548
2955 867.64456 825.17017 867.27232 824.26888
2956 867.46805 824.58724 867.44639 827.04004
2957 867.36647 824.67253 867.80224 826.91374
2958 867.38206 824.09863 868.05735 826.16838
2959 866.82413 823.60221 867.85498 824.46712
2960 867.49315 823.73372 867.83891 826.01562
2961 867.79116 823.89355 867.29852 825.95671
2962 867.62981 823.57227 867.40159 825.33236
2963 867.05860 822.87012 867.60751 824.02393
2964 867.05339 822.88346 867.27625 825.49023
2965 866.95612 822.71045 867.46813 825.19336
2966 867.13024 822.18685 867.07549 824.42383
2967 866.58920 821.68880 867.11743 822.58333
2968 866.78784 821.37370 867.65864 825.56868
2969 867.31842 821.89486 867.57384 824.98079
2970 867.50904 821.54264 867.08848 823.46712
2971 867.82524 821.92741 866.94821 821.39844
2972 867.17358 820.26855 867.16403 823.55265
2973 867.38098 820.82812 867.15142 823.00879
2974 867.43513 820.16276 867.32943 822.00944
2975 866.99710 819.97461 867.22221 819.70052
2976 867.32084 819.63639 867.42289 823.41536
2977 867.41411 819.87988 867.67497 823.21517
2978 867.36080 819.32943 867.76961 821.86328
2979 867.03645 818.81478 867.47212 819.26367
2980 866.72870 818.18424 867.47385 821.85612
2981 866.46747 817.73958 867.13136 821.39421
2982 867.22337 817.87891 867.17831 820.13778
2983 867.28447 817.77995 867.52551 818.23641
2984 867.39385 817.21322 867.48787 820.47201
2985 867.32502 816.85384 866.95348 819.77311
2986 866.40161 815.58171 867.33606 818.68327
2987 867.07795 815.72852 867.62056 816.85384
2988 867.26306 815.58203 867.62694 819.00716
2989 867.29812 815.49349 867.80251 818.77474
2990 867.15081 814.96899 867.70268 818.04232
2991 866.65842 814.67969 867.68746 815.49479
2992 867.37559 814.86784 867.84305 818.30046
2993 867.07437 814.70321 867.84844 817.90951
2994 867.63714 814.28646 867.71335 816.35775
2995 867.62511 814.56022 867.49524 814.53060
2996 867.00518 813.11654 867.17722 816.61165
2997 867.99219 813.88802 867.38713 816.22160
2998 867.24526 812.44661 867.48832 815.26693
2999 867.27452 812.40332 867.22967 812.75391
3000 867.33490 811.82650 867.60898 815.93555
3001 866.82555 811.18066 867.86532 815.74902
3002 867.91451 811.74674 867.24912 813.98397
3003 867.32946 810.85905 867.15152 811.41146
3004 867.30887 810.61914 867.53727 814.39746
3005 866.97146 810.01921 867.69532 814.40299
3006 867.40785 810.18880 867.81065 813.27572
3007 867.18192 810.20345 867.75949 811.13029
3008 866.94493 809.57682 867.52972 814.32194
3009 866.90313 809.78906 867.40449 813.25065
3010 867.13346 809.16243 867.58113 812.40487
3011 866.85134 808.93294 867.67958 809.84961
3012 866.54352 807.89909 867.75833 812.31055
3013 867.04917 808.02507 867.54090 811.30892
3014 867.83856 808.11296 867.41065 809.75195
3015 867.59977 807.69401 867.47122 807.94076
3016 867.72213 807.12663 867.40661 810.22852
3017 867.27062 806.93099 867.44411 809.98926
3018 866.98807 805.84098 867.21933 808.48079
3019 866.91004 806.15047 867.04130 806.36165
3020 867.34226 805.94141 867.21303 808.73763
3021 867.52807 805.97933 867.28928 808.52767
3022 867.52800 805.62215 867.49826 808.21484
3023 867.26318 805.22493 867.45069 806.02531
3024 867.69206 804.98291 867.25327 808.16667
3025 867.87495 804.70898 866.65718 807.62207
3026 867.48289 804.06502 867.20647 807.35156
3027 867.13058 803.23958 867.46168 806.13477
3028 867.34856 802.66146 867.74558 808.16862
3029 867.41525 802.59570 867.74083 807.58301
3030 866.70148 801.61190 867.37979 806.37500
3031 866.98677 802.00326 867.54395 804.49414
3032 867.03390 801.30859 867.27887 805.93978
3033 866.88232 801.22396 867.33694 804.86263
3034 867.08066 800.57161 867.53260 803.89551
3035 867.09531 800.84701 867.34489 801.63086
3036 867.08751 800.07096 867.46177 803.78158
3037 867.01355 800.04460 867.66469 803.43262
3038 867.48668 799.58691 867.88470 801.76628
3039 867.33664 799.11068 867.57559 799.73079
3040 867.45055 798.40137 867.56256 801.84570
3041 867.42372 798.08301 867.27563 800.34831
3042 867.57098 797.19857 867.28845 798.56185
3043 867.60481 796.84017 867.24232 795.74707
3044 867.08472 795.88184 867.29432 796.81836
3045 866.76182 795.30143 867.52166 795.96126
3046 867.17333 794.94206 867.58121 793.77734
3047 866.78092 794.34538 867.65383 790.77344
3048 867.19730 794.09766 867.43275 790.54297
3049 867.07929 793.54427 867.41008 788.19857
3050 866.92283 793.03548 867.78198 785.18262
3051 867.27349 792.71484 867.66946 780.76888
3052 867.25216 792.41504 867.85897 780.03320
3053 867.09673 792.40007 867.68722 777.02018
3054 867.04398 792.32357 867.79846 773.91276
3055 867.39079 793.52051 867.74026 768.75098
3056 867.47451 793.15299 867.55503 766.27311
3057 867.97351 792.15332 867.68775 760.04590
3058 867.21222 786.26172 867.66897 754.15007
3059 867.19591 776.50716 867.87960 754.38932
3060 867.44214 746.49186 867.68419 747.90430
3061 867.70009 654.67188 867.44550 680.94010
3062 868.21104 577.67253 867.27828 551.91960
3063 867.59361 515.34538 867.02031 489.59961
3064 867.52711 469.75488 867.35769 460.40495
3065 866.94162 427.15495 867.79578 424.59310
3066 867.44153 383.93652 867.85387 380.18978
3067 868.69520 325.36784 867.67702 341.76139
3068 868.26354 239.67253 867.33347 276.48503
3069 867.73840 159.79427 867.85341 199.48633
3070 868.14514 131.06576 868.03180 127.68424
3071 867.70914 127.27246 868.01364 127.67057
